source_file,trial_id,joint_index,joint_name,direction,effort_mag,test_effort,duration,q_start,q_end,q_delta,qdot_fit,stop_reason,gravity_mean,command_mean,n_samples,exclude_reason,tau_hat,fit_error
hand_friction_sweep_joint0_joint_1_1_20260811_135549.csv,1,0,joint_1_1,1,0.05,0.05,4.907951593399048,-0.38781215979314,0.8740608893987601,1.2618730491919001,0.25710788404862367,upper_limit,-0.00046708927188750054,0.04953291072811244,901,,0.04623299941046616,0.003767000589533845
hand_friction_sweep_joint0_joint_1_1_20260811_135549.csv,2,0,joint_1_1,-1,0.05,-0.05,3.7002816200256348,0.8841837990603273,-0.3628539514896211,-1.2470377505499484,-0.33701157874067683,lower_limit,-0.00036948544775900296,-0.05036948544775897,680,,-0.04902657825927422,-0.0009734217407257814
hand_friction_sweep_joint0_joint_1_1_20260811_135549.csv,3,0,joint_1_1,1,0.05,0.05,4.80108380317688,-0.3621558197888233,0.8752826198751562,1.2374384396639795,0.2577414788813238,upper_limit,-0.0003241562535562219,0.049675843746443724,882,,0.04629275153302613,0.0037072484669738726
hand_friction_sweep_joint0_joint_1_1_20260811_135549.csv,4,0,joint_1_1,-1,0.05,-0.05,3.7434856891632076,0.8864527270879199,-0.3609340893124273,-1.2473868164003472,-0.33321532923481784,lower_limit,-0.00037386805888855383,-0.050373868058888535,688,,-0.04866856718652662,-0.0013314328134733794
hand_friction_sweep_joint0_joint_1_1_20260811_135549.csv,5,0,joint_1_1,1,0.05,0.05,4.818501234054565,-0.3647738136668148,0.8740608893987601,1.2388347030655749,0.25709959236082786,upper_limit,-0.00032657418085521464,0.04967342581914473,886,,0.04623221745026094,0.003767782549739064
hand_friction_sweep_joint0_joint_1_1_20260811_135549.csv,6,0,joint_1_1,-1,0.05,-0.05,3.771167516708374,0.8829620685839312,-0.3605850234620285,-1.2435470920459597,-0.32975122068599527,lower_limit,-0.0003679046384693804,-0.05036790463846935,694,,-0.04834187917095652,-0.0016581208290434857
hand_friction_sweep_joint0_joint_1_1_20260811_135549.csv,7,0,joint_1_1,1,0.05,0.05,4.829791784286499,-0.3637266161156182,0.87720248205235,1.2409290981679681,0.25693221438764147,upper_limit,-0.0003228395053829856,0.049677160494616956,888,,0.0462164326164026,0.0037835673835974054
hand_friction_sweep_joint0_joint_1_1_20260811_135549.csv,8,0,joint_1_1,-1,0.05,-0.05,3.792203426361084,0.891339648993504,-0.3609340893124273,-1.2522737383059312,-0.3302232495231897,lower_limit,-0.0003671181873893579,-0.05036711818738933,698,,-0.04838639456703651,-0.0016136054329634955
hand_friction_sweep_joint0_joint_1_1_20260811_135549.csv,9,0,joint_1_1,1,0.05,0.05,4.818122625350952,-0.3637266161156182,0.8740608893987601,1.2377875055143783,0.2569024497221504,upper_limit,-0.00032616488183349624,0.04967383511816645,886,,0.04621362561443765,0.003786374385562355
hand_friction_sweep_joint0_joint_1_1_20260811_135549.csv,10,0,joint_1_1,-1,0.05,-0.05,3.8394439220428467,0.8817403381075352,-0.3605850234620285,-1.2423253615695637,-0.3235690862515741,lower_limit,2.4925120253713467e-05,-0.04997507487974624,706,,-0.047758863598001924,-0.0022411364019980784
hand_friction_sweep_joint0_joint_1_1_20260811_135549.csv,11,0,joint_1_1,1,0.05,0.05,4.71776008605957,-0.3586651612848346,0.8745844881743584,1.233249649459193,0.26140575759740337,upper_limit,6.151770558273304e-05,0.050061517705582696,868,,0.04663831690009833,0.0033616830999016745
hand_friction_sweep_joint0_joint_1_1_20260811_135549.csv,12,0,joint_1_1,-1,0.05,-0.05,3.846602201461792,0.886103661237521,-0.3625048856392222,-1.2486085468767432,-0.3246003827487659,lower_limit,1.4693275368637677e-05,-0.04998530672463133,708,,-0.04785612157978385,-0.0021438784202161554
hand_friction_sweep_joint0_joint_1_1_20260811_135549.csv,13,0,joint_1_1,1,0.05,0.05,4.741076946258545,-0.3605850234620285,0.8765043503515522,1.2370893738135806,0.2609300350608818,upper_limit,6.444655277328568e-05,0.05006444655277325,872,,0.04659345316409588,0.00340654683590412
hand_friction_sweep_joint0_joint_1_1_20260811_135549.csv,14,0,joint_1_1,-1,0.05,-0.05,3.8614945411682124,0.884881930761125,-0.3621558197888233,-1.2470377505499481,-0.32294173596647985,lower_limit,1.701773499830954e-05,-0.04998298226500163,709,,-0.04769970037698379,-0.0023002996230162137
hand_friction_sweep_joint0_joint_1_1_20260811_135549.csv,15,0,joint_1_1,1,0.05,0.05,4.781482696533203,-0.3829252378875559,0.8740608893987601,1.256986127286316,0.2628862650068125,upper_limit,4.5778034508054435e-05,0.050045778034508014,879,,0.04677793839890532,0.003222061601094686
hand_friction_sweep_joint0_joint_1_1_20260811_135549.csv,16,0,joint_1_1,-1,0.05,-0.05,3.869891405105591,0.8813912722571363,-0.3621558197888233,-1.2435470920459597,-0.32133901494117745,lower_limit,1.6062843528336756e-05,-0.049983937156471626,710,,-0.04754855333759714,-0.0024514466624028647
hand_friction_sweep_joint0_joint_1_1_20260811_135549.csv,17,0,joint_1_1,1,0.05,0.05,4.790239334106445,-0.3820525732615587,0.875631685725555,1.2576842589871138,0.2625514449836394,upper_limit,4.332700798815288e-05,0.050043327007988116,882,,0.04674636268832872,0.0032536373116712827
hand_friction_sweep_joint0_joint_1_1_20260811_135549.csv,18,0,joint_1_1,-1,0.05,-0.05,3.8741683959960938,0.8852309966115238,-0.3602359576116296,-1.2454669542231533,-0.32147981887166505,lower_limit,2.2478825566769075e-05,-0.04997752117443319,714,,-0.047561832066016635,-0.002438167933983368
hand_friction_sweep_joint0_joint_1_1_20260811_135549.csv,19,0,joint_1_1,1,0.05,0.05,4.743771553039551,-0.3628539514896211,0.8745844881743584,1.2374384396639795,0.2608554028853047,upper_limit,6.757543731160636e-05,0.05006757543731157,873,,0.04658641486347875,0.0034135851365212494
hand_friction_sweep_joint0_joint_1_1_20260811_135549.csv,20,0,joint_1_1,-1,0.05,-0.05,3.87982439994812,0.8855800624619228,-0.3621558197888233,-1.247735882250746,-0.32159596765962667,lower_limit,2.0114325171903565e-05,-0.049979885674828056,715,,-0.047572785653791166,-0.0024272143462088364
hand_friction_sweep_joint0_joint_1_1_20260811_135549.csv,21,0,joint_1_1,1,0.1,0.1,1.5040788650512695,-0.3682644721708035,0.8798204759303414,1.248084948101145,0.8298002033680604,upper_limit,-9.799125488097067e-06,0.09999020087451185,277,,0.10024161798978355,-0.00024161798978354632
hand_friction_sweep_joint0_joint_1_1_20260811_135549.csv,22,0,joint_1_1,-1,0.1,-0.1,1.4412283897399902,0.9040805525330626,-0.3663446099936097,-1.2704251625266723,-0.8814877444621165,lower_limit,8.055999317248692e-05,-0.09991944000682747,266,,-0.10037422963850656,0.0003742296385065569
hand_friction_sweep_joint0_joint_1_1_20260811_135549.csv,23,0,joint_1_1,1,0.1,0.1,1.4974424839019775,-0.3775147172063734,0.8745844881743584,1.2520992053807318,0.836158462739791,upper_limit,-1.8880648283924432e-05,0.09998111935171602,276,,0.1008412432923269,-0.0008412432923268903
hand_friction_sweep_joint0_joint_1_1_20260811_135549.csv,24,0,joint_1_1,-1,0.1,-0.1,1.4325008392333984,0.9002408281786751,-0.3663446099936097,-1.2665854381722847,-0.8841777983530514,lower_limit,7.205081616299147e-05,-0.09992794918383698,264,,-0.10062791925446993,0.0006279192544699219
hand_friction_sweep_joint0_joint_1_1_20260811_135549.csv,25,0,joint_1_1,1,0.1,0.1,1.4905786514282227,-0.3736749928519859,0.8749335540247574,1.2486085468767434,0.8376669997791585,upper_limit,-9.454478814793373e-06,0.09999054552118518,275,,0.10098350816793898,-0.0009835081679389762
hand_friction_sweep_joint0_joint_1_1_20260811_135549.csv,26,0,joint_1_1,-1,0.1,-0.1,1.4304680824279785,0.9037314866826638,-0.3637266161156182,-1.2674581027982819,-0.8860443084105626,lower_limit,8.14096855939446e-05,-0.099918590314406,264,,-0.10080394331899795,0.0008039433189979406
hand_friction_sweep_joint0_joint_1_1_20260811_135549.csv,27,0,joint_1_1,1,0.1,0.1,1.4946324825286865,-0.3729768611511881,0.8779006137531477,1.2508774749043359,0.8369130803232946,upper_limit,-1.4781593577464749e-05,0.09998521840642251,276,,0.10091240864912639,-0.0009124086491263811
hand_friction_sweep_joint0_joint_1_1_20260811_135549.csv,28,0,joint_1_1,-1,0.1,-0.1,1.435133934020996,0.9040805525330626,-0.3647738136668148,-1.2688543661998775,-0.8841365506874803,lower_limit,7.405566977706287e-05,-0.0999259443302229,265,,-0.10062402933075004,0.0006240293307500366
hand_friction_sweep_joint0_joint_1_1_20260811_135549.csv,29,0,joint_1_1,1,0.1,0.1,1.4922661781311035,-0.3729768611511881,0.875631685725555,1.2486085468767432,0.8367197254584203,upper_limit,-1.282217468914921e-05,0.0999871778253108,276,,0.10089417402506183,-0.0008941740250618252
hand_friction_sweep_joint0_joint_1_1_20260811_135549.csv,30,0,joint_1_1,-1,0.1,-0.1,1.428922176361084,0.9063494805606552,-0.3640756819660171,-1.2704251625266723,-0.8890793239432796,lower_limit,7.40865895047177e-05,-0.09992591341049524,264,,-0.10109016506627683,0.0010901650662768214
hand_friction_sweep_joint0_joint_1_1_20260811_135549.csv,31,0,joint_1_1,1,0.1,0.1,1.4936084747314453,-0.373325927001587,0.8791223442295437,1.2524482712311307,0.8385385410030726,upper_limit,-1.582854125965654e-05,0.09998417145874029,274,,0.10106570018614949,-0.0010657001861494875
hand_friction_sweep_joint0_joint_1_1_20260811_135549.csv,32,0,joint_1_1,-1,0.1,-0.1,1.4306185245513914,0.906698546411054,-0.3647738136668148,-1.2714723600778688,-0.8887570923049335,lower_limit,7.720118189178447e-05,-0.09992279881810819,262,,-0.1010597765224418,0.0010597765224417965
hand_friction_sweep_joint0_joint_1_1_20260811_135549.csv,33,0,joint_1_1,1,0.1,0.1,1.4909768104553223,-0.3782128489071711,0.8765043503515522,1.2547171992587232,0.8415403851087068,upper_limit,-1.551546884626925e-05,0.09998448453115369,274,,0.10134879365163972,-0.0013487936516397153
hand_friction_sweep_joint0_joint_1_1_20260811_135549.csv,34,0,joint_1_1,-1,0.1,-0.1,1.4395787715911865,0.90792027688745,-0.3717551306747921,-1.279675407562242,-0.888923505136019,lower_limit,7.50669778317167e-05,-0.09992493302216823,265,,-0.10107547033710915,0.0010754703371091412
hand_friction_sweep_joint0_joint_1_1_20260811_135549.csv,35,0,joint_1_1,1,0.1,0.1,1.4831342697143555,-0.3787364476827695,0.8740608893987601,1.2527973370815295,0.8446958327804078,upper_limit,-1.9251913800605374e-05,0.09998074808619936,274,,0.1016463729346139,-0.0016463729346138933
hand_friction_sweep_joint0_joint_1_1_20260811_135549.csv,36,0,joint_1_1,-1,0.1,-0.1,1.4325571060180664,0.90181162450547,-0.3717551306747921,-1.273566755180262,-0.8890163958072613,lower_limit,6.67742447082876e-05,-0.09993322575529168,264,,-0.10108423053287824,0.0010842305328782331
hand_friction_sweep_joint0_joint_1_1_20260811_135549.csv,37,0,joint_1_1,1,0.1,0.1,1.4941537380218506,-0.3755948550291796,0.8794714100799426,1.2550662651091222,0.8399846904447312,upper_limit,-1.4885806050451422e-05,0.09998511419394951,275,,0.10120208150464885,-0.0012020815046488442
hand_friction_sweep_joint0_joint_1_1_20260811_135549.csv,38,0,joint_1_1,-1,0.1,-0.1,1.4342222213745117,0.90792027688745,-0.3686135380212023,-1.2765338149086523,-0.8900530168088345,lower_limit,7.603146162321978e-05,-0.09992396853837675,264,,-0.101181990650129,0.001181990650129
hand_friction_sweep_joint0_joint_1_1_20260811_135549.csv,39,0,joint_1_1,1,0.1,0.1,1.4892475605010986,-0.3771656513559746,0.8765043503515522,1.2536700017075266,0.8418143732165622,upper_limit,-1.544861658694748e-05,0.09998455138341301,274,,0.10137463251609317,-0.0013746325160931688
hand_friction_sweep_joint0_joint_1_1_20260811_135549.csv,40,0,joint_1_1,-1,0.1,-0.1,1.422304391860962,0.9047786842338604,-0.3640756819660171,-1.2688543661998775,-0.8921116840113892,lower_limit,7.702378703334531e-05,-0.09992297621296661,262,,-0.10137613638593468,0.0013761363859346731
hand_friction_sweep_joint0_joint_1_1_20260811_135549.csv,41,0,joint_1_1,1,0.15,0.15,0.9171862602233886,-0.373325927001587,0.891339648993504,1.264665575995091,1.3788535991447048,upper_limit,-4.164987736704627e-05,0.1499583501226329,170,,0.15202093199807842,-0.002020931998078429
hand_friction_sweep_joint0_joint_1_1_20260811_135549.csv,42,0,joint_1_1,-1,0.15,-0.15,0.9111039638519287,0.9297368925373792,-0.365646478292812,-1.2953833708301912,-1.421773389453407,lower_limit,0.00012814893284207216,-0.1498718510671579,168,,-0.15132668759864032,0.0013266875986403248
hand_friction_sweep_joint0_joint_1_1_20260811_135549.csv,43,0,joint_1_1,1,0.15,0.15,0.9194312095642089,-0.3886848244191371,0.8902924514423074,1.2789772758614446,1.391052710150717,upper_limit,-5.479974646158313e-05,0.14994520025353839,170,,0.15317138768100677,-0.0031713876810067765
hand_friction_sweep_joint0_joint_1_1_20260811_135549.csv,44,0,joint_1_1,-1,0.15,-0.15,0.9107348918914794,0.9265952998837894,-0.3717551306747921,-1.2983504305585816,-1.4256074321058179,lower_limit,0.00011555558363150154,-0.14988444441636847,168,,-0.15168826281144737,0.0016882628114473774
hand_friction_sweep_joint0_joint_1_1_20260811_135549.csv,45,0,joint_1_1,1,0.15,0.15,0.9111213684082032,-0.3839724354387525,0.8775515479027488,1.2615239833415013,1.3845839062533212,upper_limit,-5.002338111048211e-05,0.14994997661888948,168,,0.15256133730915258,-0.0025613373091525893
hand_friction_sweep_joint0_joint_1_1_20260811_135549.csv,46,0,joint_1_1,-1,0.15,-0.15,0.9082119464874268,0.9197885158010116,-0.3752457891787808,-1.2950343049797923,-1.4259163953837297,lower_limit,0.00010638314320218171,-0.14989361685679775,168,,-0.1517174000624089,0.0017174000624089192
hand_friction_sweep_joint0_joint_1_1_20260811_135549.csv,47,0,joint_1_1,1,0.15,0.15,0.9213862419128418,-0.3874630939427411,0.8868017929383187,1.2742648868810598,1.3829866660865535,upper_limit,-5.164603815466195e-05,0.1499483539618453,170,,0.15241070715045058,-0.0024107071504505806
hand_friction_sweep_joint0_joint_1_1_20260811_135549.csv,48,0,joint_1_1,-1,0.15,-0.15,0.9100065231323242,0.9285151620609832,-0.3691371367968006,-1.2976522988577837,-1.4259813153768919,lower_limit,0.00012839403948277644,-0.14987160596051718,168,,-0.1517235224409193,0.0017235224409193062
hand_friction_sweep_joint0_joint_1_1_20260811_135549.csv,49,0,joint_1_1,1,0.15,0.15,0.918442964553833,-0.38781215979314,0.8880235234147148,1.2758356832078548,1.389128919755663,upper_limit,-5.104409323102209e-05,0.1499489559067689,170,,0.15298996170728935,-0.0029899617072893514
hand_friction_sweep_joint0_joint_1_1_20260811_135549.csv,50,0,joint_1_1,-1,0.15,-0.15,0.9084899425506593,0.9281660962105844,-0.3666936758440086,-1.294859772054593,-1.4252879546681265,lower_limit,0.0001260396700322739,-0.14987396032996766,168,,-0.15165813400668626,0.0016581340066862682
hand_friction_sweep_joint0_joint_1_1_20260811_135549.csv,51,0,joint_1_1,1,0.15,0.15,0.9209396839141845,-0.3855432317655473,0.8803440747059398,1.265887306471487,1.3745604935723952,upper_limit,-5.34026686219408e-05,0.149946597331378,170,,0.15161606415970555,-0.0016160641597055547
hand_friction_sweep_joint0_joint_1_1_20260811_135549.csv,52,0,joint_1_1,-1,0.15,-0.15,0.9101340770721437,0.9278170303601856,-0.3701843343479972,-1.2980013647081827,-1.4261649985503113,lower_limit,0.0001252787703212193,-0.14987472122967874,168,,-0.1517408449614386,0.0017408449614386146
hand_friction_sweep_joint0_joint_1_1_20260811_135549.csv,53,0,joint_1_1,1,0.15,0.15,0.9177863597869873,-0.3871140280923422,0.8833111344343301,1.2704251625266723,1.3842275481426094,upper_limit,-4.6852565453668126e-05,0.1499531474345463,170,,0.1525277304165336,-0.002527730416533619
hand_friction_sweep_joint0_joint_1_1_20260811_135549.csv,54,0,joint_1_1,-1,0.15,-0.15,0.8986690044403076,0.9258971681829916,-0.3602359576116296,-1.2861331257946211,-1.4311533161151215,lower_limit,0.0001266305200960791,-0.14987336947990387,166,,-0.15221127582216762,0.0022112758221676243
hand_friction_sweep_joint0_joint_1_1_20260811_135549.csv,55,0,joint_1_1,1,0.15,0.15,0.9223530292510985,-0.3862413634663451,0.884881930761125,1.2711232942274702,1.3781309909715964,upper_limit,-4.633764283475272e-05,0.1499536623571652,170,,0.15195278533731985,-0.0019527853373198512
hand_friction_sweep_joint0_joint_1_1_20260811_135549.csv,56,0,joint_1_1,-1,0.15,-0.15,0.9094688892364501,0.9309586230137752,-0.3637266161156182,-1.2946852391293935,-1.4235618771042888,lower_limit,0.00012857916102050962,-0.14987142083897945,168,,-0.1514953536416651,0.0014953536416651148
hand_friction_sweep_joint0_joint_1_1_20260811_135549.csv,57,0,joint_1_1,1,0.15,0.15,0.9200243949890136,-0.3886848244191371,0.8852309966115238,1.273915821030661,1.3846543939151454,upper_limit,-5.613354063047074e-05,0.14994386645936947,170,,0.15256798475510847,-0.002567984755108471
hand_friction_sweep_joint0_joint_1_1_20260811_135549.csv,58,0,joint_1_1,-1,0.15,-0.15,0.9083828926086426,0.925199036482194,-0.3605850234620285,-1.2857840599442225,-1.4154648556312863,lower_limit,0.00013164142399372614,-0.14986835857600622,168,,-0.15073175173954145,0.0007317517395414586
hand_friction_sweep_joint0_joint_1_1_20260811_135549.csv,59,0,joint_1_1,1,0.15,0.15,0.9205353260040284,-0.3851941659151485,0.8841837990603273,1.2693779649754757,1.3789562758940994,upper_limit,-5.031228867695802e-05,0.14994968771132297,170,,0.15203061508480395,-0.002030615084803955
hand_friction_sweep_joint0_joint_1_1_20260811_135549.csv,60,0,joint_1_1,-1,0.15,-0.15,0.9078752994537352,0.9278170303601856,-0.3625048856392222,-1.2903219159994077,-1.4212545674232893,lower_limit,0.00013960429015877145,-0.14986039570984117,168,,-0.15127775929946483,0.0012777592994648312
hand_friction_sweep_joint0_joint_1_1_20260811_135549.csv,61,0,joint_1_1,1,0.2,0.2,0.6701974868774414,-0.3871140280923422,0.8887216551155125,1.2758356832078546,1.9036712434601621,upper_limit,-8.00309716928103e-05,0.19991996902830714,124,,0.2015146566724603,-0.001514656672460285
hand_friction_sweep_joint0_joint_1_1_20260811_135549.csv,62,0,joint_1_1,-1,0.2,-0.2,0.6703681945800781,0.9419541973013396,-0.3647738136668148,-1.3067280109681543,-1.9492691054453963,lower_limit,0.0001710479283773049,-0.19982895207162266,124,,-0.20107297188806608,0.001072971888066071
hand_friction_sweep_joint0_joint_1_1_20260811_135549.csv,63,0,joint_1_1,1,0.2,0.2,0.6723613739013672,-0.3874630939427411,0.8941321757966949,1.281595269739436,1.906110790248104,upper_limit,-7.78432653344336e-05,0.19992215673466554,124,,0.20174472183578035,-0.0017447218357803385
hand_friction_sweep_joint0_joint_1_1_20260811_135549.csv,64,0,joint_1_1,-1,0.2,-0.2,0.6701884269714355,0.9428268619273368,-0.3694862026471995,-1.3123130645745362,-1.9581255237498587,lower_limit,0.00015838702100290375,-0.199841612978997,124,,-0.20190818986122314,0.0019081898612231252
hand_friction_sweep_joint0_joint_1_1_20260811_135549.csv,65,0,joint_1_1,1,0.2,0.2,0.6613399982452393,-0.3916518841475275,0.87720248205235,1.2688543661998775,1.9186112583037185,upper_limit,-0.00010178175485262293,0.1998982182451473,123,,0.20292359745276245,-0.0029235974527624387
hand_friction_sweep_joint0_joint_1_1_20260811_135549.csv,66,0,joint_1_1,-1,0.2,-0.2,0.6644775867462158,0.9370672753957554,-0.3602359576116296,-1.297303233007385,-1.9523656762599948,lower_limit,0.00016890685774140159,-0.1998310931422586,123,,-0.20136499869965005,0.0013649986996500385
hand_friction_sweep_joint0_joint_1_1_20260811_135549.csv,67,0,joint_1_1,1,0.2,0.2,0.669532299041748,-0.389033890269536,0.8909905831431052,1.2800244734126411,1.9118188551092237,upper_limit,-9.605279866190086e-05,0.19990394720133808,124,,0.2022830295579383,-0.0022830295579382986
hand_friction_sweep_joint0_joint_1_1_20260811_135549.csv,68,0,joint_1_1,-1,0.2,-0.2,0.6794700622558594,0.9435249936281344,-0.3743731245527836,-1.317898118180918,-1.9395970350856369,lower_limit,0.0001714444508157817,-0.19982855554918416,126,,-0.20016083260959044,0.00016083260959043333
hand_friction_sweep_joint0_joint_1_1_20260811_135549.csv,69,0,joint_1_1,1,0.2,0.2,0.6740698814392091,-0.3909537524467298,0.8916887148439029,1.2826424672906327,1.902833078006776,upper_limit,-9.252166716302999e-05,0.19990747833283692,125,,0.20143561220695727,-0.0014356122069572597
hand_friction_sweep_joint0_joint_1_1_20260811_135549.csv,70,0,joint_1_1,-1,0.2,-0.2,0.6690518856048584,0.9435249936281344,-0.3625048856392222,-1.3060298792673566,-1.9520606807447172,lower_limit,0.00018297921982178997,-0.19981702078017818,124,,-0.2013362356345672,0.0013362356345671955
hand_friction_sweep_joint0_joint_1_1_20260811_135549.csv,71,0,joint_1_1,1,0.2,0.2,0.6692483425140381,-0.3935717463247212,0.8909905831431052,1.2845623294678263,1.919410550412953,upper_limit,-9.459356926667565e-05,0.19990540643073332,124,,0.20299897590853153,-0.002998975908531515
hand_friction_sweep_joint0_joint_1_1_20260811_135549.csv,72,0,joint_1_1,-1,0.2,-0.2,0.6691529750823975,0.9409069997501428,-0.3691371367968006,-1.3100441365469435,-1.9577647941946736,lower_limit,0.00017811632941174536,-0.1998218836705882,124,,-0.2018741707128968,0.0018741707128967777
hand_friction_sweep_joint0_joint_1_1_20260811_135549.csv,73,0,joint_1_1,1,0.2,0.2,0.6677584648132324,-0.3893829561199349,0.8964011038242876,1.2857840599442225,1.9255226667981629,upper_limit,-8.262049836737934e-05,0.19991737950163263,122,,0.20357538832306063,-0.0035753883230606187
hand_friction_sweep_joint0_joint_1_1_20260811_135549.csv,74,0,joint_1_1,-1,0.2,-0.2,0.6722676753997803,0.9466665862817244,-0.372104196525191,-1.3187707828069155,-1.9616751348674863,lower_limit,0.00017670018602421178,-0.19982329981397573,124,,-0.2022429413263461,0.0022429413263460873
hand_friction_sweep_joint0_joint_1_1_20260811_135549.csv,75,0,joint_1_1,1,0.2,0.2,0.6661059856414795,-0.3886848244191371,0.8855800624619228,1.2742648868810598,1.9130062097458942,upper_limit,-9.382277692205203e-05,0.1999061772230779,122,,0.2023950048394761,-0.002395004839476078
hand_friction_sweep_joint0_joint_1_1_20260811_135549.csv,76,0,joint_1_1,-1,0.2,-0.2,0.6758215427398682,0.9400343351241458,-0.3790855135331683,-1.3191198486573141,-1.9518759986688663,lower_limit,0.00016226857415113367,-0.19983773142584885,122,,-0.2013188189110377,0.0013188189110376891
hand_friction_sweep_joint0_joint_1_1_20260811_135549.csv,77,0,joint_1_1,1,0.2,0.2,0.6732387542724609,-0.3932226804743224,0.8955284391982904,1.2887511196726127,1.914255695314671,upper_limit,-8.784470784599362e-05,0.199912155292154,122,,0.2025128394728873,-0.0025128394728873016
hand_friction_sweep_joint0_joint_1_1_20260811_135549.csv,78,0,joint_1_1,-1,0.2,-0.2,0.6686797142028809,0.9463175204313252,-0.3701843343479972,-1.3165018547793224,-1.9688078265522033,lower_limit,0.00018230706574810866,-0.19981769293425186,121,,-0.2029156006438336,0.002915600643833588
hand_friction_sweep_joint0_joint_1_1_20260811_135549.csv,79,0,joint_1_1,1,0.2,0.2,0.6693756580352783,-0.3900810878207326,0.8836602002847289,1.2737412881054615,1.9028796055179096,upper_limit,-9.103183753754771e-05,0.1999089681624624,122,,0.20144000005452828,-0.0014400000545282676
hand_friction_sweep_joint0_joint_1_1_20260811_135549.csv,80,0,joint_1_1,-1,0.2,-0.2,0.6711423397064209,0.9454448558053282,-0.3694862026471995,-1.3149310584525278,-1.959243189794464,lower_limit,0.00017910656640817002,-0.19982089343359177,124,,-0.20201359305429176,0.0020135930542917457
hand_friction_sweep_joint0_joint_1_1_20260811_135549.csv,81,0,joint_1_1,1,0.25,0.25,0.5319318771362306,-0.3928736146239235,0.8993681635526779,1.2922417781766014,2.4293369766325386,upper_limit,-0.00010962064983834745,0.24989037935016162,99,,0.2510883616539802,-0.0010883616539801855
hand_friction_sweep_joint0_joint_1_1_20260811_135549.csv,82,0,joint_1_1,-1,0.25,-0.25,0.5330171585083008,0.948586448458918,-0.3672172746196069,-1.315803723078525,-2.468595432764166,lower_limit,0.0002063651307970404,-0.24979363486920295,99,,-0.2500488295766908,4.88295766907787e-05
hand_friction_sweep_joint0_joint_1_1_20260811_135549.csv,83,0,joint_1_1,1,0.25,0.25,0.5276443958282471,-0.3935717463247212,0.8806931405563386,1.2742648868810598,2.4150069572535444,upper_limit,-0.00013679841169484191,0.24986320158830513,98,,0.24973694742199945,0.00026305257800054993
hand_friction_sweep_joint0_joint_1_1_20260811_135549.csv,84,0,joint_1_1,-1,0.25,-0.25,0.5313744544982911,0.9463175204313252,-0.373325927001587,-1.3196434474329122,-2.4834529327889547,lower_limit,0.0002198258730504161,-0.24978017412694956,99,,-0.25144998867174306,0.0014499886717430632
hand_friction_sweep_joint0_joint_1_1_20260811_135549.csv,85,0,joint_1_1,1,0.25,0.25,0.5279467105865479,-0.3886848244191371,0.8960520379738887,1.2847368623930258,2.433459356088582,upper_limit,-0.0001292965310148508,0.24987070346898507,98,,0.25147712890677876,-0.0014771289067787574
hand_friction_sweep_joint0_joint_1_1_20260811_135549.csv,86,0,joint_1_1,-1,0.25,-0.25,0.538320779800415,0.9457939216557272,-0.3778637830567723,-1.3236577047124995,-2.458864220703596,lower_limit,0.0002239839005282146,-0.24977601609947175,100,,-0.24913111285033704,-0.0008688871496629613
hand_friction_sweep_joint0_joint_1_1_20260811_135549.csv,87,0,joint_1_1,1,0.25,0.25,0.5290768146514893,-0.3855432317655473,0.8874999246391165,1.2730431564046638,2.4061594104123354,upper_limit,-0.00012874800073057482,0.24987125199926938,98,,0.24890256608565228,0.0010974339143477174
hand_friction_sweep_joint0_joint_1_1_20260811_135549.csv,88,0,joint_1_1,-1,0.25,-0.25,0.5375638008117676,0.9466665862817244,-0.3851941659151485,-1.3318607521968728,-2.4775863817199903,lower_limit,0.0002669085647706379,-0.2497330914352293,100,,-0.25089673466715595,0.0008967346671559517
hand_friction_sweep_joint0_joint_1_1_20260811_135549.csv,89,0,joint_1_1,1,0.25,0.25,0.5318429470062256,-0.3906046865963309,0.8916887148439029,1.2822934014402338,2.4110377107722063,upper_limit,-0.00011109282641466896,0.24988890717358533,98,,0.24936262160685208,0.0006373783931479249
hand_friction_sweep_joint0_joint_1_1_20260811_135549.csv,90,0,joint_1_1,-1,0.25,-0.25,0.5315909385681153,0.9492845801597156,-0.3605850234620285,-1.309869603621744,-2.4640555520942238,lower_limit,0.0002865909728277561,-0.24971340902717218,99,,-0.24962068923810568,-0.0003793107618943192
hand_friction_sweep_joint0_joint_1_1_20260811_135549.csv,91,0,joint_1_1,1,0.25,0.25,0.5280439853668213,-0.3897320219703337,0.8871508587887176,1.2768828807590513,2.418137344888091,upper_limit,-0.00012978341727427382,0.24987021658272565,98,,0.25003216338012607,-3.216338012607123e-05
hand_friction_sweep_joint0_joint_1_1_20260811_135549.csv,92,0,joint_1_1,-1,0.25,-0.25,0.5384397506713867,0.9463175204313252,-0.3817035074111598,-1.328021027842485,-2.46642456502619,lower_limit,0.00026837149097752035,-0.24973162850902242,100,,-0.24984410259906026,-0.0001558974009397418
hand_friction_sweep_joint0_joint_1_1_20260811_135549.csv,93,0,joint_1_1,1,0.25,0.25,0.5278878211975098,-0.3920009499979264,0.8883725892651136,1.28037353926304,2.425465198947992,upper_limit,-0.00012588924556681703,0.2498741107544331,98,,0.2507232277816819,-0.0007232277816818788
hand_friction_sweep_joint0_joint_1_1_20260811_135549.csv,94,0,joint_1_1,-1,0.25,-0.25,0.5330851078033447,0.9492845801597156,-0.3755948550291796,-1.3248794351888953,-2.4853056590686897,lower_limit,0.0002808501875813863,-0.24971914981241858,98,,-0.2516247128361827,0.0016247128361827068
hand_friction_sweep_joint0_joint_1_1_20260811_135549.csv,95,0,joint_1_1,1,0.25,0.25,0.528599739074707,-0.3963642731279122,0.8845328649107261,1.2808971380386382,2.4231891227960083,upper_limit,-0.00013886698530739863,0.24986113301469257,98,,0.2505085789648511,-0.0005085789648511252
hand_friction_sweep_joint0_joint_1_1_20260811_135549.csv,96,0,joint_1_1,-1,0.25,-0.25,0.5361363887786865,0.9499827118605136,-0.3836233695883536,-1.3336060814488673,-2.48743810224635,lower_limit,0.0002633980760714788,-0.24973660192392855,100,,-0.25182581612732025,0.0018258161273202456
hand_friction_sweep_joint0_joint_1_1_20260811_135549.csv,97,0,joint_1_1,1,0.25,0.25,0.5249979496002197,-0.396713338978311,0.8791223442295437,1.2758356832078548,2.4301726972065127,upper_limit,-0.00013783271090441108,0.24986216728909552,96,,0.25116717555141865,-0.0011671755514186533
hand_friction_sweep_joint0_joint_1_1_20260811_135549.csv,98,0,joint_1_1,-1,0.25,-0.25,0.5288054943084717,0.9477137838329208,-0.372104196525191,-1.3198179803581118,-2.4958477068852343,lower_limit,0.0002732497790598601,-0.24972675022094004,98,,-0.2526188966594358,0.002618896659435821
hand_friction_sweep_joint0_joint_1_1_20260811_135549.csv,99,0,joint_1_1,1,0.25,0.25,0.5214660167694092,-0.38781215979314,0.8768534162019511,1.264665575995091,2.4252118744572435,upper_limit,-0.00013094617176987505,0.24986905382823013,96,,0.25069933763100916,-0.0006993376310091559
hand_friction_sweep_joint0_joint_1_1_20260811_135549.csv,100,0,joint_1_1,-1,0.25,-0.25,0.5344996452331543,0.9447467241045304,-0.3762929867299774,-1.3210397108345078,-2.4715445980478745,lower_limit,0.000271875336303572,-0.24972812466369637,98,,-0.25032695508590747,0.00032695508590746547
hand_friction_sweep_joint0_joint_1_1_20260811_135549.csv,101,0,joint_1_1,1,0.3,0.3,0.4327254295349121,-0.3925245487735246,0.8759807515759539,1.2685053003494784,2.9314322981037932,upper_limit,-0.0001538674233217517,0.29984613257667825,80,,0.2984392231777142,0.001560776822285781
hand_friction_sweep_joint0_joint_1_1_20260811_135549.csv,102,0,joint_1_1,-1,0.3,-0.3,0.4453389644622803,0.955393232541696,-0.3614576880880256,-1.3168509206297214,-2.9569631802142866,lower_limit,0.0003156380482985682,-0.29968436195170134,82,,-0.29610509139249125,-0.0038949086075087402
hand_friction_sweep_joint0_joint_1_1_20260811_135549.csv,103,0,joint_1_1,1,0.3,0.3,0.44135403633117676,-0.3963642731279122,0.8925613794699,1.288925652597812,2.920389407361502,upper_limit,-0.00014646526419608263,0.2998535347358039,82,,0.2973978066020174,0.002602193397982566
hand_friction_sweep_joint0_joint_1_1_20260811_135549.csv,104,0,joint_1_1,-1,0.3,-0.3,0.4536895751953125,0.9592329568960836,-0.395491608501915,-1.3547245653979987,-2.986016517604118,lower_limit,0.00029618185761651965,-0.2997038181423834,84,,-0.29884501048099643,-0.0011549895190035575
hand_friction_sweep_joint0_joint_1_1_20260811_135549.csv,105,0,joint_1_1,1,0.3,0.3,0.4412779808044433,-0.3928736146239235,0.8948303074974927,1.2877039221214162,2.9181241261436854,upper_limit,-0.00014839965881531376,0.29985160034118463,82,,0.2971841758178412,0.0028158241821588104
hand_friction_sweep_joint0_joint_1_1_20260811_135549.csv,106,0,joint_1_1,-1,0.3,-0.3,0.4434010982513428,0.955044166691297,-0.3614576880880256,-1.3165018547793226,-2.96909921958078,lower_limit,0.00031884635326864217,-0.2996811536467313,82,,-0.2972495990087055,-0.002750400991294477
hand_friction_sweep_joint0_joint_1_1_20260811_135549.csv,107,0,joint_1_1,1,0.3,0.3,0.4420366287231445,-0.3944444109507184,0.8944812416470937,1.288925652597812,2.9158797458051593,upper_limit,-0.00013333588703059307,0.2998666641129694,82,,0.29697251612281605,0.003027483877183934
hand_friction_sweep_joint0_joint_1_1_20260811_135549.csv,108,0,joint_1_1,-1,0.3,-0.3,0.4524660110473632,0.956614963018092,-0.3947934768011173,-1.3514084398192092,-2.9867623353431214,lower_limit,0.0003047121271157311,-0.29969528787288424,84,,-0.2989153459551012,-0.0010846540448987696
hand_friction_sweep_joint0_joint_1_1_20260811_135549.csv,109,0,joint_1_1,1,0.3,0.3,0.4415163993835449,-0.3951425426515161,0.8897688526667091,1.2849113953182252,2.910223486856314,upper_limit,-0.00015745643469723244,0.29984254356530277,82,,0.2964390940358619,0.003560905964138106
hand_friction_sweep_joint0_joint_1_1_20260811_135549.csv,110,0,joint_1_1,-1,0.3,-0.3,0.45344901084899897,0.9524261728133055,-0.3858922976159462,-1.3383184704292517,-2.9514199797756735,lower_limit,0.0002949901051689967,-0.2997050098948309,84,,-0.2955823314599789,-0.004417668540021069
hand_friction_sweep_joint0_joint_1_1_20260811_135549.csv,111,0,joint_1_1,1,0.3,0.3,0.4364249706268311,-0.3944444109507184,0.8749335540247574,1.2693779649754757,2.9085823461299336,upper_limit,-0.00015890080601801556,0.29984109919398194,81,,0.29628432376824,0.003715676231760001
hand_friction_sweep_joint0_joint_1_1_20260811_135549.csv,112,0,joint_1_1,-1,0.3,-0.3,0.44169545173645014,0.9527752386637044,-0.3605850234620285,-1.313360262125733,-2.9734520855093294,lower_limit,0.0003250716098727893,-0.2996749283901271,82,,-0.297660102638196,-0.002339897361804011
hand_friction_sweep_joint0_joint_1_1_20260811_135549.csv,113,0,joint_1_1,1,0.3,0.3,0.43515491485595703,-0.3944444109507184,0.8841837990603273,1.2786282100110458,2.9383287798422115,upper_limit,-0.00015571608334715464,0.2998442839166528,81,,0.29908960635762505,0.0009103936423749404
hand_friction_sweep_joint0_joint_1_1_20260811_135549.csv,114,0,joint_1_1,-1,0.3,-0.3,0.4517016410827636,0.955393232541696,-0.3759439208795785,-1.3313371534212743,-2.9473817058312135,lower_limit,0.00030121725248862587,-0.2996987827475114,84,,-0.295201495905131,-0.004798504094868983
hand_friction_sweep_joint0_joint_1_1_20260811_135549.csv,115,0,joint_1_1,1,0.3,0.3,0.441556453704834,-0.3916518841475275,0.9089674744386468,1.3006193585861743,2.945533572600879,upper_limit,-0.00014566161919478976,0.2998543383808052,82,,0.2997690652763483,0.00023093472365171008
hand_friction_sweep_joint0_joint_1_1_20260811_135549.csv,116,0,joint_1_1,-1,0.3,-0.3,0.4525618553161621,0.9543460349904992,-0.3804817769347638,-1.334827811925263,-2.9494925306790276,lower_limit,0.0002982646343137142,-0.29970173536568623,84,,-0.29540056044685353,-0.004599439553146456
hand_friction_sweep_joint0_joint_1_1_20260811_135549.csv,117,0,joint_1_1,1,0.3,0.3,0.44168090820312494,-0.3944444109507184,0.8944812416470937,1.288925652597812,2.9182281340651635,upper_limit,-0.00015332214342104564,0.29984667785657887,82,,0.2971939844427709,0.0028060155572290912
hand_friction_sweep_joint0_joint_1_1_20260811_135549.csv,118,0,joint_1_1,-1,0.3,-0.3,0.4504003524780273,0.9573130947188896,-0.3897320219703337,-1.3470451166892232,-2.990772785318676,lower_limit,0.0003051384507637402,-0.29969486154923625,84,,-0.2992935575283218,-0.0007064424716781703
hand_friction_sweep_joint0_joint_1_1_20260811_135549.csv,119,0,joint_1_1,1,0.3,0.3,0.4429390430450439,-0.3916518841475275,0.8944812416470937,1.2861331257946214,2.9036345880754304,upper_limit,-0.00014748240189264305,0.29985251759810727,82,,0.2958177179337039,0.004182282066296061
hand_friction_sweep_joint0_joint_1_1_20260811_135549.csv,120,0,joint_1_1,-1,0.3,-0.3,0.4523768424987793,0.953822436214901,-0.3874630939427411,-1.341285530157642,-2.9649738981969693,lower_limit,0.0002946728298012493,-0.2997053271701987,84,,-0.2968605543129427,-0.003139445687057263
hand_friction_sweep_joint1_joint_1_2_20260811_142927.csv,1,1,joint_1_2,1,0.05,0.05,6.2329699993133545,-1.8860027897050724,-0.0853466004225227,1.8006561892825497,0.2888921636845543,upper_limit,0.0001994700511497217,0.050199470051149706,1143,,0.04814151561223497,0.0018584843877650359
hand_friction_sweep_joint1_joint_1_2_20260811_142927.csv,2,1,joint_1_2,-1,0.05,-0.05,6.926900863647462,-0.0750491578357561,-1.746027383695127,-1.6709782258593708,-0.24123027869919486,lower_limit,0.00015596505034807062,-0.04984403494965185,1272,,-0.04793693663437323,-0.0020630633656267758
hand_friction_sweep_joint1_joint_1_2_20260811_142927.csv,3,1,joint_1_2,1,0.05,0.05,5.753551006317139,-1.7489944434235174,-0.0872664625997164,1.661727980823801,0.28881780642933363,upper_limit,0.00011183396345801542,0.050111833963457975,1056,,0.048134675094920726,0.001865324905079277
hand_friction_sweep_joint1_joint_1_2_20260811_142927.csv,4,1,joint_1_2,-1,0.05,-0.05,7.187711000442505,-0.0841248699461266,-1.746725515395925,-1.6626006454497984,-0.23131156015419121,lower_limit,0.0001125547175536453,-0.0498874452824463,1320,,-0.04702446123784552,-0.002975538762154485
hand_friction_sweep_joint1_joint_1_2_20260811_142927.csv,5,1,joint_1_2,1,0.05,0.05,5.770612478256226,-1.7544049641047,-0.0856956662729215,1.6687092978317783,0.28917368894887774,upper_limit,0.00011018347507213494,0.0501101834750721,1060,,0.04816741461078307,0.0018325853892169341
hand_friction_sweep_joint1_joint_1_2_20260811_142927.csv,6,1,joint_1_2,-1,0.05,-0.05,7.235721111297607,-0.0811578102177363,-1.746376449545526,-1.6652186393277897,-0.23013858794637265,lower_limit,0.00010979132986369428,-0.04989020867013626,1328,,-0.046916553318532256,-0.003083446681467747
hand_friction_sweep_joint1_joint_1_2_20260811_142927.csv,7,1,joint_1_2,1,0.05,0.05,5.74405574798584,-1.7517869702267084,-0.0860447321233204,1.665742238103388,0.289994093230638,upper_limit,0.00010460043312450009,0.05010460043312446,1056,,0.04824288794122547,0.001757112058774532
hand_friction_sweep_joint1_joint_1_2_20260811_142927.csv,8,1,joint_1_2,-1,0.05,-0.05,7.349205732345581,-0.0815068760681351,-1.746376449545526,-1.664869573477391,-0.22653734758708807,lower_limit,0.00011141450485495308,-0.04988858549514501,1350,,-0.04658525616457832,-0.003414743835421681
hand_friction_sweep_joint1_joint_1_2_20260811_142927.csv,9,1,joint_1_2,1,0.05,0.05,5.751108884811401,-1.7498671080495147,-0.0872664625997164,1.6626006454497984,0.28909218704599793,upper_limit,0.00010994856813128892,0.05010994856813125,1056,,0.04815991681953004,0.0018400831804699647
hand_friction_sweep_joint1_joint_1_2_20260811_142927.csv,10,1,joint_1_2,-1,0.05,-0.05,7.334792137145996,-0.0788888821901436,-1.746027383695127,-1.6671385015049833,-0.2272918537202985,lower_limit,0.00010975731045141269,-0.04989024268954854,1348,,-0.04665466717568424,-0.003345332824315761
hand_friction_sweep_joint1_joint_1_2_20260811_142927.csv,11,1,joint_1_2,1,0.05,0.05,5.748548746109009,-1.7493435092739162,-0.0869173967493176,1.6624261125245987,0.28919057416879984,upper_limit,0.0001062666272266679,0.050106266627226635,1056,,0.048168967971499374,0.0018310320285006287
hand_friction_sweep_joint1_joint_1_2_20260811_142927.csv,12,1,joint_1_2,-1,0.05,-0.05,7.406321287155151,-0.0780162175641465,-1.746027383695127,-1.6680111661309804,-0.22521452978603926,lower_limit,9.078733668456506e-05,-0.04990921266331539,1360,,-0.04646356315634653,-0.0035364368436534704
hand_friction_sweep_joint1_joint_1_2_20260811_142927.csv,13,1,joint_1_2,1,0.05,0.05,5.750088214874268,-1.75126337145111,-0.0860447321233204,1.6652186393277897,0.28959879867933497,upper_limit,8.533820466360945e-05,0.05008533820466357,1056,,0.048206522704041965,0.0017934772959580375
hand_friction_sweep_joint1_joint_1_2_20260811_142927.csv,14,1,joint_1_2,-1,0.05,-0.05,7.417941808700561,-0.0769690200129499,-1.746027383695127,-1.6690583636821772,-0.2250028925441995,lower_limit,8.583303597279632e-05,-0.04991416696402715,1360,,-0.046444093526747554,-0.0035559064732524487
hand_friction_sweep_joint1_joint_1_2_20260811_142927.csv,15,1,joint_1_2,1,0.05,0.05,5.767892599105835,-1.7594664189354834,-0.0860447321233204,1.673421686812163,0.2901270538691349,upper_limit,6.503180307606319e-05,0.05006503180307603,1060,,0.04825511969382382,0.0017448803061761858
hand_friction_sweep_joint1_joint_1_2_20260811_142927.csv,16,1,joint_1_2,-1,0.05,-0.05,7.506013631820679,-0.075398223686155,-1.746376449545526,-1.670978225859371,-0.22261859727718802,lower_limit,6.287669515725907e-05,-0.04993712330484269,1378,,-0.04622474959039789,-0.00377525040960211
hand_friction_sweep_joint1_joint_1_2_20260811_142927.csv,17,1,joint_1_2,1,0.05,0.05,5.81267523765564,-1.7521360360771072,-0.0869173967493176,1.6652186393277897,0.2864805913360134,upper_limit,5.9791305350967185e-05,0.05005979130535093,1068,,0.047919662312838895,0.0020803376871611073
hand_friction_sweep_joint1_joint_1_2_20260811_142927.csv,19,1,joint_1_2,1,0.05,0.05,6.290067911148071,-1.8844319933782772,-0.0860447321233204,1.7983872612549567,0.285909037336087,upper_limit,6.021239893597507e-05,0.05006021239893594,1155,,0.04786708203642985,0.0021329179635701523
hand_friction_sweep_joint1_joint_1_2_20260811_142927.csv,20,1,joint_1_2,-1,0.05,-0.05,7.606863737106323,-0.0795870138909414,-1.746376449545526,-1.6667894356545847,-0.21911651020169806,lower_limit,3.390860360677967e-05,-0.049966091396393165,1398,,-0.045902574071616596,-0.004097425928383407
hand_friction_sweep_joint1_joint_1_2_20260811_142927.csv,21,1,joint_1_2,1,0.1,0.1,1.9261517524719234,-1.7489944434235174,-0.0841248699461266,1.6648695734773908,0.8643501589845055,upper_limit,3.452798708259305e-05,0.10003452798708258,354,,0.10108094121080359,-0.0010809412108035849
hand_friction_sweep_joint1_joint_1_2_20260811_142927.csv,22,1,joint_1_2,-1,0.1,-0.1,2.077641725540161,-0.0534070751110264,-1.7521360360771072,-1.6987289609660807,-0.8176236259042363,lower_limit,3.2985255390973794e-06,-0.09999670147446087,382,,-0.10096241020341483,0.0009624102034148235
hand_friction_sweep_joint1_joint_1_2_20260811_142927.csv,23,1,joint_1_2,1,0.1,0.1,1.9592943191528323,-1.7784905077822215,-0.0802851455917391,1.6982053621904825,0.8667433706053715,upper_limit,4.854852283562445e-05,0.10004854852283558,360,,0.10130110540971862,-0.001301105409718617
hand_friction_sweep_joint1_joint_1_2_20260811_142927.csv,24,1,joint_1_2,-1,0.1,-0.1,2.0845460891723633,-0.0478220215046446,-1.7521360360771072,-1.7043140145724627,-0.8175947864262066,lower_limit,2.3242731736968298e-06,-0.09999767572682627,384,,-0.10095975710724808,0.0009597571072480771
hand_friction_sweep_joint1_joint_1_2_20260811_142927.csv,25,1,joint_1_2,1,0.1,0.1,1.962775707244873,-1.7800613041090163,-0.0792379480405425,1.7008233560684738,0.8665398444613425,upper_limit,5.6283342496719546e-05,0.1000562833424967,361,,0.10128238196292114,-0.0012823819629211308
hand_friction_sweep_joint1_joint_1_2_20260811_142927.csv,26,1,joint_1_2,-1,0.1,-0.1,2.0882830619812007,-0.0396189740202712,-1.754055898254301,-1.7144369242340298,-0.8209791840228332,lower_limit,9.111700949883451e-07,-0.09999908882990498,384,,-0.10127110574820179,0.0012711057482017868
hand_friction_sweep_joint1_joint_1_2_20260811_142927.csv,27,1,joint_1_2,1,0.1,0.1,1.9543077945709229,-1.783901028463404,-0.08307767239493,1.700823356068474,0.8702945159372388,upper_limit,5.8817068760917075e-05,0.1000588170687609,360,,0.10162779405705961,-0.0016277940570596089
hand_friction_sweep_joint1_joint_1_2_20260811_142927.csv,28,1,joint_1_2,-1,0.1,-0.1,2.0857796669006348,-0.0443313630006559,-1.7517869702267084,-1.7074556072260525,-0.8186174380361311,lower_limit,1.5762804644781346e-06,-0.09999842371953549,384,,-0.10105383623945065,0.0010538362394506423
hand_friction_sweep_joint1_joint_1_2_20260811_142927.csv,29,1,joint_1_2,1,0.1,0.1,1.9565911293029785,-1.7832028967626063,-0.0808087443673374,1.702394152395269,0.8700817083852029,upper_limit,5.340475688454628e-05,0.10005340475688453,360,,0.10160821676443385,-0.0016082167644338452
hand_friction_sweep_joint1_joint_1_2_20260811_142927.csv,30,1,joint_1_2,-1,0.1,-0.1,2.0922183990478516,-0.0396189740202712,-1.7537068324039022,-1.714087858383631,-0.8192681314549647,lower_limit,1.5506149696631463e-07,-0.09999984493850297,385,,-0.10111369696971276,0.001113696969712752
hand_friction_sweep_joint1_joint_1_2_20260811_142927.csv,31,1,joint_1_2,1,0.1,0.1,1.9571006298065186,-1.7797122382586177,-0.0802851455917391,1.6994270926668786,0.868339147606777,upper_limit,4.170733360831355e-05,0.10004170733360829,360,,0.10144790937895322,-0.0014479093789532133
hand_friction_sweep_joint1_joint_1_2_20260811_142927.csv,32,1,joint_1_2,-1,0.1,-0.1,2.0962162017822266,-0.0385717764690746,-1.752485101927506,-1.7139133254584316,-0.8176224017356812,lower_limit,-1.4718781487361353e-06,-0.10000147187814869,386,,-0.10096229758567266,0.0009622975856726501
hand_friction_sweep_joint1_joint_1_2_20260811_142927.csv,33,1,joint_1_2,1,0.1,0.1,1.9560308456420898,-1.7842500943138029,-0.081855941918534,1.7023941523952688,0.8703309337826103,upper_limit,4.449536361664795e-05,0.10004449536361662,360,,0.10163114432733346,-0.001631144327333453
hand_friction_sweep_joint1_joint_1_2_20260811_142927.csv,34,1,joint_1_2,-1,0.1,-0.1,2.073866128921509,-0.0534070751110264,-1.7474236470967226,-1.694016571985696,-0.816839885835182,lower_limit,-2.8663440032793142e-06,-0.10000286634400324,380,,-0.10089030980788084,0.0008903098078808375
hand_friction_sweep_joint1_joint_1_2_20260811_142927.csv,35,1,joint_1_2,1,0.1,0.1,1.9440290927886965,-1.7793631724082188,-0.0844739357965255,1.6948892366116934,0.8718435556848516,upper_limit,3.733999787998558e-05,0.10003733999787995,356,,0.10177029841904216,-0.0017702984190421517
hand_friction_sweep_joint1_joint_1_2_20260811_142927.csv,36,1,joint_1_2,-1,0.1,-0.1,2.0793497562408447,-0.0481710873550434,-1.7505652397503124,-1.702394152395269,-0.8187146713946502,lower_limit,-1.289072051136395e-06,-0.10000128907205111,383,,-0.10106278125053932,0.0010627812505393103
hand_friction_sweep_joint1_joint_1_2_20260811_142927.csv,37,1,joint_1_2,1,0.1,0.1,1.943864583969116,-1.772032789549843,-0.0849975345721238,1.687035254977719,0.867876944150613,upper_limit,1.9977113485362917e-05,0.10001997711348531,358,,0.1014053888376125,-0.0014053888376125007
hand_friction_sweep_joint1_joint_1_2_20260811_142927.csv,38,1,joint_1_2,-1,0.1,-0.1,2.0773415565490723,-0.0568977336150151,-1.7521360360771072,-1.695238302462092,-0.8160614209625985,lower_limit,-2.252462676776259e-05,-0.10002252462676772,382,,-0.10081869470558001,0.0008186947055800059
hand_friction_sweep_joint1_joint_1_2_20260811_142927.csv,39,1,joint_1_2,1,0.1,0.1,1.9489808082580566,-1.7819811662862104,-0.0822050077689329,1.6997761585172775,0.8721359139685366,upper_limit,1.7154349630677073e-05,0.10001715434963063,358,,0.10179719400435625,-0.0017971940043562395
hand_friction_sweep_joint1_joint_1_2_20260811_142927.csv,40,1,joint_1_2,-1,0.1,-0.1,2.081595182418823,-0.0478220215046446,-1.7517869702267084,-1.7039649487220638,-0.8185861319788649,lower_limit,-1.9760359403241093e-05,-0.10001976035940323,382,,-0.10105095622960986,0.0010509562296098507
hand_friction_sweep_joint1_joint_1_2_20260811_142927.csv,41,1,joint_1_2,1,0.15,0.15,1.2036995887756348,-1.7777923760814238,-0.0773180858633487,1.7004742902180752,1.4127065474432403,upper_limit,3.270937380975638e-05,0.15003270937380966,222,,0.15152714660791444,-0.001527146607914448
hand_friction_sweep_joint1_joint_1_2_20260811_142927.csv,42,1,joint_1_2,-1,0.15,-0.15,1.2867896556854248,-0.0171042266695444,-1.7613862811126773,-1.7442820544431328,-1.3555300563199033,lower_limit,-3.997433648234426e-05,-0.1500399743364823,237,,-0.15044726867190963,0.0004472686719096397
hand_friction_sweep_joint1_joint_1_2_20260811_142927.csv,43,1,joint_1_2,1,0.15,0.15,1.2306735515594482,-1.818458547652892,-0.0808087443673374,1.7376498032855547,1.411950229273792,upper_limit,-1.908417759209822e-06,0.14999809158224073,226,,0.15145756889800793,-0.0014575688980079382
hand_friction_sweep_joint1_joint_1_2_20260811_142927.csv,44,1,joint_1_2,-1,0.15,-0.15,1.2770462036132812,-0.0277507351067098,-1.7589428201598851,-1.7311920850531752,-1.3556221224846299,lower_limit,-4.9346348125605835e-05,-0.15004934634812556,235,,-0.15045573832550294,0.00045573832550294124
hand_friction_sweep_joint1_joint_1_2_20260811_142927.csv,45,1,joint_1_2,1,0.15,0.15,1.2304670810699463,-1.817236817176496,-0.0764454212373516,1.7407913959391446,1.4147403231831674,upper_limit,-4.033576421840808e-05,0.14995966423578155,226,,0.15171424439845244,-0.0017142443984524414
hand_friction_sweep_joint1_joint_1_2_20260811_142927.csv,46,1,joint_1_2,-1,0.15,-0.15,1.2791187763214111,-0.0216420827247296,-1.7570229579826917,-1.735380875257962,-1.3567003372811903,lower_limit,-8.75240364502265e-05,-0.1500875240364502,234,,-0.15055492900921572,0.0005549290092157211
hand_friction_sweep_joint1_joint_1_2_20260811_142927.csv,47,1,joint_1_2,1,0.15,0.15,1.2254621982574463,-1.812349895270912,-0.08307767239493,1.729272222875982,1.4111183725903023,upper_limit,-6.0639035441448245e-05,0.1499393609645585,224,,0.1513810420005385,-0.0013810420005385127
hand_friction_sweep_joint1_joint_1_2_20260811_142927.csv,48,1,joint_1_2,-1,0.15,-0.15,1.2702441215515137,-0.0219911485751285,-1.75126337145111,-1.7292722228759816,-1.3613699867107414,lower_limit,-9.788135340860351e-05,-0.15009788135340857,234,,-0.1509845147662409,0.000984514766240896
hand_friction_sweep_joint1_joint_1_2_20260811_142927.csv,49,1,joint_1_2,1,0.15,0.15,1.2209153175354004,-1.8062412428889316,-0.0795870138909414,1.7266542289979903,1.4142293115656042,upper_limit,-4.424223583214981e-05,0.14995575776416775,224,,0.15166723373611227,-0.0016672337361122724
hand_friction_sweep_joint1_joint_1_2_20260811_142927.csv,50,1,joint_1_2,-1,0.15,-0.15,1.2755703926086426,-0.0289724655831058,-1.7570229579826917,-1.7280504923995859,-1.3547276594164166,lower_limit,-0.00010081612775975104,-0.15010081612775972,234,,-0.15037345193546733,0.00037345193546733935
hand_friction_sweep_joint1_joint_1_2_20260811_142927.csv,51,1,joint_1_2,1,0.15,0.15,1.2359449863433838,-1.818458547652892,-0.0722566310325652,1.7462019166203269,1.4128476072277039,upper_limit,-3.732023834498638e-05,0.14996267976165492,228,,0.15154012344380088,-0.0015401234438008893
hand_friction_sweep_joint1_joint_1_2_20260811_142927.csv,52,1,joint_1_2,-1,0.15,-0.15,1.2699933052062988,-0.0097738438111682,-1.7455037849195287,-1.7357299411083604,-1.3667236937334932,lower_limit,-0.0001027368919069828,-0.15010273689190698,234,,-0.1514770306004501,0.0014770306004500966
hand_friction_sweep_joint1_joint_1_2_20260811_142927.csv,53,1,joint_1_2,1,0.15,0.15,1.2210028171539307,-1.8053685782629345,-0.0811578102177363,1.7242107680451981,1.4121267730276077,upper_limit,-0.00016204646461450093,0.14983795353538543,225,,0.1514738100919723,-0.0014738100919723107
hand_friction_sweep_joint1_joint_1_2_20260811_142927.csv,54,1,joint_1_2,-1,0.15,-0.15,1.271371841430664,-0.0186750229963393,-1.7563248262818936,-1.7376498032855543,-1.3667518397530274,lower_limit,-0.0001983309276198697,-0.15019833092761983,234,,-0.1514796199017009,0.001479619901700896
hand_friction_sweep_joint1_joint_1_2_20260811_142927.csv,55,1,joint_1_2,1,0.15,0.15,1.2349305152893066,-1.8142697574481053,-0.0783652834145453,1.73590447403356,1.4056697543237002,upper_limit,-0.00019975758483861252,0.14980024241516127,228,,0.1508797947788548,-0.0008797947788548033
hand_friction_sweep_joint1_joint_1_2_20260811_142927.csv,56,1,joint_1_2,-1,0.15,-0.15,1.2686760425567627,-0.020594885173533,-1.752485101927506,-1.7318902167539731,-1.3651161988238503,lower_limit,-0.00024120866802984872,-0.15024120866802987,234,,-0.15132914863884006,0.0013291486388400664
hand_friction_sweep_joint1_joint_1_2_20260811_142927.csv,57,1,joint_1_2,1,0.15,0.15,1.2234642505645752,-1.811128164794516,-0.0825540736193317,1.7285740911751843,1.4128521453548994,upper_limit,-0.00016593021003153438,0.14983406978996844,225,,0.15154054093013178,-0.001540540930131784
hand_friction_sweep_joint1_joint_1_2_20260811_142927.csv,58,1,joint_1_2,-1,0.15,-0.15,1.2606580257415771,-0.0267035375555132,-1.7470745812463238,-1.7203710436908106,-1.3646611599357479,lower_limit,-0.00020848567007536751,-0.15020848567007536,232,,-0.15128728720402135,0.0012872872040213534
hand_friction_sweep_joint1_joint_1_2_20260811_142927.csv,59,1,joint_1_2,1,0.15,0.15,1.2158565521240234,-1.8037977819361397,-0.08307767239493,1.7207201095412097,1.4152328303328399,upper_limit,-0.00014312854667152965,0.14985687145332838,222,,0.1517595527368886,-0.0017595527368886033
hand_friction_sweep_joint1_joint_1_2_20260811_142927.csv,60,1,joint_1_2,-1,0.15,-0.15,1.2716708183288574,-0.0167551608191455,-1.752485101927506,-1.7357299411083607,-1.3649207924652529,lower_limit,-0.00018066897208125532,-0.15018066897208124,234,,-0.15131117217406428,0.00131117217406429
hand_friction_sweep_joint1_joint_1_2_20260811_142927.csv,61,1,joint_1_2,1,0.2,0.2,0.8888473510742188,-1.8034487160857409,-0.0837758040957278,1.7196729119900132,1.9347224356484811,upper_limit,-0.00013096329907670535,0.19986903670092326,164,,0.1995501500254054,0.00044984997459460163
hand_friction_sweep_joint1_joint_1_2_20260811_142927.csv,62,1,joint_1_2,-1,0.2,-0.2,0.9236352443695068,-0.0017453292519943,-1.7598154847858822,-1.758070155533888,-1.9034247190664366,lower_limit,-0.0001765725895897781,-0.20017657258958976,170,,-0.2008509974778745,0.0008509974778744822
hand_friction_sweep_joint1_joint_1_2_20260811_142927.csv,63,1,joint_1_2,1,0.2,0.2,0.9117851257324218,-1.8469074144603996,-0.0722566310325652,1.7746507834278344,1.9463475914923345,upper_limit,-0.00013244552775002234,0.1998675544722499,168,,0.20061960961740682,-0.0006196096174068133
hand_friction_sweep_joint1_joint_1_2_20260811_142927.csv,64,1,joint_1_2,-1,0.2,-0.2,0.9333221912384033,0.0185004900711398,-1.7566738921322924,-1.7751743822034323,-1.9019952583019537,lower_limit,-0.00016946893129029408,-0.20016946893129034,172,,-0.20071949381921395,0.0007194938192139344
hand_friction_sweep_joint1_joint_1_2_20260811_142927.csv,65,1,joint_1_2,1,0.2,0.2,0.9096417427062987,-1.8437658218068096,-0.0811578102177363,1.7626080115890732,1.9376947306145962,upper_limit,-0.00012092719245191507,0.19987907280754802,168,,0.1998235871650417,0.00017641283495831162
hand_friction_sweep_joint1_joint_1_2_20260811_142927.csv,66,1,joint_1_2,-1,0.2,-0.2,0.9209380149841307,0.0169296937443449,-1.7486453775731186,-1.7655750713174634,-1.9171486490845826,lower_limit,-0.00017010645424065453,-0.20017010645424063,170,,-0.2021135344102824,0.0021135344102823916
hand_friction_sweep_joint1_joint_1_2_20260811_142927.csv,67,1,joint_1_2,1,0.2,0.2,0.9006891250610352,-1.8299777207160544,-0.0692895713041748,1.7606881494118796,1.9548233684875085,upper_limit,-6.893054653787367e-05,0.19993106945346212,166,,0.20139934118650632,-0.0013993411865063088
hand_friction_sweep_joint1_joint_1_2_20260811_142927.csv,68,1,joint_1_2,-1,0.2,-0.2,0.9211974143981935,0.0127409035395586,-1.7517869702267084,-1.764527873766267,-1.9154720217262124,lower_limit,-0.00012051193805517148,-0.20012051193805516,170,,-0.20195929258895068,0.0019592925889506674
hand_friction_sweep_joint1_joint_1_2_20260811_142927.csv,69,1,joint_1_2,1,0.2,0.2,0.893951177597046,-1.8277087926884616,-0.0757472895365539,1.7519615031519078,1.9597955090357464,upper_limit,-6.105869860938052e-05,0.1999389413013906,165,,0.2018567547019478,-0.0018567547019477937
hand_friction_sweep_joint1_joint_1_2_20260811_142927.csv,70,1,joint_1_2,-1,0.2,-0.2,0.9254915714263917,0.001221730476396,-1.7582446884590874,-1.7594664189354834,-1.9011155511916202,lower_limit,-0.00010955630831362838,-0.20010955630831365,171,,-0.20063856490781398,0.000638564907813971
hand_friction_sweep_joint1_joint_1_2_20260811_142927.csv,71,1,joint_1_2,1,0.2,0.2,0.8979926109313965,-1.846034749834402,-0.0849975345721238,1.7610372152622782,1.9610820777642404,upper_limit,-5.540434165072808e-05,0.19994459565834924,166,,0.2019751129662101,-0.0019751129662100853
hand_friction_sweep_joint1_joint_1_2_20260811_142927.csv,72,1,joint_1_2,-1,0.2,-0.2,0.9153304100036621,0.0038397243543875,-1.7531832336283035,-1.757022957982691,-1.9195505128860095,lower_limit,-0.000130942562249256,-0.20013094256224928,170,,-0.20233449456906386,0.002334494569063844
hand_friction_sweep_joint1_joint_1_2_20260811_142927.csv,73,1,joint_1_2,1,0.2,0.2,0.9095942974090575,-1.8498744741887896,-0.0696386371545737,1.780235837034216,1.9571756794266912,upper_limit,-6.686347380787091e-05,0.19993313652619213,168,,0.20161574271531757,-0.0016157427153175585
hand_friction_sweep_joint1_joint_1_2_20260811_142927.csv,74,1,joint_1_2,-1,0.2,-0.2,0.9197444915771484,0.0176278254451427,-1.7531832336283035,-1.7708110590734463,-1.9253293444975312,lower_limit,-0.0001363581600085168,-0.20013635816000852,170,,-0.20286611986342673,0.0028661198634267193
hand_friction_sweep_joint1_joint_1_2_20260811_142927.csv,75,1,joint_1_2,1,0.2,0.2,0.8996078968048096,-1.8364354389484332,-0.066147978650585,1.7702874602978482,1.9678433977574925,upper_limit,-5.1066524698537415e-05,0.19994893347530138,166,,0.2025971225649199,-0.002597122564919896
hand_friction_sweep_joint1_joint_1_2_20260811_142927.csv,76,1,joint_1_2,-1,0.2,-0.2,0.921029567718506,0.0165806278939461,-1.7521360360771072,-1.7687166639710534,-1.9203690369597621,lower_limit,-0.00012326313183636857,-0.20012326313183634,170,,-0.2024097949292239,0.002409794929223885
hand_friction_sweep_joint1_joint_1_2_20260811_142927.csv,77,1,joint_1_2,1,0.2,0.2,0.8993644714355469,-1.840275163302821,-0.0795870138909414,1.7606881494118796,1.957702583693912,upper_limit,-8.096811864577628e-05,0.1999190318813542,166,,0.20166421542658394,-0.0016642154265839315
hand_friction_sweep_joint1_joint_1_2_20260811_142927.csv,78,1,joint_1_2,-1,0.2,-0.2,0.9148247241973877,0.0137881010907552,-1.7505652397503124,-1.7643533408410677,-1.928624461247487,lower_limit,-0.0001297213997256187,-0.20012972139972562,170,,-0.20316925508693154,0.0031692550869315272
hand_friction_sweep_joint1_joint_1_2_20260811_142927.csv,79,1,joint_1_2,1,0.2,0.2,0.8925962448120118,-1.8353882413972369,-0.0849975345721238,1.750390706825113,1.9610106103390115,upper_limit,-6.32191773425264e-05,0.19993678082265742,165,,0.2019685382996462,-0.0019685382996461886
hand_friction_sweep_joint1_joint_1_2_20260811_142927.csv,80,1,joint_1_2,-1,0.2,-0.2,0.9201307296752931,-0.0001745329251994,-1.7585937543094865,-1.758419221384287,-1.91105368473545,lower_limit,-0.00013540152654142876,-0.20013540152654144,170,,-0.20155282639280384,0.0015528263928038244
hand_friction_sweep_joint1_joint_1_2_20260811_142927.csv,81,1,joint_1_2,1,0.25,0.25,0.7188045978546144,-1.8456856839840032,-0.0677187749773799,1.7779669090066232,2.47350519781488,upper_limit,-9.245406821260392e-05,0.2499075459317873,133,,0.2491156268881122,0.0008843731118877984
hand_friction_sweep_joint1_joint_1_2_20260811_142927.csv,82,1,joint_1_2,-1,0.25,-0.25,0.7345678806304932,0.0329867228626928,-1.761735346963076,-1.7947220698257689,-2.443235155184468,lower_limit,-0.00015473520923347297,-0.25015473520923354,136,,-0.2505110155045696,0.0005110155045696119
hand_friction_sweep_joint1_joint_1_2_20260811_142927.csv,83,1,joint_1_2,1,0.25,0.25,0.730950117111206,-1.8755308141931064,-0.0619591884457986,1.8135716257473078,2.4811154459003837,upper_limit,-6.096442646923961e-05,0.24993903557353073,136,,0.2498157338735042,0.00018426612649580232
hand_friction_sweep_joint1_joint_1_2_20260811_142927.csv,84,1,joint_1_2,-1,0.25,-0.25,0.734471321105957,0.0342084533390888,-1.7551030958054976,-1.7893115491445863,-2.436189811264877,lower_limit,-0.00013356596165976637,-0.25013356596165975,136,,-0.24986287704217308,-0.0001371229578269184
hand_friction_sweep_joint1_joint_1_2_20260811_142927.csv,85,1,joint_1_2,1,0.25,0.25,0.7256994247436523,-1.8694221618111264,-0.0638790506229924,1.805543111188134,2.488004054606944,upper_limit,-9.337549597072888e-05,0.24990662450402923,134,,0.2504494534344055,-0.0004494534344055001
hand_friction_sweep_joint1_joint_1_2_20260811_142927.csv,86,1,joint_1_2,-1,0.25,-0.25,0.7288451194763185,0.031066860685499,-1.7482963117227197,-1.7793631724082186,-2.441346075949176,lower_limit,-0.00014888009808033853,-0.2501488800980804,135,,-0.25033722911104767,0.0003372291110476655
hand_friction_sweep_joint1_joint_1_2_20260811_142927.csv,87,1,joint_1_2,1,0.25,0.25,0.7193064689636232,-1.86523337160634,-0.0808087443673374,1.7844246272390027,2.4807570962207555,upper_limit,-8.77162743054748e-05,0.24991228372569443,133,,0.24978276739053257,0.00021723260946743261
hand_friction_sweep_joint1_joint_1_2_20260811_142927.csv,88,1,joint_1_2,-1,0.25,-0.25,0.7255468368530273,0.0319395253114962,-1.7489944434235174,-1.7809339687350136,-2.4546092385428926,lower_limit,-0.00014370327980441116,-0.25014370327980445,134,,-0.2515573776102718,0.001557377610271804
hand_friction_sweep_joint1_joint_1_2_20260811_142927.csv,89,1,joint_1_2,1,0.25,0.25,0.7151389122009277,-1.8587756533739608,-0.0849975345721238,1.773778118801837,2.4803266729575895,upper_limit,-0.00011067840477279937,0.24988932159522712,132,,0.24974317047728717,0.00025682952271283144
hand_friction_sweep_joint1_joint_1_2_20260811_142927.csv,90,1,joint_1_2,-1,0.25,-0.25,0.7253913879394531,0.0300196631343024,-1.7505652397503124,-1.7805849028846148,-2.4546540426162826,lower_limit,-0.00015277748350129734,-0.25015277748350134,134,,-0.2515614993740306,0.001561499374030606
hand_friction_sweep_joint1_joint_1_2_20260811_142927.csv,91,1,joint_1_2,1,0.25,0.25,0.720069408416748,-1.865582437456739,-0.0699877030049726,1.7955947344517662,2.4936411871736484,upper_limit,-8.825783196467572e-05,0.24991174216803524,133,,0.2509680430839398,-0.0009680430839397736
hand_friction_sweep_joint1_joint_1_2_20260811_142927.csv,92,1,joint_1_2,-1,0.25,-0.25,0.7362799644470215,0.0349065850398865,-1.776221579754629,-1.8111281647945154,-2.4598362745817104,lower_limit,-0.000144323922007473,-0.2501443239220075,136,,-0.25203824031048294,0.0020382403104829416
hand_friction_sweep_joint1_joint_1_2_20260811_142927.csv,93,1,joint_1_2,1,0.25,0.25,0.7245197296142578,-1.8755308141931064,-0.0760963553869527,1.7994344588061537,2.4836238203812506,upper_limit,-6.323574202464969e-05,0.24993676425797534,134,,0.25004649251320993,-4.649251320992809e-05
hand_friction_sweep_joint1_joint_1_2_20260811_142927.csv,94,1,joint_1_2,-1,0.25,-0.25,0.7256362438201904,0.0338593874886899,-1.7489944434235174,-1.7828538309122073,-2.4569525655529287,lower_limit,-0.00012718258519214706,-0.2501271825851922,134,,-0.25177295265990907,0.0017729526599090661
hand_friction_sweep_joint1_joint_1_2_20260811_142927.csv,95,1,joint_1_2,1,0.25,0.25,0.7140383720397949,-1.857902988747964,-0.0745255590601578,1.783377429687806,2.497593266021864,upper_limit,-5.96867757203167e-05,0.24994031322427965,132,,0.25133161572669316,-0.0013316157266931583
hand_friction_sweep_joint1_joint_1_2_20260811_142927.csv,96,1,joint_1_2,-1,0.25,-0.25,0.7255008220672607,0.0349065850398865,-1.7517869702267084,-1.7866935552665948,-2.4627036950496404,lower_limit,-0.00012867245472385783,-0.2501286724547238,135,,-0.2523020294901653,0.0023020294901652805
hand_friction_sweep_joint1_joint_1_2_20260811_142927.csv,97,1,joint_1_2,1,0.25,0.25,0.7173502445220947,-1.859822850925157,-0.0760963553869527,1.7837264955382044,2.486548947545894,upper_limit,-7.898974979948294e-06,0.24999210102502004,133,,0.2503155904372353,-0.00031559043723528024
hand_friction_sweep_joint1_joint_1_2_20260811_142927.csv,98,1,joint_1_2,-1,0.25,-0.25,0.7375526428222657,0.0303687289847013,-1.7777923760814238,-1.808161105066125,-2.451568878049364,lower_limit,-6.935574014565382e-05,-0.25006935574014566,137,,-0.2512776787626503,0.0012776787626502806
hand_friction_sweep_joint1_joint_1_2_20260811_142927.csv,99,1,joint_1_2,1,0.25,0.25,0.7251431941986084,-1.8779742751458983,-0.0799360797413402,1.7980381954045581,2.4795629467248315,upper_limit,-2.4524280908512486e-05,0.24997547571909143,134,,0.2496729112604425,0.00032708873955750173
hand_friction_sweep_joint1_joint_1_2_20260811_142927.csv,100,1,joint_1_2,-1,0.25,-0.25,0.7323634624481201,0.0314159265358979,-1.7627825445142726,-1.7941984710501706,-2.44987436300083,lower_limit,-8.281335037922327e-05,-0.25008281335037924,135,,-0.25112179135806095,0.0011217913580609529
hand_friction_sweep_joint1_joint_1_2_20260811_142927.csv,101,1,joint_1_2,1,0.3,0.3,0.5952436923980713,-1.866455102082736,-0.0834267382453289,1.7830283638374071,2.995459484256073,upper_limit,2.7858702772594046e-06,0.3000027858702772,110,,0.2971329632334082,0.0028670367665917795
hand_friction_sweep_joint1_joint_1_2_20260811_142927.csv,102,1,joint_1_2,-1,0.3,-0.3,0.6045722961425781,0.0284488668075075,-1.7570229579826917,-1.7854718247901993,-2.9532809164135534,lower_limit,-8.843044132523393e-05,-0.30008843044132527,112,,-0.29743282361043877,-0.002567176389561221
hand_friction_sweep_joint1_joint_1_2_20260811_142927.csv,103,1,joint_1_2,1,0.3,0.3,0.6062798500061035,-1.8840829275278783,-0.0734783615089612,1.8106045660189172,2.9864171900166063,upper_limit,2.348196877893307e-05,0.3000234819687789,112,,0.2963011147456987,0.0036988852543012873
hand_friction_sweep_joint1_joint_1_2_20260811_142927.csv,104,1,joint_1_2,-1,0.3,-0.3,0.6059865951538086,0.031066860685499,-1.7598154847858822,-1.7908823454713811,-2.9553167673895957,lower_limit,-8.274946141420454e-05,-0.30008274946141417,112,,-0.29762011231292657,-0.002379887687073423
hand_friction_sweep_joint1_joint_1_2_20260811_142927.csv,105,1,joint_1_2,1,0.3,0.3,0.6047170162200928,-1.887922651882266,-0.0687659725285765,1.8191566793536895,3.0082776415400048,upper_limit,-6.646459351292204e-06,0.29999335354064866,112,,0.2983121733397684,0.001687826660231595
hand_friction_sweep_joint1_joint_1_2_20260811_142927.csv,106,1,joint_1_2,-1,0.3,-0.3,0.6022317409515381,0.0368264472170803,-1.746376449545526,-1.7832028967626063,-2.960991219003353,lower_limit,-8.590581087466337e-05,-0.3000859058108746,112,,-0.29814213513904547,-0.0018578648609545168
hand_friction_sweep_joint1_joint_1_2_20260811_142927.csv,107,1,joint_1_2,1,0.3,0.3,0.6050848960876465,-1.8779742751458983,-0.0722566310325652,1.8057176441133331,2.984238502379962,upper_limit,-4.363880080685994e-05,0.29995636119919306,112,,0.29610068574308746,0.003899314256912534
hand_friction_sweep_joint1_joint_1_2_20260811_142927.csv,108,1,joint_1_2,-1,0.3,-0.3,0.6040117740631104,0.0265290046303138,-1.7636552091402695,-1.7901842137705832,-2.9638233733892996,lower_limit,-0.00010331868463959652,-0.3001033186846396,112,,-0.29840268000526166,-0.0015973199947383332
hand_friction_sweep_joint1_joint_1_2_20260811_142927.csv,109,1,joint_1_2,1,0.3,0.3,0.6064035892486572,-1.8901915799098588,-0.0626573201465964,1.8275342597632624,3.01372599398299,upper_limit,-3.1010036326178378e-06,0.2999968989963674,112,,0.2988133961069312,0.0011866038930687939
hand_friction_sweep_joint1_joint_1_2_20260811_142927.csv,110,1,joint_1_2,-1,0.3,-0.3,0.6067280769348145,0.0284488668075075,-1.774650783427834,-1.8030996502353416,-2.971841453826543,lower_limit,-8.936799550080558e-05,-0.30008936799550084,112,,-0.29914030564643385,-0.0008596943535661428
hand_friction_sweep_joint1_joint_1_2_20260811_142927.csv,111,1,joint_1_2,1,0.3,0.3,0.6071949005126953,-1.88984251405946,-0.0703367688553714,1.8195057452040886,2.996576130115319,upper_limit,1.1954817414587872e-05,0.30001195481741455,112,,0.29723568939390704,0.0027643106060929457
hand_friction_sweep_joint1_joint_1_2_20260811_142927.csv,112,1,joint_1_2,-1,0.3,-0.3,0.6056218147277832,0.0261799387799149,-1.760862682337079,-1.7870426211169939,-2.9507566895030677,lower_limit,-8.880311461077711e-05,-0.30008880311461067,112,,-0.297200606621861,-0.0027993933781390035
hand_friction_sweep_joint1_joint_1_2_20260811_142927.csv,113,1,joint_1_2,1,0.3,0.3,0.6064343452453613,-1.88984251405946,-0.0734783615089612,1.8163641525504988,2.9951538312290076,upper_limit,-2.0728740821693363e-05,0.2999792712591782,112,,0.29710484459431125,0.002895155405688743
hand_friction_sweep_joint1_joint_1_2_20260811_142927.csv,114,1,joint_1_2,-1,0.3,-0.3,0.6056568622589111,0.0284488668075075,-1.7544049641047,-1.7828538309122075,-2.9436698269424686,lower_limit,-0.00011286707765135522,-0.30011286707765134,112,,-0.29654864864001285,-0.0034513513599871426
hand_friction_sweep_joint1_joint_1_2_20260811_142927.csv,115,1,joint_1_2,1,0.3,0.3,0.6057724952697754,-1.8905406457602576,-0.0673697091269811,1.8231709366332765,3.009662787382487,upper_limit,-3.6746230284025745e-06,0.2999963253769716,112,,0.2984396002342944,0.0015603997657056001
hand_friction_sweep_joint1_joint_1_2_20260811_142927.csv,116,1,joint_1_2,-1,0.3,-0.3,0.6055262088775635,0.0265290046303138,-1.7662732030182613,-1.792802207648575,-2.960734285922671,lower_limit,-9.185757560392311e-05,-0.3000918575756039,112,,-0.29811849850558186,-0.0018815014944181252
hand_friction_sweep_joint1_joint_1_2_20260811_142927.csv,117,1,joint_1_2,1,0.3,0.3,0.6053001880645752,-1.8921114420870524,-0.0745255590601578,1.8175858830268945,3.0027842694689353,upper_limit,-7.287226284159326e-06,0.2999927127737158,112,,0.29780680897883,0.0021931910211699934
hand_friction_sweep_joint1_joint_1_2_20260811_142927.csv,118,1,joint_1_2,-1,0.3,-0.3,0.6058826446533203,0.0307177948351001,-1.7640042749906688,-1.7947220698257689,-2.9621612133364374,lower_limit,-0.00011640036550316835,-0.3001164003655031,112,,-0.2982497691079067,-0.0017502308920933074
hand_friction_sweep_joint1_joint_1_2_20260811_142927.csv,119,1,joint_1_2,1,0.3,0.3,0.606797456741333,-1.88670092140587,-0.0680678408277788,1.8186330805780913,2.9971006970672627,upper_limit,-1.722701642817704e-05,0.2999827729835718,112,,0.2972839470831749,0.0027160529168250847
hand_friction_sweep_joint1_joint_1_2_20260811_142927.csv,120,1,joint_1_2,-1,0.3,-0.3,0.6048991680145264,0.0319395253114962,-1.7594664189354834,-1.7914059442469796,-2.9614951366637685,lower_limit,-8.709725622705534e-05,-0.30008709725622706,112,,-0.29818849319073515,-0.00181150680926484
hand_friction_sweep_joint2_joint_1_3_20260811_150801.csv,21,2,joint_1_3,1,0.1,0.1,3.70447039604187,-1.5892968168660364,1.4898130495023596,3.079109866368396,0.831187602324571,upper_limit,0.006932736169241434,0.10693273616924144,675,,0.10232471262014758,-0.0023247126201475787
hand_friction_sweep_joint2_joint_1_3_20260811_150801.csv,22,2,joint_1_3,-1,0.1,-0.1,5.307146787643433,1.5151203236562774,-1.4861478580731715,-3.001268181729449,-0.5655144471822913,lower_limit,0.008221427571353584,-0.09177857242864633,962,,-0.09992662034263616,-7.337965736384233e-05
hand_friction_sweep_joint2_joint_1_3_20260811_150801.csv,23,2,joint_1_3,1,0.1,0.1,3.699372291564942,-1.4960962348095392,1.4885913190259634,2.984687553835503,0.8068091877751762,upper_limit,0.007437275477647609,0.1074372754776476,672,,0.1000539334205611,-5.393342056109196e-05
hand_friction_sweep_joint2_joint_1_3_20260811_150801.csv,24,2,joint_1_3,-1,0.1,-0.1,5.3957765102386475,1.5128513956286846,-1.4838789300455788,-2.9967303256742635,-0.5553844418848479,lower_limit,0.008396400833674336,-0.09160359916632561,982,,-0.09898303948447465,-0.0010169605155253558
hand_friction_sweep_joint2_joint_1_3_20260811_150801.csv,25,2,joint_1_3,1,0.1,0.1,3.6928749084472656,-1.4973179652859352,1.486322390998371,2.9836403562843063,0.8079451457885506,upper_limit,0.007440253522658472,0.10744025352265847,672,,0.10015974464233468,-0.0001597446423346749
hand_friction_sweep_joint2_joint_1_3_20260811_150801.csv,26,2,joint_1_3,-1,0.1,-0.1,5.388667821884155,1.5189600480106649,-1.4864969239235704,-3.005456971934235,-0.5577365447780325,lower_limit,0.008383768505138991,-0.09161623149486094,980,,-0.09920213110400178,-0.0007978688959982272
hand_friction_sweep_joint2_joint_1_3_20260811_150801.csv,27,2,joint_1_3,1,0.1,0.1,3.700380325317383,-1.5107570005262916,1.4894639836519608,3.0002209841782523,0.8107871949408125,upper_limit,0.007435580160183787,0.10743558016018377,674,,0.1004244733467417,-0.00042447334674169945
hand_friction_sweep_joint2_joint_1_3_20260811_150801.csv,28,2,joint_1_3,-1,0.1,-0.1,5.377895355224609,1.52663949671944,-1.4838789300455788,-3.010518426765019,-0.5597949063550129,lower_limit,0.008384333839440806,-0.09161566616055912,976,,-0.09939386156476512,-0.000606138435234882
hand_friction_sweep_joint2_joint_1_3_20260811_150801.csv,29,2,joint_1_3,1,0.1,0.1,3.7086586952209473,-1.4999359591639267,1.4905111812031573,2.990447140367084,0.8063419651478403,upper_limit,0.007453098572862313,0.10745309857286231,674,,0.10001041297662161,-1.0412976621604342e-05
hand_friction_sweep_joint2_joint_1_3_20260811_150801.csv,30,2,joint_1_3,-1,0.1,-0.1,5.415432929992676,1.516167521207474,-1.488765851951163,-3.0049333731586367,-0.5548833144098603,lower_limit,0.008348513576069834,-0.09165148642393009,980,,-0.09893636090149144,-0.0010636390985085675
hand_friction_sweep_joint2_joint_1_3_20260811_150801.csv,31,2,joint_1_3,1,0.1,0.1,3.715545415878296,-1.505346479845109,1.4866714568487698,2.9920179366938786,0.8052701829205372,upper_limit,0.0074987781013718955,0.1074987781013719,667,,0.09991057954474214,8.94204552578659e-05
hand_friction_sweep_joint2_joint_1_3_20260811_150801.csv,32,2,joint_1_3,-1,0.1,-0.1,5.406789064407349,1.5116296651522887,-1.4854497263723738,-2.9970793915246627,-0.5543177948728022,lower_limit,0.008357069961059114,-0.09164293003894082,978,,-0.09888368438312684,-0.0011163156168731703
hand_friction_sweep_joint2_joint_1_3_20260811_150801.csv,33,2,joint_1_3,1,0.1,0.1,3.7169225215911865,-1.5046483481443114,1.4878931873251655,2.992541535469477,0.8051127022654194,upper_limit,0.007477517464837312,0.1074775174648373,672,,0.09989591067465406,0.00010408932534594628
hand_friction_sweep_joint2_joint_1_3_20260811_150801.csv,34,2,joint_1_3,-1,0.1,-0.1,5.409562349319458,1.510931533451491,-1.4838789300455788,-2.99481046349707,-0.5536141872685556,lower_limit,0.008371512489437932,-0.091628487510562,977,,-0.09881814535846398,-0.0011818546415360287
hand_friction_sweep_joint2_joint_1_3_20260811_150801.csv,35,2,joint_1_3,1,0.1,0.1,3.7218213081359863,-1.507266342022303,1.484402528821177,2.9916688708434798,0.8038185133455019,upper_limit,0.00756397728083073,0.10756397728083074,652,,0.09977536069902995,0.00022463930097005314
hand_friction_sweep_joint2_joint_1_3_20260811_150801.csv,36,2,joint_1_3,-1,0.1,-0.1,5.403252840042114,1.5074408749475023,-1.4873695885495677,-2.9948104634970703,-0.5542606559706593,lower_limit,0.008321556954770581,-0.09167844304522935,976,,-0.0988783620587316,-0.0011216379412684052
hand_friction_sweep_joint2_joint_1_3_20260811_150801.csv,37,2,joint_1_3,1,0.1,0.1,3.7374765872955322,-1.511804198077488,1.4866714568487698,2.9984756549262577,0.8022727594117127,upper_limit,0.00744648323424963,0.10744648323424963,680,,0.09963137816589945,0.00036862183410055205
hand_friction_sweep_joint2_joint_1_3_20260811_150801.csv,38,2,joint_1_3,-1,0.1,-0.1,5.423758029937744,1.5166911199830722,-1.4842279958959776,-3.00091911587905,-0.5532914815363722,lower_limit,0.00834276117933618,-0.09165723882066375,984,,-0.09878808624765738,-0.0012119137523426277
hand_friction_sweep_joint2_joint_1_3_20260811_150801.csv,39,2,joint_1_3,1,0.1,0.1,3.730680465698242,-1.5114551322270893,1.484402528821177,2.9958576610482663,0.8030324999939535,upper_limit,0.0074148996088566795,0.1074148996088567,678,,0.09970214581601625,0.00029785418398375896
hand_friction_sweep_joint2_joint_1_3_20260811_150801.csv,40,2,joint_1_3,-1,0.1,-0.1,5.412527561187744,1.5138985931798814,-1.488765851951163,-3.0026644451310442,-0.5547619686341383,lower_limit,0.008319966971779997,-0.09168003302821992,984,,-0.09892505789149016,-0.0010749421085098493
hand_friction_sweep_joint2_joint_1_3_20260811_150801.csv,41,2,joint_1_3,1,0.15,0.15,2.286529302597046,-1.519832712636662,1.4962707677347389,3.0161034803714006,1.319074930264704,upper_limit,0.007375689292946368,0.15737568929294635,416,,0.14777001398638345,0.0022299860136165417
hand_friction_sweep_joint2_joint_1_3_20260811_150801.csv,42,2,joint_1_3,-1,0.15,-0.15,2.7945191860198975,1.5519467708733576,-1.4854497263723738,-3.0373964972457315,-1.08691202137415,lower_limit,0.008280425912760072,-0.14171957408723984,502,,-0.14849330476712055,-0.0015066952328794403
hand_friction_sweep_joint2_joint_1_3_20260811_150801.csv,43,2,joint_1_3,1,0.15,0.15,2.254577159881592,-1.535191610054212,1.4950490372583425,3.0302406473125547,1.3440394506044318,upper_limit,0.0073413718375109965,0.15734137183751098,410,,0.15009538725461818,-9.538725461818998e-05
hand_friction_sweep_joint2_joint_1_3_20260811_150801.csv,44,2,joint_1_3,-1,0.15,-0.15,2.7815074920654297,1.539554933184198,-1.495398103108741,-3.034953036292939,-1.091118051973792,lower_limit,0.008258898923547179,-0.14174110107645277,504,,-0.14888508442035187,-0.0011149155796481292
hand_friction_sweep_joint2_joint_1_3_20260811_150801.csv,45,2,joint_1_3,1,0.15,0.15,2.2671141624450684,-1.5505505074717625,1.49888876161273,3.0494392690844925,1.3450753030432714,upper_limit,0.0072626647767459135,0.15726266477674591,411,,0.15019187393004133,-0.0001918739300413308
hand_friction_sweep_joint2_joint_1_3_20260811_150801.csv,46,2,joint_1_3,-1,0.15,-0.15,2.758249044418335,1.5510741062473603,-1.4861478580731715,-3.0372219643205316,-1.101141309363175,lower_limit,0.008301676815442917,-0.141698323184557,502,,-0.14981872201789928,-0.00018127798210071377
hand_friction_sweep_joint2_joint_1_3_20260811_150801.csv,47,2,joint_1_3,1,0.15,0.15,2.252347230911255,-1.539554933184198,1.4924310433803512,3.031985976564549,1.346145005953575,upper_limit,0.007356403001854776,0.15735640300185474,408,,0.15029151367952268,-0.00029151367952268137
hand_friction_sweep_joint2_joint_1_3_20260811_150801.csv,48,2,joint_1_3,-1,0.15,-0.15,2.7644355297088623,1.5400785319597965,-1.489289450726761,-3.0293679826865576,-1.0958360034555035,lower_limit,0.008265192766108828,-0.14173480723389112,504,,-0.14932454803139275,-0.0006754519686072435
hand_friction_sweep_joint2_joint_1_3_20260811_150801.csv,49,2,joint_1_3,1,0.15,0.15,2.261391401290893,-1.5467107831173748,1.4870205226991686,3.033731305816543,1.3415330508839678,upper_limit,0.007221286820462455,0.15722128682046244,412,,0.14986192332940898,0.00013807667059101414
hand_friction_sweep_joint2_joint_1_3_20260811_150801.csv,50,2,joint_1_3,-1,0.15,-0.15,2.7585792541503906,1.5350170771290126,-1.488416786100764,-3.0234338632297764,-1.0960112379156415,lower_limit,0.008285478581797252,-0.14171452141820268,502,,-0.14934087061735607,-0.0006591293826439248
hand_friction_sweep_joint2_joint_1_3_20260811_150801.csv,51,2,joint_1_3,1,0.15,0.15,2.2537572383880615,-1.5383332027078018,1.486322390998371,3.0246555937061728,1.34205030701065,upper_limit,0.007286712892387441,0.15728671289238744,410,,0.14991010424990933,8.989575009066275e-05
hand_friction_sweep_joint2_joint_1_3_20260811_150801.csv,52,2,joint_1_3,-1,0.15,-0.15,2.7555832862854004,1.543045591688187,-1.4919074446047529,-3.03495303629294,-1.1013831631937852,lower_limit,0.008267244676999476,-0.14173275532300048,502,,-0.14984125000661558,-0.0001587499933844161
hand_friction_sweep_joint2_joint_1_3_20260811_150801.csv,53,2,joint_1_3,1,0.15,0.15,2.2513248920440674,-1.5409511965857934,1.4917329116795532,3.0326841082653466,1.3470663958731661,upper_limit,0.0072898642827954096,0.1572898642827954,410,,0.15037733850048784,-0.00037733850048785045
hand_friction_sweep_joint2_joint_1_3_20260811_150801.csv,54,2,joint_1_3,-1,0.15,-0.15,2.7451186180114746,1.5507250403969617,-1.4842279958959776,-3.034953036292939,-1.1055817465882098,lower_limit,0.00830389116905462,-0.1416961088309453,500,,-0.1502323359741001,0.0002323359741001063
hand_friction_sweep_joint2_joint_1_3_20260811_150801.csv,55,2,joint_1_3,1,0.15,0.15,2.241051197052002,-1.5236724369910497,1.499761426238727,3.023433863229777,1.3491141421521127,upper_limit,0.0073518843337505605,0.15735188433375055,408,,0.1505680801767704,-0.0005680801767704025
hand_friction_sweep_joint2_joint_1_3_20260811_150801.csv,56,2,joint_1_3,-1,0.15,-0.15,2.7443022727966304,1.5458381184913774,-1.488765851951163,-3.0346039704425403,-1.1057834264554511,lower_limit,0.008285381989488317,-0.14171461801051158,500,,-0.15025112187367445,0.00025112187367445915
hand_friction_sweep_joint2_joint_1_3_20260811_150801.csv,57,2,joint_1_3,1,0.15,0.15,2.2389812469482426,-1.538682268558201,1.500459557939525,3.039141826497726,1.3573770797053846,upper_limit,0.007295141726432013,0.157295141726432,408,,0.15133774904450722,-0.0013377490445072304
hand_friction_sweep_joint2_joint_1_3_20260811_150801.csv,58,2,joint_1_3,-1,0.15,-0.15,2.7364501953125,1.5477579806685713,-1.485798792222773,-3.033556772891344,-1.1085737201019714,lower_limit,0.008282637244724597,-0.14171736275527536,498,,-0.15051102970157765,0.0005110297015776533
hand_friction_sweep_joint2_joint_1_3_20260811_150801.csv,59,2,joint_1_3,1,0.15,0.15,2.2270002365112305,-1.531875484475423,1.4851006605219748,3.0169761449973977,1.3547264591779864,upper_limit,0.007274793376714537,0.15727479337671452,406,,0.15109085136593106,-0.001090851365931067
hand_friction_sweep_joint2_joint_1_3_20260811_150801.csv,60,2,joint_1_3,-1,0.15,-0.15,2.722264528274536,1.5423474599873888,-1.4842279958959776,-3.0265754558833664,-1.1117859504277172,lower_limit,0.008276712980208618,-0.14172328701979128,496,,-0.15081023971760246,0.0008102397176024678
hand_friction_sweep_joint2_joint_1_3_20260811_150801.csv,61,2,joint_1_3,1,0.2,0.2,1.6260430812835693,-1.5390313344085995,1.501681288415921,3.0407126228245205,1.870007417284563,upper_limit,0.007237984472279428,0.20723798447227942,296,,0.19908779059430468,0.0009122094056953356
hand_friction_sweep_joint2_joint_1_3_20260811_150801.csv,62,2,joint_1_3,-1,0.2,-0.2,1.8774802684783936,1.5610224829837285,-1.4941763726323454,-3.055198855616074,-1.6272867986475106,lower_limit,0.008175320049868397,-0.19182467995013153,342,,-0.19882766107758784,-0.0011723389224121694
hand_friction_sweep_joint2_joint_1_3_20260811_150801.csv,63,2,joint_1_3,1,0.2,0.2,1.6334588527679443,-1.5720180572712923,1.490860247053556,3.0628783043248484,1.875087516979513,upper_limit,0.0070804748777924375,0.20708047487779244,298,,0.19956098726982038,0.0004390127301796276
hand_friction_sweep_joint2_joint_1_3_20260811_150801.csv,64,2,joint_1_3,-1,0.2,-0.2,1.8749489784240723,1.564164075637318,-1.4926055763055506,-3.0567696519428686,-1.630321511208341,lower_limit,0.008180008634173971,-0.19181999136582598,342,,-0.19911033582437643,-0.0008896641756235835
hand_friction_sweep_joint2_joint_1_3_20260811_150801.csv,65,2,joint_1_3,1,0.2,0.2,1.6371586322784424,-1.5716689914208937,1.4943509055575448,3.0660198969784385,1.8727689770119846,upper_limit,0.007047008779446359,0.20704700877944635,298,,0.19934502194028653,0.0006549780597134847
hand_friction_sweep_joint2_joint_1_3_20260811_150801.csv,66,2,joint_1_3,-1,0.2,-0.2,1.870711088180542,1.5711453926452954,-1.4906857141283567,-3.061831106773652,-1.6367204567925002,lower_limit,0.008193013532849024,-0.19180698646715094,342,,-0.19970637920128895,-0.00029362079871106395
hand_friction_sweep_joint2_joint_1_3_20260811_150801.csv,67,2,joint_1_3,1,0.2,0.2,1.6345059871673584,-1.5725416560468908,1.4889403848763625,3.061482040923253,1.8730320139291026,upper_limit,0.007015442692704168,0.20701544269270417,298,,0.19936952307258554,0.0006304769274144695
hand_friction_sweep_joint2_joint_1_3_20260811_150801.csv,68,2,joint_1_3,-1,0.2,-0.2,1.865309715270996,1.562593279310523,-1.500808623789924,-3.063401903100447,-1.6423020145238398,lower_limit,0.008168012661742517,-0.19183198733825743,340,,-0.20022628525063177,0.00022628525063175808
hand_friction_sweep_joint2_joint_1_3_20260811_150801.csv,69,2,joint_1_3,1,0.2,0.2,1.6416327953338623,-1.5889477510156376,1.500459557939525,3.0894073089551624,1.8819113005883044,upper_limit,0.006937422403423308,0.20693742240342328,300,,0.2001966030868345,-0.00019660308683450145
hand_friction_sweep_joint2_joint_1_3_20260811_150801.csv,70,2,joint_1_3,-1,0.2,-0.2,1.8526484966278074,1.5648622073381158,-1.4868459897739692,-3.051708197112085,-1.6472138145292037,lower_limit,0.008199719452952175,-0.19180028054704779,338,,-0.2006838052941157,0.0006838052941156858
hand_friction_sweep_joint2_joint_1_3_20260811_150801.csv,71,2,joint_1_3,1,0.2,0.2,1.6251475811004639,-1.5713199255704948,1.4969688994355363,3.0682888250060314,1.888006271361736,upper_limit,0.0069513599107173234,0.20695135991071734,296,,0.20076433208440134,-0.0007643320844013257
hand_friction_sweep_joint2_joint_1_3_20260811_150801.csv,72,2,joint_1_3,-1,0.2,-0.2,1.8513903617858887,1.5660839378145115,-1.4926055763055506,-3.0586895141200623,-1.6521040496125239,lower_limit,0.008170592280038845,-0.1918294077199611,338,,-0.201139316627135,0.0011393166271349842
hand_friction_sweep_joint2_joint_1_3_20260811_150801.csv,73,2,joint_1_3,1,0.2,0.2,1.6246623992919922,-1.5739379194484862,1.5039502164435137,3.0778881358919996,1.8944785927422862,upper_limit,0.006969084881813998,0.20696908488181398,296,,0.20136721020570875,-0.0013672102057087354
hand_friction_sweep_joint2_joint_1_3_20260811_150801.csv,74,2,joint_1_3,-1,0.2,-0.2,1.8426969051361082,1.5695745963185004,-1.4931291750811488,-3.062703771399649,-1.662076797797317,lower_limit,0.008182729257985147,-0.1918172707420148,336,,-0.20206824943754634,0.0020682494375463267
hand_friction_sweep_joint2_joint_1_3_20260811_150801.csv,75,2,joint_1_3,1,0.2,0.2,1.6229684352874756,-1.570970859720096,1.5051719469199096,3.0761428066400054,1.8953805506976047,upper_limit,0.006956121606971492,0.2069561216069715,296,,0.2014512249950909,-0.0014512249950908995
hand_friction_sweep_joint2_joint_1_3_20260811_150801.csv,76,2,joint_1_3,-1,0.2,-0.2,1.8433394432067873,1.570621793869697,-1.4945254384827442,-3.065147232352441,-1.662823005089134,lower_limit,0.008186305513884768,-0.19181369448611513,336,,-0.20213775650058377,0.0021377565005837595
hand_friction_sweep_joint2_joint_1_3_20260811_150801.csv,77,2,joint_1_3,1,0.2,0.2,1.6119358539581299,-1.5697491292436998,1.486322390998371,3.056071520242071,1.8959014483968744,upper_limit,0.006966425217702125,0.20696642521770212,294,,0.2014997451176041,-0.00149974511760409
hand_friction_sweep_joint2_joint_1_3_20260811_150801.csv,78,2,joint_1_3,-1,0.2,-0.2,1.8315503597259517,1.5584044891057367,-1.4873695885495677,-3.045774077655304,-1.6629485842316847,lower_limit,0.008205141604710628,-0.1917948583952893,334,,-0.2021494538365294,0.002149453836529397
hand_friction_sweep_joint2_joint_1_3_20260811_150801.csv,79,2,joint_1_3,1,0.2,0.2,1.6141884326934812,-1.5648622073381158,1.5070918090971035,3.0719540164352193,1.9030950502533763,upper_limit,0.006999490749224167,0.20699949074922416,294,,0.20216980844074406,-0.0021698084407440477
hand_friction_sweep_joint2_joint_1_3_20260811_150801.csv,80,2,joint_1_3,-1,0.2,-0.2,1.8416054248809812,1.5667820695153094,-1.4957471689591402,-3.0625292384744496,-1.6629671031037356,lower_limit,0.008160003327223744,-0.19183999667277624,336,,-0.20215117881619812,0.0021511788161981127
hand_friction_sweep_joint2_joint_1_3_20260811_150801.csv,81,2,joint_1_3,1,0.25,0.25,1.2699964046478271,-1.5687019316925033,1.484402528821177,3.0531044605136803,2.4040260660110397,upper_limit,0.006848194756853134,0.25684819475685317,232,,0.24883009181173393,0.0011699081882660667
hand_friction_sweep_joint2_joint_1_3_20260811_150801.csv,82,2,joint_1_3,-1,0.25,-0.25,1.4132490158081055,1.5676547341413067,-1.5015067554907215,-3.0691614896320285,-2.1717060866849858,lower_limit,0.008105655390732047,-0.2418943446092679,258,,-0.24953875193316047,-0.00046124806683953135
hand_friction_sweep_joint2_joint_1_3_20260811_150801.csv,83,2,joint_1_3,1,0.25,0.25,1.280033826828003,-1.599245193602404,1.487544121474767,3.086789315077171,2.411490423441708,upper_limit,0.006663409005643366,0.2566634090056434,234,,0.24952537523787705,0.0004746247621229549
hand_friction_sweep_joint2_joint_1_3_20260811_150801.csv,84,2,joint_1_3,-1,0.25,-0.25,1.4133136272430422,1.5664330036649106,-1.5034266176679154,-3.069859621332826,-2.172100772367996,lower_limit,0.008080456242818682,-0.24191954375718125,258,,-0.24957551576936232,-0.00042448423063767837
hand_friction_sweep_joint2_joint_1_3_20260811_150801.csv,85,2,joint_1_3,1,0.25,0.25,1.2815532684326172,-1.600815989929199,1.4905111812031573,3.091327171132356,2.4121722032773194,upper_limit,0.006706017739778541,0.2567060177397785,234,,0.24958888106867122,0.00041111893132877997
hand_friction_sweep_joint2_joint_1_3_20260811_150801.csv,86,2,joint_1_3,-1,0.25,-0.25,1.4048168659210205,1.572192590196492,-1.5034266176679154,-3.075619207864407,-2.1893381852644413,lower_limit,0.008113375710988684,-0.24188662428901125,256,,-0.2511811312034843,0.001181131203484287
hand_friction_sweep_joint2_joint_1_3_20260811_150801.csv,87,2,joint_1_3,1,0.25,0.25,1.2810924053192139,-1.608495438637974,1.4962707677347389,3.104766206372713,2.4235302570536184,upper_limit,0.006703456700774136,0.25670345670077416,234,,0.250646851110601,-0.0006468511106009767
hand_friction_sweep_joint2_joint_1_3_20260811_150801.csv,88,2,joint_1_3,-1,0.25,-0.25,1.4039828777313232,1.5634659439365202,-1.499586893313528,-3.063052837250048,-2.1816881714395215,lower_limit,0.008155541872721923,-0.24184445812727803,256,,-0.2504685544181901,0.00046855441819010357
hand_friction_sweep_joint2_joint_1_3_20260811_150801.csv,89,2,joint_1_3,1,0.25,0.25,1.2736656665802002,-1.5954054692480164,1.4898130495023596,3.0852185187503762,2.4223142695164315,upper_limit,0.006740701272999859,0.25674070127299986,232,,0.2505335853688602,-0.0005335853688602232
hand_friction_sweep_joint2_joint_1_3_20260811_150801.csv,90,2,joint_1_3,-1,0.25,-0.25,1.4022209644317627,1.5673056682909077,-1.4868459897739692,-3.054151658064877,-2.1780815830995253,lower_limit,0.00817481953826185,-0.2418251804617381,256,,-0.25013261108736595,0.0001326110873659525
hand_friction_sweep_joint2_joint_1_3_20260811_150801.csv,91,2,joint_1_3,1,0.25,0.25,1.271928310394287,-1.5924384095196262,1.4878931873251655,3.0803315968447915,2.421780828111228,upper_limit,0.006748669924802595,0.2567486699248026,232,,0.25048389683621675,-0.0004838968362167462
hand_friction_sweep_joint2_joint_1_3_20260811_150801.csv,92,2,joint_1_3,-1,0.25,-0.25,1.4038031101226807,1.5714944584956942,-1.4973179652859352,-3.0688124237816297,-2.1860703980869802,lower_limit,0.008146097605390933,-0.241853902394609,256,,-0.25087674622651135,0.000876746226511349
hand_friction_sweep_joint2_joint_1_3_20260811_150801.csv,93,2,joint_1_3,1,0.25,0.25,1.2711408138275146,-1.5966271997244126,1.4969688994355363,3.093596099159949,2.4337162850155556,upper_limit,0.006770233821490822,0.25677023382149083,232,,0.25159565031883113,-0.0015956503188311322
hand_friction_sweep_joint2_joint_1_3_20260811_150801.csv,94,2,joint_1_3,-1,0.25,-0.25,1.401163101196289,1.5657348719641129,-1.4868459897739692,-3.052580861738082,-2.178604945514081,lower_limit,0.008173520463019834,-0.24182647953698008,256,,-0.25018136079101916,0.00018136079101915836
hand_friction_sweep_joint2_joint_1_3_20260811_150801.csv,95,2,joint_1_3,1,0.25,0.25,1.2719471454620361,-1.583537230334455,1.4882422531755646,3.07177948351002,2.41502132731639,upper_limit,0.00680336074959622,0.25680336074959625,232,,0.2498542687784361,0.0001457312215638884
hand_friction_sweep_joint2_joint_1_3_20260811_150801.csv,96,2,joint_1_3,-1,0.25,-0.25,1.402419090270996,1.5657348719641129,-1.4999359591639267,-3.0656708311280396,-2.1859876640267677,lower_limit,0.008169994569672483,-0.24183000543032745,256,,-0.2508690397867571,0.0008690397867571198
hand_friction_sweep_joint2_joint_1_3_20260811_150801.csv,97,2,joint_1_3,1,0.25,0.25,1.270967721939087,-1.594009205846421,1.4913838458291544,3.0853930516755756,2.427593556009637,upper_limit,0.006747800844036755,0.25674780084403676,232,,0.2510253357217447,-0.0010253357217446801
hand_friction_sweep_joint2_joint_1_3_20260811_150801.csv,98,2,joint_1_3,-1,0.25,-0.25,1.404209852218628,1.5714944584956942,-1.5037756835183145,-3.0752701420140087,-2.1900360100416143,lower_limit,0.008139868648168479,-0.24186013135183143,256,,-0.2512461315744374,0.0012461315744374257
hand_friction_sweep_joint2_joint_1_3_20260811_150801.csv,99,2,joint_1_3,1,0.25,0.25,1.2713749408721924,-1.608146372787575,1.4866714568487698,3.094817829636345,2.4342290618951705,upper_limit,0.0067081560985251245,0.2567081560985251,232,,0.2516434140103501,-0.0016434140103501194
hand_friction_sweep_joint2_joint_1_3_20260811_150801.csv,100,2,joint_1_3,-1,0.25,-0.25,1.4008140563964844,1.5711453926452954,-1.490336648277958,-3.0614820409232535,-2.1855020849796043,lower_limit,0.00817685313947911,-0.2418231468605208,256,,-0.2508238094951063,0.000823809495106298
hand_friction_sweep_joint2_joint_1_3_20260811_150801.csv,101,2,joint_1_3,1,0.3,0.3,1.0490653514862058,-1.5962781338740135,1.4894639836519608,3.0857421175259745,2.941420296795065,upper_limit,0.006670129508241244,0.30667012950824124,192,,0.2988868187891833,0.001113181210816716
hand_friction_sweep_joint2_joint_1_3_20260811_150801.csv,102,2,joint_1_3,-1,0.3,-0.3,1.1389002799987795,1.5634659439365202,-1.506568210321505,-3.070034154258025,-2.6956127838174866,lower_limit,0.008088816463237374,-0.29191118353676254,208,,-0.29833915394298127,-0.0016608460570187167
hand_friction_sweep_joint2_joint_1_3_20260811_150801.csv,103,2,joint_1_3,1,0.3,0.3,1.0615489482879639,-1.600815989929199,1.5097098029750948,3.1105257929042938,2.930176510391595,upper_limit,0.006644830858978277,0.30664483085897826,194,,0.2978394924243838,0.0021605075756161995
hand_friction_sweep_joint2_joint_1_3_20260811_150801.csv,104,2,joint_1_3,-1,0.3,-0.3,1.1395618915557861,1.5687019316925033,-1.5210544431130582,-3.089756374805561,-2.711354598377516,lower_limit,0.008061665091704546,-0.2919383349082954,208,,-0.29980545869361364,-0.00019454130638635325
hand_friction_sweep_joint2_joint_1_3_20260811_150801.csv,105,2,joint_1_3,1,0.3,0.3,1.0508918762207031,-1.6058774447599824,1.487544121474767,3.093421566234749,2.943615452961294,upper_limit,0.006664584414215575,0.30666458441421557,192,,0.299091291272495,0.000908708727504981
hand_friction_sweep_joint2_joint_1_3_20260811_150801.csv,106,2,joint_1_3,-1,0.3,-0.3,1.1283166408538818,1.564164075637318,-1.4880677202503652,-3.0522317958876832,-2.705119897529678,lower_limit,0.008177539502852988,-0.291822460497147,206,,-0.2992247142414989,-0.0007752857585011097
hand_friction_sweep_joint2_joint_1_3_20260811_150801.csv,107,2,joint_1_3,1,0.3,0.3,1.0610840320587158,-1.6062265106103812,1.5039502164435137,3.110176727053895,2.931131402495548,upper_limit,0.006577157958281598,0.30657715795828155,194,,0.29792843787746537,0.0020715621225346204
hand_friction_sweep_joint2_joint_1_3_20260811_150801.csv,108,2,joint_1_3,-1,0.3,-0.3,1.131899118423462,1.5699236621688992,-1.5011576896403227,-3.071081351809222,-2.7132111880135596,lower_limit,0.008125947428460237,-0.2918740525715397,208,,-0.2999783946784027,-2.1605321597284455e-05
hand_friction_sweep_joint2_joint_1_3_20260811_150801.csv,109,2,joint_1_3,1,0.3,0.3,1.056145429611206,-1.6046557142835864,1.5132004614790835,3.11785617576267,2.952108761111083,upper_limit,0.006662565965238475,0.30666256596523844,194,,0.2998824184987197,0.00011758150128027278
hand_friction_sweep_joint2_joint_1_3_20260811_150801.csv,110,2,joint_1_3,-1,0.3,-0.3,1.1271116733551025,1.570272728019298,-1.489289450726761,-3.0595621787460594,-2.7145155631638356,lower_limit,0.008167747489841323,-0.29183225251015865,206,,-0.3000998934720877,9.989347208771981e-05
hand_friction_sweep_joint2_joint_1_3_20260811_150801.csv,111,2,joint_1_3,1,0.3,0.3,1.0513525009155271,-1.5901694814920335,1.4878931873251655,3.078062668817199,2.9277170750407637,upper_limit,0.006640732150976929,0.3066407321509769,192,,0.29761040309512987,0.002389596904870117
hand_friction_sweep_joint2_joint_1_3_20260811_150801.csv,112,2,joint_1_3,-1,0.3,-0.3,1.1264197826385498,1.5737633865232867,-1.490336648277958,-3.064100034801245,-2.720211489560163,lower_limit,0.00820432319560682,-0.2917956768043931,206,,-0.300630452633634,0.0006304526336340377
hand_friction_sweep_joint2_joint_1_3_20260811_150801.csv,113,2,joint_1_3,1,0.3,0.3,1.0515198707580564,-1.6043066484331876,1.503252084742716,3.1075587331759036,2.9553019582365265,upper_limit,0.006664179121736089,0.3066641791217361,192,,0.3001798556268785,-0.0001798556268785001
hand_friction_sweep_joint2_joint_1_3_20260811_150801.csv,114,2,joint_1_3,-1,0.3,-0.3,1.127669095993042,1.5618951476097254,-1.488765851951163,-3.0506609995608884,-2.705280308204626,lower_limit,0.008186820816706953,-0.2918131791832929,206,,-0.299239656034507,-0.0007603439654930155
hand_friction_sweep_joint2_joint_1_3_20260811_150801.csv,115,2,joint_1_3,1,0.3,0.3,1.050812005996704,-1.607273708161578,1.4943509055575448,3.101624613719123,2.951645580768946,upper_limit,0.006692232462255507,0.30669223246225547,192,,0.2998392745820203,0.0001607254179796791
hand_friction_sweep_joint2_joint_1_3_20260811_150801.csv,116,2,joint_1_3,-1,0.3,-0.3,1.1315033435821533,1.5664330036649106,-1.5060446115459067,-3.0724776152108175,-2.7153941989105035,lower_limit,0.008152439755981629,-0.2918475602440183,206,,-0.30018173586481195,0.00018173586481196047
hand_friction_sweep_joint2_joint_1_3_20260811_150801.csv,117,2,joint_1_3,1,0.3,0.3,1.0565586090087888,-1.593136541220424,1.5039502164435137,3.097086757663938,2.9312966940560656,upper_limit,0.006626799261484777,0.3066267992614848,192,,0.2979438343109262,0.0020561656890737967
hand_friction_sweep_joint2_joint_1_3_20260811_150801.csv,118,2,joint_1_3,-1,0.3,-0.3,1.1286656856536865,1.572192590196492,-1.4941763726323454,-3.0663689628288373,-2.716808884867352,lower_limit,0.008118281946313276,-0.2918817180536866,203,,-0.3003135097928601,0.0003135097928601005
hand_friction_sweep_joint2_joint_1_3_20260811_150801.csv,119,2,joint_1_3,1,0.3,0.3,1.0601472854614258,-1.6004669240788,1.517738317534269,3.118205241613069,2.941294369542134,upper_limit,0.006690509353922505,0.3066905093539225,193,,0.29887508902775695,0.0011249109722430428
hand_friction_sweep_joint2_joint_1_3_20260811_150801.csv,120,2,joint_1_3,-1,0.3,-0.3,1.1203842163085938,1.5664330036649106,-1.4838789300455788,-3.050311933710489,-2.722558823401279,lower_limit,0.008250978024775635,-0.29174902197522434,204,,-0.3008491000296774,0.0008491000296774187
hand_friction_sweep_joint3_joint_1_4_20260811_151452.csv,21,3,joint_1_4,1,0.1,0.1,3.5855698585510254,-1.579522973054868,1.4945254384827442,3.0740484115376123,0.857338870195622,upper_limit,-0.0005706943340108553,0.09942930566598909,653,,0.09904601020183965,0.0009539897981603596
hand_friction_sweep_joint3_joint_1_4_20260811_151452.csv,22,3,joint_1_4,-1,0.1,-0.1,3.4916956424713135,1.516342054132673,-1.4898130495023596,-3.0061551036350327,-0.8609441977329301,lower_limit,-0.0005399379381222237,-0.1005399379381222,636,,-0.09896846726169266,-0.0010315327383073475
hand_friction_sweep_joint3_joint_1_4_20260811_151452.csv,23,3,joint_1_4,1,0.1,0.1,3.4918720722198486,-1.5079644737231006,1.4910347799787556,2.9989992537018564,0.8588514102681134,upper_limit,-0.0004872715622776865,0.0995127284377223,636,,0.09918248456941556,0.0008175154305844479
hand_friction_sweep_joint3_joint_1_4_20260811_151452.csv,24,3,joint_1_4,-1,0.1,-0.1,3.4731216430664062,1.5179128504594683,-1.4845770617463765,-3.002489912205845,-0.8644931622823776,lower_limit,-0.0005270687083659135,-0.10052706870836588,632,,-0.09928868535127847,-0.0007113146487215394
hand_friction_sweep_joint3_joint_1_4_20260811_151452.csv,25,3,joint_1_4,1,0.1,0.1,3.4843485355377197,-1.502903018892317,1.4849261275967751,2.987829146489092,0.8575000795745588,upper_limit,-0.0004980372231121907,0.09950196277688776,634,,0.09906055589781017,0.0009394441021898375
hand_friction_sweep_joint3_joint_1_4_20260811_151452.csv,26,3,joint_1_4,-1,0.1,-0.1,3.4607107639312744,1.5227997723650524,-1.4845770617463765,-3.0073768341114286,-0.8690055422878303,lower_limit,-0.0005161852403425907,-0.10051618524034255,630,,-0.09969583106510539,-0.0003041689348946136
hand_friction_sweep_joint3_joint_1_4_20260811_151452.csv,27,3,joint_1_4,1,0.1,0.1,3.472968101501465,-1.512153263927887,1.4864969239235704,2.9986501878514575,0.8634257788187153,upper_limit,-0.0005004401580152425,0.09949955984198472,632,,0.09959522342265746,0.00040477657734254435
hand_friction_sweep_joint3_joint_1_4_20260811_151452.csv,28,3,joint_1_4,-1,0.1,-0.1,3.4527080059051514,1.527512161345437,-1.4845770617463765,-3.0120892230918135,-0.872384579854494,lower_limit,-0.0005274505309159717,-0.10052745053091594,628,,-0.10000071688156252,7.168815625152591e-07
hand_friction_sweep_joint3_joint_1_4_20260811_151452.csv,29,3,joint_1_4,1,0.1,0.1,3.48665714263916,-1.5137240602546818,1.494874504333143,3.0085985645878246,0.8628891346370013,upper_limit,-0.0004903699978677545,0.0995096300021322,634,,0.09954680277143327,0.0004531972285667374
hand_friction_sweep_joint3_joint_1_4_20260811_151452.csv,30,3,joint_1_4,-1,0.1,-0.1,3.460724353790283,1.5208799101878585,-1.4849261275967751,-3.005806037784634,-0.8685482374499403,lower_limit,-0.0005112505269198298,-0.10051125052691981,630,,-0.09965456909150514,-0.00034543090849487035
hand_friction_sweep_joint3_joint_1_4_20260811_151452.csv,31,3,joint_1_4,1,0.1,0.1,3.472646474838257,-1.5022048871915192,1.4842279958959776,2.986432883087497,0.8599875929572112,upper_limit,-0.0005026028884404074,0.09949739711155955,632,,0.09928500073858382,0.0007149992614161882
hand_friction_sweep_joint3_joint_1_4_20260811_151452.csv,32,3,joint_1_4,-1,0.1,-0.1,3.450141191482544,1.5156439224318756,-1.487544121474767,-3.0031880439066425,-0.8704536647139813,lower_limit,-0.0005326805691104504,-0.10053268056911041,628,,-0.09982649311887558,-0.00017350688112442725
hand_friction_sweep_joint3_joint_1_4_20260811_151452.csv,33,3,joint_1_4,1,0.1,0.1,3.4802346229553223,-1.5036011505931148,1.4910347799787556,2.9946359305718704,0.8604695530638982,upper_limit,-0.0004920913061395096,0.09950790869386043,634,,0.09932848732247881,0.000671512677521191
hand_friction_sweep_joint3_joint_1_4_20260811_151452.csv,34,3,joint_1_4,-1,0.1,-0.1,3.462378740310669,1.5259413650186422,-1.4852751934471744,-3.011216558465817,-0.8696958895362294,lower_limit,-0.0005179120858280132,-0.10051791208582798,630,,-0.09975812012828231,-0.00024187987171769842
hand_friction_sweep_joint3_joint_1_4_20260811_151452.csv,35,3,joint_1_4,1,0.1,0.1,3.4686670303344727,-1.5090116712742971,1.4842279958959776,2.9932396671702746,0.862936580822993,upper_limit,-0.0005185008663184098,0.09948149913368155,628,,0.09955108377419469,0.00044891622580531254
hand_friction_sweep_joint3_joint_1_4_20260811_151452.csv,36,3,joint_1_4,-1,0.1,-0.1,3.455777168273926,1.503252084742716,-1.485973325147972,-2.989225409890688,-0.8649936799552765,lower_limit,-0.0005377692877128429,-0.10053776928771281,624,,-0.09933384635832335,-0.0006661536416766589
hand_friction_sweep_joint3_joint_1_4_20260811_151452.csv,37,3,joint_1_4,1,0.1,0.1,3.4880347251892094,-1.5137240602546818,1.490336648277958,3.0040607085326396,0.861247362831138,upper_limit,-0.0004930721607744498,0.09950692783922552,630,,0.09939866800595887,0.0006013319940411377
hand_friction_sweep_joint3_joint_1_4_20260811_151452.csv,38,3,joint_1_4,-1,0.1,-0.1,3.4648382663726807,1.526290430869041,-1.4898130495023596,-3.0161034803714006,-0.8704889661499098,lower_limit,-0.0005397736673969193,-0.10053977366739689,626,,-0.09982967831788649,-0.0001703216821135195
hand_friction_sweep_joint3_joint_1_4_20260811_151452.csv,39,3,joint_1_4,1,0.1,0.1,3.494455099105835,-1.5201817784870608,1.4926055763055506,3.0127873547926116,0.8621622740448223,upper_limit,-0.00045398070180347887,0.09954601929819648,628,,0.09948121916050118,0.000518780839498828
hand_friction_sweep_joint3_joint_1_4_20260811_151452.csv,40,3,joint_1_4,-1,0.1,-0.1,3.4585981369018555,1.5105824676010922,-1.4837043971203794,-2.9942868647214715,-0.8657515982483281,lower_limit,-0.0005039905664950324,-0.10050399056649499,626,,-0.09940223226200923,-0.0005977677379907786
hand_friction_sweep_joint3_joint_1_4_20260811_151452.csv,41,3,joint_1_4,1,0.15,0.15,2.1167221069335938,-1.5098843359002942,1.4941763726323454,3.0040607085326396,1.4192041074699673,upper_limit,-0.0005882552907407822,0.14941174470925916,376,,0.14974232186623063,0.0002576781337693679
hand_friction_sweep_joint3_joint_1_4_20260811_151452.csv,42,3,joint_1_4,-1,0.15,-0.15,2.1251440048217773,1.5474089148181724,-1.4990632945379294,-3.046472209356102,-1.433536834418706,lower_limit,-0.0004084910439221831,-0.15040849104392212,385,,-0.15063269711683788,0.0006326971168378881
hand_friction_sweep_joint3_joint_1_4_20260811_151452.csv,43,3,joint_1_4,1,0.15,0.15,2.1436119079589844,-1.556135561078144,1.4933037080063485,3.0494392690844925,1.42257059580714,upper_limit,-0.0006366996448414091,0.14936330035515852,390,,0.15004607538332623,-4.6075383326238395e-05
hand_friction_sweep_joint3_joint_1_4_20260811_151452.csv,44,3,joint_1_4,-1,0.15,-0.15,2.12416672706604,1.543220124613386,-1.495223570183542,-3.038443694796928,-1.4304167634683336,lower_limit,-0.0003745341240170406,-0.15037453412401702,382,,-0.15035117749465512,0.0003511774946551305
hand_friction_sweep_joint3_joint_1_4_20260811_151452.csv,45,3,joint_1_4,1,0.15,0.15,2.142690896987915,-1.543569190463785,1.488765851951163,3.032335042414948,1.4151994796251988,upper_limit,-0.0006269710831579624,0.14937302891684198,384,,0.14938098991712634,0.0006190100828736556
hand_friction_sweep_joint3_joint_1_4_20260811_151452.csv,46,3,joint_1_4,-1,0.15,-0.15,2.1273889541625977,1.5320500174006224,-1.4983651628371315,-3.030415180237754,-1.424476316053175,lower_limit,-0.00036314312588340864,-0.15036314312588336,386,,-0.14981517926304047,-0.0001848207369595234
hand_friction_sweep_joint3_joint_1_4_20260811_151452.csv,47,3,joint_1_4,1,0.15,0.15,2.134030103683472,-1.550899573322161,1.4852751934471744,3.0361747667693355,1.422742238513273,upper_limit,-0.0005969928450355316,0.14940300715496443,381,,0.15006156246376434,-6.156246376434749e-05
hand_friction_sweep_joint3_joint_1_4_20260811_151452.csv,48,3,joint_1_4,-1,0.15,-0.15,2.1080596446990967,1.5381586697826024,-1.4852751934471744,-3.023433863229777,-1.434225957900418,lower_limit,-0.00036804110732056226,-0.15036804110732052,384,,-0.15069487576126442,0.0006948757612644241
hand_friction_sweep_joint3_joint_1_4_20260811_151452.csv,49,3,joint_1_4,1,0.15,0.15,2.1279923915863037,-1.5397294661093974,1.4926055763055506,3.032335042414948,1.4249745696480172,upper_limit,-0.0006369404378821614,0.1493630595621178,388,,0.15026298256851064,-0.00026298256851065016
hand_friction_sweep_joint3_joint_1_4_20260811_151452.csv,50,3,joint_1_4,-1,0.15,-0.15,2.118318557739258,1.5323990832510213,-1.494001839707146,-3.0264009229581674,-1.4286807392123526,lower_limit,-0.000362796379568025,-0.15036279637956798,386,,-0.15019453846290956,0.0001945384629095659
hand_friction_sweep_joint3_joint_1_4_20260811_151452.csv,51,3,joint_1_4,1,0.15,0.15,2.133460760116577,-1.5542156989009503,1.4837043971203794,3.0379200960213297,1.423939991216586,upper_limit,-0.0006755196462586666,0.1493244803537413,386,,0.1501696340088889,-0.00016963400888891922
hand_friction_sweep_joint3_joint_1_4_20260811_151452.csv,52,3,joint_1_4,-1,0.15,-0.15,2.1204516887664795,1.5470598489677736,-1.4894639836519608,-3.0365238326197344,-1.4320174558592076,lower_limit,-0.0003606434059478618,-0.15036064340594782,386,,-0.15049560572217857,0.000495605722178577
hand_friction_sweep_joint3_joint_1_4_20260811_151452.csv,53,3,joint_1_4,1,0.15,0.15,2.1371824741363525,-1.5566591598537425,1.4945254384827442,3.0511845983364867,1.4276668629193618,upper_limit,-0.0006272176813705937,0.14937278231862935,390,,0.1505059044111898,-0.0005059044111898059
hand_friction_sweep_joint3_joint_1_4_20260811_151452.csv,54,3,joint_1_4,-1,0.15,-0.15,2.1082255840301514,1.5285593588966335,-1.4878931873251655,-3.016452546221799,-1.4308016035245394,lower_limit,-0.00037243625507328543,-0.15037243625507324,384,,-0.15038590107272343,0.00038590107272343244
hand_friction_sweep_joint3_joint_1_4_20260811_151452.csv,55,3,joint_1_4,1,0.15,0.15,2.127201557159424,-1.5454890526409786,1.488765851951163,3.0342549045921414,1.4264068651040096,upper_limit,-0.0006351970721040584,0.1493648029278959,388,,0.1503922165769799,-0.0003922165769799091
hand_friction_sweep_joint3_joint_1_4_20260811_151452.csv,56,3,joint_1_4,-1,0.15,-0.15,2.1191577911376958,1.5348425442038132,-1.4906857141283567,-3.02552825833217,-1.4277031521602164,lower_limit,-0.0003618072591253957,-0.15036180725912535,386,,-0.15010633215544233,0.0001063321554423402
hand_friction_sweep_joint3_joint_1_4_20260811_151452.csv,57,3,joint_1_4,1,0.15,0.15,2.126877784729004,-1.5409511965857934,1.4861478580731715,3.027099054658965,1.4232595198433853,upper_limit,-0.0006465868149196918,0.14935341318508025,388,,0.1501082360320683,-0.00010823603206830401
hand_friction_sweep_joint3_joint_1_4_20260811_151452.csv,58,3,joint_1_4,-1,0.15,-0.15,2.1191585063934326,1.536762406381007,-1.495223570183542,-3.031985976564549,-1.4307499733583615,lower_limit,-0.00036646094912319246,-0.15036646094912318,386,,-0.15038124255530289,0.00038124255530289086
hand_friction_sweep_joint3_joint_1_4_20260811_151452.csv,59,3,joint_1_4,1,0.15,0.15,2.143455982208252,-1.5439182563141838,1.5006340908647244,3.044552347178908,1.4203941543237664,upper_limit,-0.0006354237467556985,0.14936457625324423,390,,0.14984969812337032,0.0001503018766296771
hand_friction_sweep_joint3_joint_1_4_20260811_151452.csv,60,3,joint_1_4,-1,0.15,-0.15,2.1087541580200195,1.5400785319597965,-1.487195055624368,-3.0272735875841645,-1.4355744485770565,lower_limit,-0.0003664322454466513,-0.15036643224544663,384,,-0.15081654818213003,0.0008165481821300336
hand_friction_sweep_joint3_joint_1_4_20260811_151452.csv,61,3,joint_1_4,1,0.2,0.2,1.53536581993103,-1.5378096039322036,1.4898130495023596,3.0276226534345634,1.9719226611222638,upper_limit,-0.0006785620288679158,0.19932143797113205,280,,0.19961334110667944,0.00038665889332056835
hand_friction_sweep_joint3_joint_1_4_20260811_151452.csv,62,3,joint_1_4,-1,0.2,-0.2,1.5359067916870117,1.5304792210738274,-1.5105824676010922,-3.0410616886749198,-1.9799780202382422,lower_limit,-0.00033306329453320764,-0.20033306329453318,280,,-0.1999373182693298,-6.268173067019989e-05
hand_friction_sweep_joint3_joint_1_4_20260811_151452.csv,63,3,joint_1_4,1,0.2,0.2,1.5577399730682375,-1.5830136315588568,1.504124749368713,3.08713838092757,1.981805971664782,upper_limit,-0.0007267932600487559,0.19927320673995122,284,,0.20050509834364624,-0.000505098343646232
hand_friction_sweep_joint3_joint_1_4_20260811_151452.csv,64,3,joint_1_4,-1,0.2,-0.2,1.5232353210449219,1.533969879577816,-1.4840534629707782,-3.0180233425485943,-1.981324422334341,lower_limit,-0.00029997095744946936,-0.20029997095744945,278,,-0.20005880224050507,5.8802240505057e-05
hand_friction_sweep_joint3_joint_1_4_20260811_151452.csv,65,3,joint_1_4,1,0.2,0.2,1.556617259979248,-1.57585778162568,1.5006340908647244,3.0764918724904042,1.9763958370418033,upper_limit,-0.0006946954386572993,0.19930530456134266,284,,0.20001694949086554,-1.6949490865530992e-05
hand_friction_sweep_joint3_joint_1_4_20260811_151452.csv,66,3,joint_1_4,-1,0.2,-0.2,1.5243401527404785,1.5329226820266195,-1.4845770617463765,-3.017499743772996,-1.9795448793683588,lower_limit,-0.000292622160467844,-0.2002926221604678,278,,-0.19989823657664366,-0.00010176342335635469
hand_friction_sweep_joint3_joint_1_4_20260811_151452.csv,67,3,joint_1_4,1,0.2,0.2,1.548191785812378,-1.5669566024405088,1.4922565104551515,3.0592131128956606,1.9759910502886495,upper_limit,-0.000722631213447992,0.19927736878655197,282,,0.19998042615033096,1.957384966905229e-05
hand_friction_sweep_joint3_joint_1_4_20260811_151452.csv,68,3,joint_1_4,-1,0.2,-0.2,1.5279746055603027,1.5313518856998245,-1.502903018892317,-3.0342549045921414,-1.9858019194497616,lower_limit,-0.0003187630849618743,-0.2003187630849618,280,,-0.2004628005201298,0.0004628005201297858
hand_friction_sweep_joint3_joint_1_4_20260811_151452.csv,69,3,joint_1_4,1,0.2,0.2,1.5474205017089844,-1.5700981950940986,1.489114917801562,3.0592131128956606,1.9769759477252884,upper_limit,-0.0007578733738681074,0.19924212662613186,282,,0.20006929206353022,-6.929206353020745e-05
hand_friction_sweep_joint3_joint_1_4_20260811_151452.csv,70,3,joint_1_4,-1,0.2,-0.2,1.523529291152954,1.5486306452945684,-1.4933037080063485,-3.041934353300917,-1.9966366061783338,lower_limit,-0.00032171918114987997,-0.20032171918114985,278,,-0.20144039909490963,0.0014403990949096168
hand_friction_sweep_joint3_joint_1_4_20260811_151452.csv,71,3,joint_1_4,1,0.2,0.2,1.543325662612915,-1.5739379194484862,1.4894639836519608,3.0634019031004467,1.9849355047423878,upper_limit,-0.000739555347479473,0.1992604446525205,282,,0.2007874717202872,-0.000787471720287175
hand_friction_sweep_joint3_joint_1_4_20260811_151452.csv,72,3,joint_1_4,-1,0.2,-0.2,1.5246100425720215,1.543220124613386,-1.4959217018843398,-3.039141826497726,-1.9933896154656605,lower_limit,-0.0003173154422485328,-0.2003173154422485,278,,-0.2011474276807328,0.0011474276807327821
hand_friction_sweep_joint3_joint_1_4_20260811_151452.csv,73,3,joint_1_4,1,0.2,0.2,1.547355651855469,-1.5830136315588568,1.490336648277958,3.0733502798368146,1.9861951427595144,upper_limit,-0.0007378447675043029,0.19926215523249566,282,,0.20090112709040825,-0.000901127090408238
hand_friction_sweep_joint3_joint_1_4_20260811_151452.csv,74,3,joint_1_4,-1,0.2,-0.2,1.5226764678955078,1.5458381184913774,-1.4898130495023596,-3.035651167993737,-1.9936284772229471,lower_limit,-0.0003124734902518996,-0.20031247349025189,278,,-0.20116897984180054,0.0011689798418005326
hand_friction_sweep_joint3_joint_1_4_20260811_151452.csv,75,3,joint_1_4,1,0.2,0.2,1.54529333114624,-1.5861552242124466,1.493652773856747,3.0798079980691937,1.9930248425939359,upper_limit,-0.0007142623223761321,0.1992857376776238,282,,0.20151736131956205,-0.0015173613195620383
hand_friction_sweep_joint3_joint_1_4_20260811_151452.csv,76,3,joint_1_4,-1,0.2,-0.2,1.5224530696868896,1.5406021307353943,-1.4868459897739692,-3.0274481205093635,-1.9885329674772791,lower_limit,-0.0003062158904276253,-0.2003062158904276,278,,-0.20070921915005804,0.0007092191500580325
hand_friction_sweep_joint3_joint_1_4_20260811_151452.csv,77,3,joint_1_4,1,0.2,0.2,1.5465593338012695,-1.583886296184854,1.494874504333143,3.078760800517997,1.9907162520242583,upper_limit,-0.000727241107069044,0.19927275889293092,282,,0.20130906043304767,-0.001309060433047654
hand_friction_sweep_joint3_joint_1_4_20260811_151452.csv,78,3,joint_1_4,-1,0.2,-0.2,1.52443265914917,1.543220124613386,-1.4929546421559494,-3.0361747667693355,-1.9916752298287237,lower_limit,-0.00029927410275689895,-0.20029927410275686,278,,-0.20099274107120926,0.0009927410712092521
hand_friction_sweep_joint3_joint_1_4_20260811_151452.csv,79,3,joint_1_4,1,0.2,0.2,1.5470037460327148,-1.579522973054868,1.496445300659938,3.075968273714806,1.988339253607572,upper_limit,-0.0007345188146711956,0.19926548118532875,282,,0.20109458720252238,-0.001094587202522368
hand_friction_sweep_joint3_joint_1_4_20260811_151452.csv,80,3,joint_1_4,-1,0.2,-0.2,1.5239145755767822,1.5381586697826024,-1.4933037080063485,-3.0314623777889507,-1.9892600453943299,lower_limit,-0.0003192056597063991,-0.20031920565970637,278,,-0.20077482236990823,0.0007748223699082235
hand_friction_sweep_joint3_joint_1_4_20260811_151452.csv,81,3,joint_1_4,1,0.25,0.25,1.2165255546569824,-1.568178332916905,1.5095352700498954,3.0777136029668,2.529921045377964,upper_limit,-0.0007680694514229059,0.2492319305485771,222,,0.24996075205113158,3.9247948868420535e-05
hand_friction_sweep_joint3_joint_1_4_20260811_151452.csv,82,3,joint_1_4,-1,0.25,-0.25,1.1925034523010254,1.533969879577816,-1.4856242592975732,-3.019594138875389,-2.532147083556743,lower_limit,-0.00021455573306733728,-0.2502145557330673,218,,-0.24975875776828438,-0.00024124223171562154
hand_friction_sweep_joint3_joint_1_4_20260811_151452.csv,83,3,joint_1_4,1,0.25,0.25,1.2162261009216309,-1.5720180572712923,1.5022048871915192,3.0742229444628117,2.5276738775242773,upper_limit,-0.0007787186766266332,0.2492212813233733,222,,0.2497579932500615,0.00024200674993848925
hand_friction_sweep_joint3_joint_1_4_20260811_151452.csv,84,3,joint_1_4,-1,0.25,-0.25,1.1940550804138184,1.5400785319597965,-1.487544121474767,-3.0276226534345634,-2.53558039582671,lower_limit,-0.00022279598935532385,-0.25022279598935526,218,,-0.2500685407150347,6.854071503470394e-05
hand_friction_sweep_joint3_joint_1_4_20260811_151452.csv,85,3,joint_1_4,1,0.25,0.25,1.216519832611084,-1.574286985298885,1.503252084742716,3.0775390700416008,2.5297894761288915,upper_limit,-0.0007700452571343231,0.24922995474286566,222,,0.24994888074247262,5.111925752737667e-05
hand_friction_sweep_joint3_joint_1_4_20260811_151452.csv,86,3,joint_1_4,-1,0.25,-0.25,1.1950569152832031,1.5428710587629872,-1.487195055624368,-3.0300661143873553,-2.535499419012436,lower_limit,-0.00025237954520079055,-0.2502523795452007,218,,-0.2500612342907506,6.123429075061138e-05
hand_friction_sweep_joint3_joint_1_4_20260811_151452.csv,87,3,joint_1_4,1,0.25,0.25,1.2169690132141113,-1.5765559133264777,1.504124749368713,3.080680662695191,2.5314372257999156,upper_limit,-0.000786466555299794,0.24921353344470012,222,,0.25009755488232926,-9.75548823292649e-05
hand_friction_sweep_joint3_joint_1_4_20260811_151452.csv,88,3,joint_1_4,-1,0.25,-0.25,1.193126678466797,1.5458381184913774,-1.4913838458291544,-3.0372219643205316,-2.545598903398465,lower_limit,-0.0002470429430429208,-0.2502470429430429,218,,-0.25097249659017234,0.0009724965901723448
hand_friction_sweep_joint3_joint_1_4_20260811_151452.csv,89,3,joint_1_4,1,0.25,0.25,1.2152059078216553,-1.568178332916905,1.511804198077488,3.0799825309943927,2.5345355146565116,upper_limit,-0.0007686155598336002,0.24923138444016635,222,,0.2503771091367663,-0.0003771091367663071
hand_friction_sweep_joint3_joint_1_4_20260811_151452.csv,90,3,joint_1_4,-1,0.25,-0.25,1.2047665119171143,1.533969879577816,-1.5159929882822745,-3.0499628678600903,-2.5315800511476385,lower_limit,-0.00027341012588881876,-0.2502734101258888,220,,-0.24970759522995895,-0.0002924047700410548
hand_friction_sweep_joint3_joint_1_4_20260811_151452.csv,91,3,joint_1_4,1,0.25,0.25,1.2167017459869385,-1.5814428352320615,1.5060446115459067,3.0874874467779683,2.5375877506229148,upper_limit,-0.0007721253197319113,0.24922787468026808,222,,0.25065250810356604,-0.0006525081035660407
hand_friction_sweep_joint3_joint_1_4_20260811_151452.csv,92,3,joint_1_4,-1,0.25,-0.25,1.1962826251983643,1.543569190463785,-1.5006340908647244,-3.0442032813285094,-2.544719130083268,lower_limit,-0.0002491225751763,-0.25024912257517623,218,,-0.2508931158788872,0.0008931158788871851
hand_friction_sweep_joint3_joint_1_4_20260811_151452.csv,93,3,joint_1_4,1,0.25,0.25,1.2071149349212646,-1.5711453926452954,1.4868459897739692,3.0579913824192646,2.533305896524862,upper_limit,-0.0008196718805382784,0.24918032811946167,220,,0.25026616241877264,-0.0002661624187726419
hand_friction_sweep_joint3_joint_1_4_20260811_151452.csv,94,3,joint_1_4,-1,0.25,-0.25,1.1943304538726807,1.5381586697826024,-1.5002850250143256,-3.038443694796928,-2.5440561152439938,lower_limit,-0.00023957238336992458,-0.2502395723833699,218,,-0.2508332929806189,0.0008332929806189049
hand_friction_sweep_joint3_joint_1_4_20260811_151452.csv,95,3,joint_1_4,1,0.25,0.25,1.2046210765838623,-1.5673056682909077,1.4861478580731715,3.053453526364079,2.5347834150662947,upper_limit,-0.0008050752761098254,0.24919492472389015,220,,0.25039947684276115,-0.00039947684276114837
hand_friction_sweep_joint3_joint_1_4_20260811_151452.csv,96,3,joint_1_4,-1,0.25,-0.25,1.194662094116211,1.53588974175501,-1.4945254384827442,-3.030415180237754,-2.5366295584021183,lower_limit,-0.00022307795933536513,-0.2502230779593353,218,,-0.25016320518149565,0.00016320518149565144
hand_friction_sweep_joint3_joint_1_4_20260811_151452.csv,97,3,joint_1_4,1,0.25,0.25,1.2063512802124026,-1.5657348719641129,1.487544121474767,3.0532789934388798,2.5310032355594534,upper_limit,-0.0007991500632142983,0.24920084993678565,220,,0.2500583965521281,-5.839655212808159e-05
hand_friction_sweep_joint3_joint_1_4_20260811_151452.csv,98,3,joint_1_4,-1,0.25,-0.25,1.1922552585601807,1.5406021307353943,-1.494001839707146,-3.0346039704425403,-2.545263649419555,lower_limit,-0.00024068049083982214,-0.25024068049083975,218,,-0.25094224709425406,0.0009422470942540562
hand_friction_sweep_joint3_joint_1_4_20260811_151452.csv,99,3,joint_1_4,1,0.25,0.25,1.2059361934661863,-1.5753341828500818,1.4864969239235704,3.061831106773652,2.5389660940295045,upper_limit,-0.000810027887857929,0.24918997211214206,220,,0.25077687409435057,-0.0007768740943505659
hand_friction_sweep_joint3_joint_1_4_20260811_151452.csv,100,3,joint_1_4,-1,0.25,-0.25,1.192579984664917,1.5390313344085995,-1.4917329116795532,-3.030764246088153,-2.5413509240973187,lower_limit,-0.0002497043043330495,-0.25024970430433296,218,,-0.2505892073807535,0.0005892073807535203
hand_friction_sweep_joint3_joint_1_4_20260811_151452.csv,101,3,joint_1_4,1,0.3,0.3,0.9963946342468261,-1.5772540450272754,1.4929546421559494,3.070208687183225,3.0813179654505,upper_limit,-0.0008266555628422917,0.29917334443715765,182,,0.29971252214886657,0.00028747785113342195
hand_friction_sweep_joint3_joint_1_4_20260811_151452.csv,102,3,joint_1_4,-1,0.3,-0.3,0.9842989444732667,1.5336208137274172,-1.487195055624368,-3.020815869351785,-3.0690024471867443,lower_limit,-0.000184945415732346,-0.3001849454157323,180,,-0.29819846364031233,-0.001801536359687661
hand_friction_sweep_joint3_joint_1_4_20260811_151452.csv,103,3,joint_1_4,1,0.3,0.3,0.9970729351043701,-1.5739379194484862,1.4987142286875306,3.072652148136017,3.081672403247394,upper_limit,-0.0008362919893990633,0.29916370801060094,182,,0.29974450257375307,0.00025549742624692007
hand_friction_sweep_joint3_joint_1_4_20260811_151452.csv,104,3,joint_1_4,-1,0.3,-0.3,0.9876277446746825,1.535540675904611,-1.4917329116795532,-3.0272735875841645,-3.065196987333853,lower_limit,-0.00021180595992170026,-0.3002118059599217,180,,-0.2978551023395414,-0.002144897660458611
hand_friction_sweep_joint3_joint_1_4_20260811_151452.csv,105,3,joint_1_4,1,0.3,0.3,1.007112979888916,-1.581093769381663,1.5205308443374597,3.101624613719123,3.0797186369906884,upper_limit,-0.000804817548456089,0.29919518245154386,184,,0.29956821698692837,0.00043178301307161826
hand_friction_sweep_joint3_joint_1_4_20260811_151452.csv,106,3,joint_1_4,-1,0.3,-0.3,0.9931950569152832,1.5451399867905795,-1.517040185833471,-3.0621801726240507,-3.0831609071180126,lower_limit,-0.00022802012049878223,-0.30022802012049876,182,,-0.29947596160556356,-0.0005240383944364324
hand_friction_sweep_joint3_joint_1_4_20260811_151452.csv,107,3,joint_1_4,1,0.3,0.3,1.0027821063995361,-1.5700981950940986,1.510233401750693,3.0803315968447915,3.071785562573154,upper_limit,-0.0006985711992975722,0.2993014288007023,178,,0.2988524268179563,0.0011475731820436708
hand_friction_sweep_joint3_joint_1_4_20260811_151452.csv,108,3,joint_1_4,-1,0.3,-0.3,0.982863426208496,1.54810704651897,-1.4945254384827442,-3.042632485001714,-3.0956818657287966,lower_limit,-0.00019709930793875965,-0.3001970993079387,180,,-0.3006057101252416,0.0006057101252416319
hand_friction_sweep_joint3_joint_1_4_20260811_151452.csv,109,3,joint_1_4,1,0.3,0.3,0.9973828792572021,-1.583886296184854,1.4960962348095392,3.0799825309943936,3.0880643683077866,upper_limit,-0.0008152793264349128,0.299184720673565,182,,0.3003212406086982,-0.00032124060869820337
hand_friction_sweep_joint3_joint_1_4_20260811_151452.csv,110,3,joint_1_4,-1,0.3,-0.3,0.9864041805267335,1.5294320235226309,-1.5006340908647244,-3.0300661143873553,-3.0718301627324,lower_limit,-0.00021613085621509685,-0.300216130856215,180,,-0.2984536044447092,-0.0015463955552907915
hand_friction_sweep_joint3_joint_1_4_20260811_151452.csv,111,3,joint_1_4,1,0.3,0.3,0.99578857421875,-1.5695745963185004,1.493652773856747,3.0632273701752473,3.07618248439787,upper_limit,-0.0008365783428798716,0.2991634216571201,182,,0.29924915490220494,0.0007508450977950498
hand_friction_sweep_joint3_joint_1_4_20260811_151452.csv,112,3,joint_1_4,-1,0.3,-0.3,0.9862294197082521,1.53588974175501,-1.492081977529952,-3.0279717192849622,-3.0702508552023335,lower_limit,-0.00018213073644495202,-0.3001821307364449,180,,-0.29831110574315833,-0.0016888942568416554
hand_friction_sweep_joint3_joint_1_4_20260811_151452.csv,113,3,joint_1_4,1,0.3,0.3,0.994279384613037,-1.5695745963185004,1.489114917801562,3.0586895141200623,3.0762877732906753,upper_limit,-0.0008390458521338073,0.2991609541478662,182,,0.2992586549712079,0.0007413450287920842
hand_friction_sweep_joint3_joint_1_4_20260811_151452.csv,114,3,joint_1_4,-1,0.3,-0.3,0.9843866825103761,1.5317009515502236,-1.494001839707146,-3.0257027912573697,-3.073693341260208,lower_limit,-0.0001800013212559083,-0.3001800013212559,180,,-0.29862171642791424,-0.0013782835720857478
hand_friction_sweep_joint3_joint_1_4_20260811_151452.csv,115,3,joint_1_4,1,0.3,0.3,0.9966316223144531,-1.579522973054868,1.4945254384827442,3.0740484115376123,3.084437963546476,upper_limit,-0.000824260421006574,0.29917573957899335,182,,0.2999940351974994,5.964802500590949e-06
hand_friction_sweep_joint3_joint_1_4_20260811_151452.csv,116,3,joint_1_4,-1,0.3,-0.3,0.9866781234741211,1.52663949671944,-1.4906857141283567,-3.0173252108477966,-3.0580643667498277,lower_limit,-0.00019105288113943167,-0.3001910528811394,180,,-0.2972115359963632,-0.0027884640036368036
hand_friction_sweep_joint3_joint_1_4_20260811_151452.csv,117,3,joint_1_4,1,0.3,0.3,0.9978008270263672,-1.5772540450272754,1.5002850250143256,3.0775390700416008,3.08432202768687,upper_limit,-0.0008392144945913993,0.2991607855054086,182,,0.2999835744676273,1.6425532372688068e-05
hand_friction_sweep_joint3_joint_1_4_20260811_151452.csv,118,3,joint_1_4,-1,0.3,-0.3,0.9841837882995605,1.538682268558201,-1.5112805993018898,-3.0499628678600907,-3.0989769432493026,lower_limit,-0.000219063131096004,-0.300219063131096,180,,-0.3009030203445893,0.0009030203445893337
hand_friction_sweep_joint3_joint_1_4_20260811_151452.csv,119,3,joint_1_4,1,0.3,0.3,0.9996609687805177,-1.580744703531264,1.516342054132673,3.097086757663937,3.098137122870827,upper_limit,-0.0008106745509393616,0.29918932544906063,182,,0.3012300911137126,-0.0012300911137125836
hand_friction_sweep_joint3_joint_1_4_20260811_151452.csv,120,3,joint_1_4,-1,0.3,-0.3,0.985201597213745,1.5304792210738274,-1.5144221919554797,-3.044901413029307,-3.0906379178034347,lower_limit,-0.00022092723494724045,-0.3002209272349472,180,,-0.3001506017841675,0.00015060178416753667
hand_friction_sweep_joint4_joint_2_1_20260811_140138.csv,1,4,joint_2_1,1,0.05,0.05,2.3897321224212646,-0.8403760348352696,0.1239183768915973,0.9642944117268669,0.4035156922734288,upper_limit,0.006373805581338155,0.05637380558133814,439,,0.04778918710937372,0.0022108128906262806
hand_friction_sweep_joint4_joint_2_1_20260811_140138.csv,3,4,joint_2_1,1,0.05,0.05,2.393364667892456,-0.8281587300713092,0.1251401073679934,0.9532988374393027,0.39830906264641924,upper_limit,0.006462029721575308,0.05646202972157531,443,,0.04724937106417001,0.002750628935829995
hand_friction_sweep_joint4_joint_2_1_20260811_140138.csv,5,4,joint_2_1,1,0.05,0.05,2.375630617141724,-0.8525933395992299,0.1228711793404007,0.9754645189396306,0.4106128755459784,upper_limit,0.006510072916717837,0.05651007291671783,437,,0.048525013100605995,0.0014749868993940082
hand_friction_sweep_joint4_joint_2_1_20260811_140138.csv,7,4,joint_2_1,1,0.05,0.05,2.3826634883880615,-0.8477064176936457,0.1244419756671956,0.9721483933608414,0.4080091032991515,upper_limit,0.006535100292672441,0.056535100292672426,440,,0.04825505765195993,0.0017449423480400753
hand_friction_sweep_joint4_joint_2_1_20260811_140138.csv,9,4,joint_2_1,1,0.05,0.05,2.3844926357269287,-0.838107106807677,0.1239183768915973,0.9620254836992743,0.4034508093190208,upper_limit,0.006526918444160392,0.05652691844416038,439,,0.0477824601358114,0.0022175398641886
hand_friction_sweep_joint4_joint_2_1_20260811_140138.csv,11,4,joint_2_1,1,0.05,0.05,2.38184142112732,-0.838107106807677,0.1244419756671956,0.9625490824748726,0.4041197176003852,upper_limit,0.006506677614408864,0.05650667761440885,439,,0.047851811606708615,0.002148188393291388
hand_friction_sweep_joint4_joint_2_1_20260811_140138.csv,13,4,joint_2_1,1,0.05,0.05,2.368659257888794,-0.8410741665360674,0.1225221134900019,0.9635962800260692,0.406810847451706,upper_limit,0.006575764675367429,0.056575764675367415,436,,0.04813082416906443,0.001869175830935571
hand_friction_sweep_joint4_joint_2_1_20260811_140138.csv,15,4,joint_2_1,1,0.05,0.05,2.33709716796875,-0.8339183166028906,0.1228711793404007,0.9567894959432913,0.40939226192930156,upper_limit,0.006456985931543454,0.05645698593154344,431,,0.04839846159560587,0.0016015384043941358
hand_friction_sweep_joint4_joint_2_1_20260811_140138.csv,17,4,joint_2_1,1,0.05,0.05,2.3780713081359863,-0.838107106807677,0.1232202451907996,0.9613273519984766,0.40424664672986527,upper_limit,0.006564272431381457,0.05656427243138144,438,,0.047864971440536946,0.0021350285594630564
hand_friction_sweep_joint4_joint_2_1_20260811_140138.csv,19,4,joint_2_1,1,0.05,0.05,2.374387741088867,-0.8419468311620645,0.1239183768915973,0.9658652080536618,0.40678495400701786,upper_limit,0.006518431519742819,0.0565184315197428,438,,0.04812813957309553,0.001871860426904473
hand_friction_sweep_joint4_joint_2_1_20260811_140138.csv,21,4,joint_2_1,1,0.1,0.1,1.0340006351470947,-0.8377580409572781,0.1247910415175945,0.9625490824748726,0.9308979605587403,upper_limit,0.007715053490201378,0.10771505349020137,191,,0.1024674397931257,-0.002467439793125692
hand_friction_sweep_joint4_joint_2_1_20260811_140138.csv,22,4,joint_2_1,-1,0.1,-0.1,1.1365644931793213,0.1588249619314839,-0.6981317007977318,-0.8569566627292157,-0.7539885927036517,lower_limit,0.006056938363292163,-0.09394306163670776,210,,-0.09922078063588442,-0.0007792193641155826
hand_friction_sweep_joint4_joint_2_1_20260811_140138.csv,23,4,joint_2_1,1,0.1,0.1,0.9268298149108889,-0.721170046924057,0.1235693110411985,0.8447393579652555,0.911428769742883,upper_limit,0.006601913809664872,0.10660191380966486,171,,0.10044890144059672,-0.00044890144059671344
hand_friction_sweep_joint4_joint_2_1_20260811_140138.csv,24,4,joint_2_1,-1,0.1,-0.1,1.1572716236114502,0.1658062789394613,-0.7019714251521193,-0.8677777040915806,-0.7498479063917097,lower_limit,0.005995209880716129,-0.09400479011928382,214,,-0.09879148009609828,-0.0012085199039017225
hand_friction_sweep_joint4_joint_2_1_20260811_140138.csv,25,4,joint_2_1,1,0.1,0.1,0.9313604831695557,-0.726056968829641,0.1321214243759707,0.8581783932056117,0.9214245275740124,upper_limit,0.006542020579868921,0.10654202057986892,172,,0.10148524757000507,-0.001485247570005066
hand_friction_sweep_joint4_joint_2_1_20260811_140138.csv,26,4,joint_2_1,-1,0.1,-0.1,1.1549403667449951,0.1673770752662562,-0.7030186227033158,-0.8703956979695721,-0.7536282591131832,lower_limit,0.005956132497194186,-0.09404386750280576,213,,-0.09918342175543866,-0.0008165782445613418
hand_friction_sweep_joint4_joint_2_1_20260811_140138.csv,27,4,joint_2_1,1,0.1,0.1,0.9339458942413331,-0.7180284542704671,0.1293288975727798,0.8473573518432469,0.90728741040355,upper_limit,0.006634511102278125,0.10663451110227815,173,,0.10001953112227618,-1.953112227617848e-05
hand_friction_sweep_joint4_joint_2_1_20260811_140138.csv,28,4,joint_2_1,-1,0.1,-0.1,1.1688387393951416,0.1692969374434499,-0.7000515629749255,-0.8693485004183754,-0.7437711218129642,lower_limit,0.005990171395644541,-0.09400982860435539,216,,-0.09816144760793429,-0.0018385523920657204
hand_friction_sweep_joint4_joint_2_1_20260811_140138.csv,29,4,joint_2_1,1,0.1,0.1,0.9434704780578614,-0.7264060346800398,0.1324704902263695,0.8588765249064093,0.910337466705276,upper_limit,0.006524562182491529,0.10652456218249154,175,,0.1003357566747728,-0.0003357566747727997
hand_friction_sweep_joint4_joint_2_1_20260811_140138.csv,30,4,joint_2_1,-1,0.1,-0.1,1.1612663269042969,0.176976386152225,-0.6981317007977318,-0.8751080869499568,-0.753580868294717,lower_limit,0.005870111976310707,-0.09412988802368921,215,,-0.099178508341957,-0.0008214916580430026
hand_friction_sweep_joint4_joint_2_1_20260811_140138.csv,31,4,joint_2_1,1,0.1,0.1,0.9294989109039307,-0.7230899091012507,0.1232202451907996,0.8463101542920504,0.9105015017919925,upper_limit,0.006529134025269535,0.10652913402526953,172,,0.10035276360211917,-0.000352763602119166
hand_friction_sweep_joint4_joint_2_1_20260811_140138.csv,32,4,joint_2_1,-1,0.1,-0.1,1.1537034511566162,0.1692969374434499,-0.7004006288253244,-0.8696975662687743,-0.753831121330946,lower_limit,0.005962685553285129,-0.0940373144467148,214,,-0.09920445422518567,-0.0007955457748143324
hand_friction_sweep_joint4_joint_2_1_20260811_140138.csv,33,4,joint_2_1,1,0.1,0.1,0.9277665615081787,-0.7122688677388859,0.128630765871982,0.8408996336108678,0.9063698439873713,upper_limit,0.006525181016049208,0.10652518101604921,171,,0.09992439912528837,7.560087471163157e-05
hand_friction_sweep_joint4_joint_2_1_20260811_140138.csv,34,4,joint_2_1,-1,0.1,-0.1,1.1596899032592773,0.1577777643802873,-0.7023204910025181,-0.8600982553828054,-0.7416622779637232,lower_limit,0.005919656585128153,-0.09408034341487177,214,,-0.09794280564025061,-0.0020571943597493952
hand_friction_sweep_joint4_joint_2_1_20260811_140138.csv,35,4,joint_2_1,1,0.1,0.1,0.9416811466217042,-0.7269296334556382,0.1296779634231786,0.8566075968788168,0.9096577965396354,upper_limit,0.00662221775836663,0.10662221775836661,174,,0.10026528942683265,-0.00026528942683264056
hand_friction_sweep_joint4_joint_2_1_20260811_140138.csv,36,4,joint_2_1,-1,0.1,-0.1,1.158661127090454,0.1616174887346749,-0.7023204910025181,-0.8639379797371931,-0.745634732656175,lower_limit,0.005889595186583484,-0.09411040481341647,214,,-0.0983546641620679,-0.0016453358379321104
hand_friction_sweep_joint4_joint_2_1_20260811_140138.csv,37,4,joint_2_1,1,0.1,0.1,0.9348814487457275,-0.728849495632832,0.1282817000215832,0.8571311956544152,0.916834104264637,upper_limit,0.006571406743798656,0.10657140674379867,173,,0.10100931893013729,-0.0010093189301372818
hand_friction_sweep_joint4_joint_2_1_20260811_140138.csv,38,4,joint_2_1,-1,0.1,-0.1,1.1473851203918457,0.1584758960810851,-0.7004006288253244,-0.8588765249064094,-0.7485512140972274,lower_limit,0.006002354456365064,-0.09399764554363486,212,,-0.09865704086066229,-0.0013429591393377127
hand_friction_sweep_joint4_joint_2_1_20260811_140138.csv,39,4,joint_2_1,1,0.1,0.1,0.9290130138397217,-0.7173303225696693,0.1293288975727798,0.8466592201424491,0.9113534552579683,upper_limit,0.006575428582542619,0.1065754285825426,172,,0.10044109294060617,-0.00044109294060616644
hand_friction_sweep_joint4_joint_2_1_20260811_140138.csv,40,4,joint_2_1,-1,0.1,-0.1,1.1498959064483643,0.1715658654710425,-0.7010987605261221,-0.8726646259971645,-0.7589074985861352,lower_limit,0.005943948538580001,-0.09405605146141993,212,,-0.09973076588746387,-0.00026923411253614027
hand_friction_sweep_joint4_joint_2_1_20260811_140138.csv,41,4,joint_2_1,1,0.15,0.15,0.6161727905273438,-0.710349005561692,0.1331686219271673,0.8435176274888593,1.3689627981900099,upper_limit,0.006820272893185428,0.15682027289318543,114,,0.14788538674410487,0.002114613255895126
hand_friction_sweep_joint4_joint_2_1_20260811_140138.csv,42,4,joint_2_1,-1,0.15,-0.15,0.725489616394043,0.2071705822117269,-0.7007496946757232,-0.9079202768874501,-1.251458678899026,lower_limit,0.004961507770186807,-0.14503849222981313,134,,-0.15079778030262908,0.0007977803026290864
hand_friction_sweep_joint4_joint_2_1_20260811_140138.csv,43,4,joint_2_1,1,0.15,0.15,0.6270232200622559,-0.7571238295151401,0.1308996938995747,0.8880235234147148,1.416253011055228,upper_limit,0.007122639799607638,0.15712263979960764,116,,0.15278836957839678,-0.0027883695783967877
hand_friction_sweep_joint4_joint_2_1_20260811_140138.csv,44,4,joint_2_1,-1,0.15,-0.15,0.7222371101379395,0.1980948701013563,-0.7030186227033158,-0.9011134928046721,-1.2476698859084785,lower_limit,0.005197320191468219,-0.14480267980853173,134,,-0.1504049635680484,0.0004049635680483943
hand_friction_sweep_joint4_joint_2_1_20260811_140138.csv,45,4,joint_2_1,1,0.15,0.15,0.6157073974609375,-0.7475245186291712,0.1251401073679934,0.8726646259971647,1.4173365946159993,upper_limit,0.007326302327710833,0.1573263023277108,114,,0.15290071399970703,-0.0029007139997070386
hand_friction_sweep_joint4_joint_2_1_20260811_140138.csv,46,4,joint_2_1,-1,0.15,-0.15,0.7013914585113525,0.1802925117310142,-0.7016223593017205,-0.8819148710327347,-1.2573789719431838,lower_limit,0.005306258841865189,-0.14469374115813474,130,,-0.15141158796833387,0.0014115879683338772
hand_friction_sweep_joint4_joint_2_1_20260811_140138.csv,47,4,joint_2_1,1,0.15,0.15,0.6308016777038574,-0.7468263869283736,0.1408480706359423,0.8876744575643158,1.4072163866074126,upper_limit,0.007142185328147523,0.15714218532814753,117,,0.15185146505073352,-0.001851465050733525
hand_friction_sweep_joint4_joint_2_1_20260811_140138.csv,48,4,joint_2_1,-1,0.15,-0.15,0.7172794342041016,0.1965240737745615,-0.6984807666481306,-0.8950048404226921,-1.2477770834400068,lower_limit,0.004952581265858037,-0.14504741873414187,133,,-0.15041607765752096,0.00041607765752096904
hand_friction_sweep_joint4_joint_2_1_20260811_140138.csv,49,4,joint_2_1,1,0.15,0.15,0.6259593963623047,-0.7410668003967923,0.1293288975727798,0.8703956979695721,1.3904986537909367,upper_limit,0.007196597927332334,0.15719659792733234,116,,0.1501181939981994,-0.00011819399819940068
hand_friction_sweep_joint4_joint_2_1_20260811_140138.csv,50,4,joint_2_1,-1,0.15,-0.15,0.7336483001708984,0.1946042115973677,-0.7084291433844982,-0.903033354981866,-1.230880456986693,lower_limit,0.005160034891816343,-0.1448399651081836,136,,-0.1486642591640379,-0.001335740835962107
hand_friction_sweep_joint4_joint_2_1_20260811_140138.csv,51,4,joint_2_1,1,0.15,0.15,0.6304728984832764,-0.7529350393103537,0.1251401073679934,0.8780751466783471,1.3927246496887107,upper_limit,0.007396197217674692,0.1573961972176747,117,,0.15034898212569411,-0.00034898212569411946
hand_friction_sweep_joint4_joint_2_1_20260811_140138.csv,52,4,joint_2_1,-1,0.15,-0.15,0.7147161960601807,0.1783726495538204,-0.7145377957664785,-0.8929104453202988,-1.2493216891437477,lower_limit,0.0052360081191632594,-0.14476399188083666,132,,-0.1505762202069482,0.000576220206948197
hand_friction_sweep_joint4_joint_2_1_20260811_140138.csv,53,4,joint_2_1,1,0.15,0.15,0.6357996463775635,-0.7682939367279038,0.1331686219271673,0.9014625586550711,1.4178406103103527,upper_limit,0.007363702491149057,0.15736370249114903,118,,0.15295296963883204,-0.0029529696388320426
hand_friction_sweep_joint4_joint_2_1_20260811_140138.csv,54,4,joint_2_1,-1,0.15,-0.15,0.7116513252258301,0.192335283569775,-0.7061602153569057,-0.8984954989266807,-1.2625501661808314,lower_limit,0.005164160134486007,-0.14483583986551393,132,,-0.15194773012214988,0.0019477301221498822
hand_friction_sweep_joint4_joint_2_1_20260811_140138.csv,55,4,joint_2_1,1,0.15,0.15,0.6261966228485107,-0.7410668003967923,0.1289798317223809,0.8700466321191732,1.3894144432804687,upper_limit,0.007282480648216907,0.15728248064821693,116,,0.15000578457562533,-5.784575625333854e-06
hand_friction_sweep_joint4_joint_2_1_20260811_140138.csv,56,4,joint_2_1,-1,0.15,-0.15,0.7129218578338623,0.1904154213925813,-0.702669556852917,-0.8930849782454983,-1.2527108945138006,lower_limit,0.005144379483241831,-0.1448556205167581,132,,-0.15092760825839593,0.00092760825839594
hand_friction_sweep_joint4_joint_2_1_20260811_140138.csv,57,4,joint_2_1,1,0.15,0.15,0.6179971694946289,-0.7298966931840285,0.1225221134900019,0.8524188066740304,1.3793247748547153,upper_limit,0.007311430002002442,0.15731143000200243,115,,0.14895970192769648,0.0010402980723035193
hand_friction_sweep_joint4_joint_2_1_20260811_140138.csv,58,4,joint_2_1,-1,0.15,-0.15,0.7116165161132812,0.1754055898254301,-0.7019714251521193,-0.8773770149775494,-1.2329351485117597,lower_limit,0.005132860996916385,-0.14486713900308354,132,,-0.14887728669482697,-0.0011227133051730231
hand_friction_sweep_joint4_joint_2_1_20260811_140138.csv,59,4,joint_2_1,1,0.15,0.15,0.6127235889434814,-0.749444380806365,0.1247910415175945,0.8742354223239595,1.4268022940513887,upper_limit,0.0073305483987927,0.1573305483987927,114,,0.1538821044192967,-0.003882104419296706
hand_friction_sweep_joint4_joint_2_1_20260811_140138.csv,60,4,joint_2_1,-1,0.15,-0.15,0.7072927951812744,0.1876228945893904,-0.7061602153569057,-0.8937831099462961,-1.2636677710215123,lower_limit,0.0053087588994165285,-0.1446912411005834,131,,-0.15206360182196646,0.0020636018219664654
hand_friction_sweep_joint4_joint_2_1_20260811_140138.csv,61,4,joint_2_1,1,0.2,0.2,0.4767987728118897,-0.7548549014875474,0.127409035395586,0.8822639368831334,1.8503905362005009,upper_limit,0.0075984343241991,0.2075984343241991,89,,0.19779913828810597,0.002200861711894042
hand_friction_sweep_joint4_joint_2_1_20260811_140138.csv,62,4,joint_2_1,-1,0.2,-0.2,0.5367329120635986,0.223751210105673,-0.7058111495065068,-0.9295623596121798,-1.731889993550524,lower_limit,0.004398285351900383,-0.1956017146480996,100,,-0.20060822407259343,0.0006082240725934218
hand_friction_sweep_joint4_joint_2_1_20260811_140138.csv,63,4,joint_2_1,1,0.2,0.2,0.48484468460083,-0.7782423134642714,0.1328195560767684,0.9110618695410398,1.8790798341764066,upper_limit,0.007830904703187496,0.20783090470318757,90,,0.20077360439813713,-0.0007736043981371177
hand_friction_sweep_joint4_joint_2_1_20260811_140138.csv,64,4,joint_2_1,-1,0.2,-0.2,0.5441207885742188,0.2321287905152458,-0.7154104603924756,-0.9475392509077214,-1.741413433937336,lower_limit,0.0043097816185380415,-0.1956902183814619,101,,-0.2015956009929093,0.0015956009929092851
hand_friction_sweep_joint4_joint_2_1_20260811_140138.csv,65,4,joint_2_1,1,0.2,0.2,0.49576640129089355,-0.7827801695194567,0.1420698011123384,0.9248499706317952,1.8654954596028273,upper_limit,0.007741777328822685,0.20774177732882265,92,,0.1993651955263336,0.0006348044736664005
hand_friction_sweep_joint4_joint_2_1_20260811_140138.csv,66,4,joint_2_1,-1,0.2,-0.2,0.548825740814209,0.2267182698340633,-0.7115707360380881,-0.9382890058721514,-1.7096300994923364,lower_limit,0.004399407019037353,-0.19560059298096255,102,,-0.19830034952841424,-0.0016996504715857674
hand_friction_sweep_joint4_joint_2_1_20260811_140138.csv,67,4,joint_2_1,1,0.2,0.2,0.49492526054382324,-0.7967428035354114,0.1370083462815548,0.9337511498169662,1.8866508223705567,upper_limit,0.008055597487670919,0.20805559748767094,92,,0.20155855381801693,-0.0015585538180169223
hand_friction_sweep_joint4_joint_2_1_20260811_140138.csv,68,4,joint_2_1,-1,0.2,-0.2,0.5380198955535889,0.2321287905152458,-0.7148868616168773,-0.9470156521321231,-1.7601870487664832,lower_limit,0.004407794692522077,-0.19559220530747787,100,,-0.2035420230043149,0.003542023004314887
hand_friction_sweep_joint4_joint_2_1_20260811_140138.csv,69,4,joint_2_1,1,0.2,0.2,0.4895217418670655,-0.7794640439406675,0.1446877949903299,0.9241518389309974,1.887866788932043,upper_limit,0.007808870729005506,0.20780887072900556,91,,0.20168462352286332,-0.0016846235228633044
hand_friction_sweep_joint4_joint_2_1_20260811_140138.csv,70,4,joint_2_1,-1,0.2,-0.2,0.5367553234100342,0.2336995868420407,-0.7007496946757232,-0.934449281517764,-1.7409222428967441,lower_limit,0.004184035749865048,-0.19581596425013487,100,,-0.20154467499586962,0.0015446749958696049
hand_friction_sweep_joint4_joint_2_1_20260811_140138.csv,71,4,joint_2_1,1,0.2,0.2,0.4788105487823487,-0.7778932476138726,0.1277581012459849,0.9056513488598574,1.8914607273440343,upper_limit,0.00794746108030152,0.20794746108030154,89,,0.20205723800848038,-0.002057238008480372
hand_friction_sweep_joint4_joint_2_1_20260811_140138.csv,72,4,joint_2_1,-1,0.2,-0.2,0.5281119346618652,0.208043246837724,-0.7084291433844982,-0.9164723902222223,-1.7353752681408592,lower_limit,0.004641475447264858,-0.19535852455273509,98,,-0.20096957244583738,0.0009695724458373689
hand_friction_sweep_joint4_joint_2_1_20260811_140138.csv,73,4,joint_2_1,1,0.2,0.2,0.4893779754638672,-0.7843509658462516,0.1324704902263695,0.9168214560726211,1.873442414738,upper_limit,0.007902918249528336,0.20790291824952833,91,,0.2001891246704821,-0.00018912467048209924
hand_friction_sweep_joint4_joint_2_1_20260811_140138.csv,74,4,joint_2_1,-1,0.2,-0.2,0.5401566028594971,0.2417281014012146,-0.7157595262428744,-0.957487627644089,-1.7726111697520914,lower_limit,0.004410785426049814,-0.19558921457395012,100,,-0.20483013841409783,0.004830138414097823
hand_friction_sweep_joint4_joint_2_1_20260811_140138.csv,75,4,joint_2_1,1,0.2,0.2,0.4886386394500733,-0.7862708280234454,0.1258382390687911,0.9121090670922365,1.866633117918689,upper_limit,0.007976599137125513,0.20797659913712552,91,,0.19948314634228484,0.0005168536577151717
hand_friction_sweep_joint4_joint_2_1_20260811_140138.csv,76,4,joint_2_1,-1,0.2,-0.2,0.5276737213134766,0.2151990967709008,-0.7077310116837006,-0.9229301084546013,-1.7490545220960771,lower_limit,0.00428236523409852,-0.19571763476590145,98,,-0.20238781827863808,0.002387818278638071
hand_friction_sweep_joint4_joint_2_1_20260811_140138.csv,77,4,joint_2_1,1,0.2,0.2,0.4850330352783203,-0.7740535232594851,0.1354375499547599,0.9094910732142449,1.8751116049082375,upper_limit,0.007783554076983771,0.2077835540769838,90,,0.2003621839623734,-0.00036218396237339134
hand_friction_sweep_joint4_joint_2_1_20260811_140138.csv,78,4,joint_2_1,-1,0.2,-0.2,0.5274350643157959,0.2401573050744197,-0.7007496946757232,-0.9409069997501429,-1.7839295553296497,lower_limit,0.004282363173813946,-0.195717636826186,98,,-0.20600361273016465,0.0060036127301646425
hand_friction_sweep_joint4_joint_2_1_20260811_140138.csv,79,4,joint_2_1,1,0.2,0.2,0.4795238971710205,-0.7717845952318925,0.1424188669627372,0.9142034621946297,1.906481548861333,upper_limit,0.007631267053517388,0.20763126705351737,89,,0.20361457568141875,-0.0036145756814187358
hand_friction_sweep_joint4_joint_2_1_20260811_140138.csv,80,4,joint_2_1,-1,0.2,-0.2,0.5392000675201416,0.2272418686096617,-0.7126179335892847,-0.9398598021989464,-1.7430632131065864,lower_limit,0.00436132002912646,-0.1956386799708735,100,,-0.20176664777948777,0.0017666477794877622
hand_friction_sweep_joint4_joint_2_1_20260811_140138.csv,81,4,joint_2_1,1,0.25,0.25,0.39816808700561523,-0.7824311036690579,0.1411971364863412,0.923628240155399,2.3196942956967153,upper_limit,0.008245998602647967,0.258245998602648,74,,0.24645589277209717,0.0035441072279028263
hand_friction_sweep_joint4_joint_2_1_20260811_140138.csv,82,4,joint_2_1,-1,0.25,-0.25,0.44111466407775873,0.2612757890235511,-0.7187265859712648,-0.9800023749948159,-2.2216499581661227,lower_limit,0.0038466831771879367,-0.246153316822812,82,,-0.25138584916549794,0.0013858491654979432
hand_friction_sweep_joint4_joint_2_1_20260811_140138.csv,83,4,joint_2_1,1,0.25,0.25,0.4018969535827637,-0.828856861772107,0.1321214243759707,0.9609782861480778,2.3911061718216806,upper_limit,0.008641320845285596,0.25864132084528557,75,,0.2538597757658827,-0.0038597757658827003
hand_friction_sweep_joint4_joint_2_1_20260811_140138.csv,84,4,joint_2_1,-1,0.25,-0.25,0.434333324432373,0.2525491427635795,-0.7199483164476609,-0.9724974592112403,-2.2390578951826687,lower_limit,0.003817845297569446,-0.24618215470243052,81,,-0.2531906796198632,0.0031906796198631904
hand_friction_sweep_joint4_joint_2_1_20260811_140138.csv,85,4,joint_2_1,1,0.25,0.25,0.3976480960845947,-0.8093091741497705,0.128630765871982,0.9379399400217525,2.358718548528439,upper_limit,0.008582020083540079,0.2585820200835401,74,,0.2505018724825361,-0.000501872482536081
hand_friction_sweep_joint4_joint_2_1_20260811_140138.csv,86,4,joint_2_1,-1,0.25,-0.25,0.42406177520751964,0.2443460952792061,-0.7061602153569057,-0.9505063106361118,-2.2414335981378426,lower_limit,0.0038881499126676225,-0.24611185008733233,79,,-0.2534369891647534,0.003436989164753379
hand_friction_sweep_joint4_joint_2_1_20260811_140138.csv,87,4,joint_2_1,1,0.25,0.25,0.4027791023254395,-0.799011731563004,0.1466076571675236,0.9456193887305275,2.3477369686535554,upper_limit,0.008267950090638677,0.2582679500906387,75,,0.24936331770856165,0.0006366822914383452
hand_friction_sweep_joint4_joint_2_1_20260811_140138.csv,88,4,joint_2_1,-1,0.25,-0.25,0.4302690029144287,0.2462659574563998,-0.7077310116837006,-0.9539969691401003,-2.217210541959096,lower_limit,0.003583153639299344,-0.2464168463607006,80,,-0.2509255767298596,0.0009255767298596007
hand_friction_sweep_joint4_joint_2_1_20260811_140138.csv,89,4,joint_2_1,1,0.25,0.25,0.39639043807983393,-0.8023278571417932,0.1427679328131361,0.9450957899549293,2.384254762887557,upper_limit,0.008328033683036345,0.25832803368303636,74,,0.2531494313127828,-0.00314943131278278
hand_friction_sweep_joint4_joint_2_1_20260811_140138.csv,90,4,joint_2_1,-1,0.25,-0.25,0.44051694869995117,0.2467895562319981,-0.7298966931840285,-0.9766862494160267,-2.2171365989399785,lower_limit,0.0039853367830825475,-0.24601466321691742,82,,-0.25091791042151623,0.0009179104215162326
hand_friction_sweep_joint4_joint_2_1_20260811_140138.csv,91,4,joint_2_1,1,0.25,0.25,0.4076845645904541,-0.8326965861264946,0.1328195560767684,0.965516142203263,2.368292121074506,upper_limit,0.008698113243559591,0.25869811324355957,76,,0.2514944470346954,-0.001494447034695423
hand_friction_sweep_joint4_joint_2_1_20260811_140138.csv,92,4,joint_2_1,-1,0.25,-0.25,0.4295198917388916,0.2443460952792061,-0.7035422214789142,-0.9478883167581202,-2.2068554564973413,lower_limit,0.0037036775223361724,-0.24629632247766375,80,,-0.2498519760165088,-0.00014802398349120227
hand_friction_sweep_joint4_joint_2_1_20260811_140138.csv,93,4,joint_2_1,1,0.25,0.25,0.401749849319458,-0.7942993425826192,0.1392772743091475,0.9335766168917667,2.3237758980449996,upper_limit,0.008266241201260571,0.25826624120126057,75,,0.2468790675695353,0.0031209324304647124
hand_friction_sweep_joint4_joint_2_1_20260811_140138.csv,94,4,joint_2_1,-1,0.25,-0.25,0.4409437179565429,0.2677335072559301,-0.7164576579436722,-0.9841911651996023,-2.232010855627155,lower_limit,0.0035140720754715487,-0.24648592792452842,82,,-0.2524600524587689,0.002460052458768902
hand_friction_sweep_joint4_joint_2_1_20260811_140138.csv,95,4,joint_2_1,1,0.25,0.25,0.40790700912475586,-0.8250171374177195,0.1584758960810851,0.9834930334988046,2.4110716695187,upper_limit,0.008366642827554041,0.258366642827554,76,,0.25592977051861465,-0.005929770518614652
hand_friction_sweep_joint4_joint_2_1_20260811_140138.csv,96,4,joint_2_1,-1,0.25,-0.25,0.4381434917449951,0.2654645792283375,-0.7035422214789142,-0.9690068007072516,-2.2116197523509613,lower_limit,0.0036152970855493336,-0.24638470291445058,82,,-0.25034593151749934,0.0003459315174993427
hand_friction_sweep_joint4_joint_2_1_20260811_140138.csv,97,4,joint_2_1,1,0.25,0.25,0.3976466655731201,-0.806691180271779,0.127409035395586,0.934100215667365,2.3490709127940637,upper_limit,0.008718128944502919,0.25871812894450297,74,,0.24950161916306043,0.0004983808369395659
hand_friction_sweep_joint4_joint_2_1_20260811_140138.csv,98,4,joint_2_1,-1,0.25,-0.25,0.4289524555206298,0.245916891606001,-0.7122688677388859,-0.9581857593448868,-2.2337808002099298,lower_limit,0.003934064516823761,-0.24606593548317618,80,,-0.25264355782660736,0.0026435578266073567
hand_friction_sweep_joint4_joint_2_1_20260811_140138.csv,99,4,joint_2_1,1,0.25,0.25,0.3973243236541748,-0.807040246122178,0.1308996938995747,0.9379399400217526,2.36064062576275,upper_limit,0.008560510221510859,0.25856051022151094,74,,0.2507011507499626,-0.0007011507499625758
hand_friction_sweep_joint4_joint_2_1_20260811_140138.csv,100,4,joint_2_1,-1,0.25,-0.25,0.43014526367187494,0.2321287905152458,-0.719599250597262,-0.9517280411125079,-2.212573568724701,lower_limit,0.0039058497506762073,-0.24609415024932377,80,,-0.2504448218591614,0.00044482185916139283
hand_friction_sweep_joint4_joint_2_1_20260811_140138.csv,101,4,joint_2_1,1,0.3,0.3,0.3420009613037109,-0.8173376887089444,0.1354375499547599,0.9527752386637043,2.785884680065565,upper_limit,0.008786437699805664,0.3087864376998057,64,,0.29478985689670284,0.005210143103297149
hand_friction_sweep_joint4_joint_2_1_20260811_140138.csv,102,4,joint_2_1,-1,0.3,-0.3,0.3750894069671631,0.2747148242639074,-0.7154104603924756,-0.990125284656383,-2.639704737764196,lower_limit,0.003157577750018498,-0.2968424222499815,70,,-0.2947291814106908,-0.0052708185893091675
hand_friction_sweep_joint4_joint_2_1_20260811_140138.csv,103,4,joint_2_1,1,0.3,0.3,0.35212135314941406,-0.8407251006856684,0.1478293876439197,0.9885544883295881,2.8074255636241388,upper_limit,0.008944244899682924,0.3089442448996829,66,,0.2970231854423827,0.00297681455761728
hand_friction_sweep_joint4_joint_2_1_20260811_140138.csv,104,4,joint_2_1,-1,0.3,-0.3,0.3756983280181885,0.2912954521578536,-0.718377520120866,-1.0096729722787194,-2.6874566559951223,lower_limit,0.003124826774986187,-0.2968751732250138,70,,-0.29968003320867337,-0.0003199667913266202
hand_friction_sweep_joint4_joint_2_1_20260811_140138.csv,105,4,joint_2_1,1,0.3,0.3,0.35307931900024414,-0.8372344421816797,0.1331686219271673,0.970403064108847,2.748399614161984,upper_limit,0.009093200063276106,0.30909320006327606,66,,0.2909034579246497,0.009096542075350267
hand_friction_sweep_joint4_joint_2_1_20260811_140138.csv,106,4,joint_2_1,-1,0.3,-0.3,0.3799293041229248,0.2808234766458876,-0.719599250597262,-1.0004227272431496,-2.6331812692170393,lower_limit,0.0031515637403871323,-0.2968484362596128,71,,-0.29405283735620513,-0.005947162643794857
hand_friction_sweep_joint4_joint_2_1_20260811_140138.csv,107,4,joint_2_1,1,0.3,0.3,0.3424627780914306,-0.8511970761976344,0.1328195560767684,0.9840166322744028,2.8733535298592083,upper_limit,0.009149599489668796,0.3091495994896688,64,,0.30385850436284517,-0.003858504362845183
hand_friction_sweep_joint4_joint_2_1_20260811_140138.csv,108,4,joint_2_1,-1,0.3,-0.3,0.37561535835266113,0.26162485487395,-0.7302457590344275,-0.9918706139083775,-2.640655105953152,lower_limit,0.003523370168740349,-0.2964766298312595,70,,-0.29482771424939863,-0.0051722857506013575
hand_friction_sweep_joint4_joint_2_1_20260811_140138.csv,109,4,joint_2_1,1,0.3,0.3,0.34289479255676264,-0.8464846872172498,0.143116998663535,0.9896016858807848,2.8860213317965937,upper_limit,0.008980134049433278,0.30898013404943325,64,,0.3051718842713736,-0.005171884271373606
hand_friction_sweep_joint4_joint_2_1_20260811_140138.csv,110,4,joint_2_1,-1,0.3,-0.3,0.36321115493774414,0.2734930937875114,-0.7096508738608943,-0.9831439676484057,-2.7068110499439935,lower_limit,0.0030399476301351076,-0.2969600523698648,68,,-0.3016866695833054,0.0016866695833054335
hand_friction_sweep_joint4_joint_2_1_20260811_140138.csv,111,4,joint_2_1,1,0.3,0.3,0.3490970134735108,-0.8365363104808821,0.1436405974391333,0.9801769079200153,2.807749336401557,upper_limit,0.008859411010948342,0.30885941101094827,65,,0.2970567537490938,0.002943246250906195
hand_friction_sweep_joint4_joint_2_1_20260811_140138.csv,112,4,joint_2_1,-1,0.3,-0.3,0.370588779449463,0.28623399732707,-0.702669556852917,-0.988903554179987,-2.6684659898474967,lower_limit,0.0030511222389192245,-0.29694887776108075,69,,-0.2977111076214921,-0.0022888923785078785
hand_friction_sweep_joint4_joint_2_1_20260811_140138.csv,113,4,joint_2_1,1,0.3,0.3,0.3484561443328858,-0.830427658098902,0.16004669240788,0.9904743505067819,2.842464874318777,upper_limit,0.008765382894464917,0.3087653828944649,65,,0.3006560119502877,-0.0006560119502876938
hand_friction_sweep_joint4_joint_2_1_20260811_140138.csv,114,4,joint_2_1,-1,0.3,-0.3,0.3757984638214111,0.2816961412718847,-0.7068583470577035,-0.9885544883295881,-2.630544250439976,lower_limit,0.003114540218952508,-0.29688545978104747,70,,-0.2937794349540105,-0.006220565045989501
hand_friction_sweep_joint4_joint_2_1_20260811_140138.csv,115,4,joint_2_1,1,0.3,0.3,0.34787535667419445,-0.8438666933392582,0.1446877949903299,0.9885544883295881,2.8416916270830503,upper_limit,0.00901564844268471,0.3090156484426847,65,,0.30057584276318255,-0.0005758427631825658
hand_friction_sweep_joint4_joint_2_1_20260811_140138.csv,116,4,joint_2_1,-1,0.3,-0.3,0.37571787834167475,0.2804744107954887,-0.7199483164476609,-1.0004227272431496,-2.662696626678418,lower_limit,0.0032219596511499134,-0.29677804034885014,70,,-0.2971129481532019,-0.0028870518467981054
hand_friction_sweep_joint4_joint_2_1_20260811_140138.csv,117,4,joint_2_1,1,0.3,0.3,0.35354471206665034,-0.8480554835440447,0.1459095254667259,0.9939650090107706,2.811426603442984,upper_limit,0.009028176713664208,0.3090281767136642,66,,0.2974380076299467,0.0025619923700532787
hand_friction_sweep_joint4_joint_2_1_20260811_140138.csv,118,4,joint_2_1,-1,0.3,-0.3,0.3743221759796142,0.2843141351498762,-0.7148868616168773,-0.9992009967667534,-2.6693609432885177,lower_limit,0.0032893937720469978,-0.2967106062279529,70,,-0.29780389513698335,-0.0021961048630166347
hand_friction_sweep_joint4_joint_2_1_20260811_140138.csv,119,4,joint_2_1,1,0.3,0.3,0.3486099243164063,-0.853815070075626,0.1328195560767684,0.9866346261523944,2.8301966104008627,upper_limit,0.009256921896624607,0.3092569218966246,65,,0.2993840555823277,0.000615944417672265
hand_friction_sweep_joint4_joint_2_1_20260811_140138.csv,120,4,joint_2_1,-1,0.3,-0.3,0.3675425052642822,0.2658136450787363,-0.7122688677388859,-0.9780825128176222,-2.6611412253239384,lower_limit,0.0033445558784493522,-0.2966554441215506,68,,-0.2969516863258724,-0.0030483136741276118
hand_friction_sweep_joint5_joint_2_2_20260811_153257.csv,2,5,joint_2_2,-1,0.05,-0.05,6.8979997634887695,2.177996373563724,0.0865683308989187,-2.0914280426648055,-0.30319340596889693,lower_limit,-0.0034702935838771165,-0.053470293583877074,1249,,-0.04616997699893806,-0.003830023001061944
hand_friction_sweep_joint5_joint_2_2_20260811_153257.csv,4,5,joint_2_2,-1,0.05,-0.05,6.88792872428894,2.149896572606615,0.087091929674517,-2.062804642932098,-0.29948112495096224,lower_limit,-0.0033546619219876482,-0.0533546619219876,1247,,-0.04583315801961244,-0.00416684198038756
hand_friction_sweep_joint5_joint_2_2_20260811_153257.csv,6,5,joint_2_2,-1,0.05,-0.05,6.830002784729004,2.147976710429421,0.087091929674517,-2.060884780754904,-0.30173996200452124,lower_limit,-0.003410021459785234,-0.053410021459785205,1235,,-0.04603810457057854,-0.003961895429421464
hand_friction_sweep_joint5_joint_2_2_20260811_153257.csv,8,5,joint_2_2,-1,0.05,-0.05,7.0500195026397705,2.168047996827356,0.0865683308989187,-2.081479665928437,-0.2952445259405395,lower_limit,-0.003138648617928225,-0.05313864861792818,1277,,-0.04544876714305742,-0.004551232856942582
hand_friction_sweep_joint5_joint_2_2_20260811_153257.csv,10,5,joint_2_2,-1,0.05,-0.05,7.1639063358306885,2.1671753322013587,0.087091929674517,-2.0800834025268418,-0.29035602993902715,lower_limit,-0.0029740750924054917,-0.05297407509240545,1299,,-0.04500522899879733,-0.004994771001202672
hand_friction_sweep_joint5_joint_2_2_20260811_153257.csv,12,5,joint_2_2,-1,0.05,-0.05,6.8566811084747314,2.139948195870247,0.087091929674517,-2.05285626619573,-0.29939503292029107,lower_limit,-0.003311432936996786,-0.053311432936996736,1243,,-0.04582534680333904,-0.004174653196660966
hand_friction_sweep_joint5_joint_2_2_20260811_153257.csv,14,5,joint_2_2,-1,0.05,-0.05,6.991092443466187,2.157226955464991,0.087091929674517,-2.0701350257904743,-0.2961103779603435,lower_limit,-0.0032878330753533394,-0.05328783307535331,1267,,-0.045527326765065684,-0.0044726732349343185
hand_friction_sweep_joint5_joint_2_2_20260811_153257.csv,16,5,joint_2_2,-1,0.05,-0.05,7.011164665222168,2.165604535874564,0.087091929674517,-2.078512606200047,-0.2964575367214234,lower_limit,-0.003262403042005284,-0.05326240304200524,1273,,-0.04555882482757927,-0.004441175172420736
hand_friction_sweep_joint5_joint_2_2_20260811_153257.csv,18,5,joint_2_2,-1,0.05,-0.05,7.072816848754883,2.141868058047441,0.087091929674517,-2.0547761283729242,-0.29051736702819503,lower_limit,-0.002985822701416802,-0.05298582270141676,1283,,-0.04501986727468171,-0.00498013272531829
hand_friction_sweep_joint5_joint_2_2_20260811_153257.csv,20,5,joint_2_2,-1,0.05,-0.05,6.979324817657471,2.165255470024165,0.087091929674517,-2.078163540349648,-0.29775996885715367,lower_limit,-0.003273984143234294,-0.05327398414323424,1263,,-0.04567699580129547,-0.00432300419870453
hand_friction_sweep_joint5_joint_2_2_20260811_153257.csv,21,5,joint_2_2,1,0.1,0.1,3.002138376235962,0.0823795406941323,2.028770722518209,1.9463911818240767,0.648334932603751,upper_limit,-0.008813203961651072,0.09118679603834887,544,,0.09586974446080038,0.004130255539199629
hand_friction_sweep_joint5_joint_2_2_20260811_153257.csv,22,5,joint_2_2,-1,0.1,-0.1,2.1453516483306885,2.046398547963351,0.0808087443673374,-1.9655898035960138,-0.9162086808125146,lower_limit,-0.006345260374384299,-0.10634526037438427,390,,-0.10178946759954668,0.0017894675995466791
hand_friction_sweep_joint5_joint_2_2_20260811_153257.csv,23,5,joint_2_2,1,0.1,0.1,2.9676897525787354,0.0478220215046446,2.0284216566678097,1.9805996351631652,0.6673876989473542,upper_limit,-0.008586081239925892,0.09141391876007404,536,,0.09759842105672037,0.0024015789432796364
hand_friction_sweep_joint5_joint_2_2_20260811_153257.csv,24,5,joint_2_2,-1,0.1,-0.1,2.1291689872741704,2.042209757758565,0.0839503370209272,-1.9582594207376378,-0.9197294495843017,lower_limit,-0.006347515980324087,-0.10634751598032408,386,,-0.10210891048073636,0.002108910480736359
hand_friction_sweep_joint5_joint_2_2_20260811_153257.csv,25,5,joint_2_2,1,0.1,0.1,2.933349847793579,0.0560250689890179,2.02528006401422,1.9692549950252023,0.6713331505638326,upper_limit,-0.008587063795930945,0.09141293620406898,532,,0.09795639583826862,0.0020436041617313827
hand_friction_sweep_joint5_joint_2_2_20260811_153257.csv,26,5,joint_2_2,-1,0.1,-0.1,2.126582622528076,2.043256955309761,0.0839503370209272,-1.959306618288834,-0.9213404631133565,lower_limit,-0.006352642945162153,-0.10635264294516214,386,,-0.10225507935370545,0.002255079353705447
hand_friction_sweep_joint5_joint_2_2_20260811_153257.csv,27,5,joint_2_2,1,0.1,0.1,2.9368577003479004,0.0570722665402145,2.0284216566678097,1.9713493901275951,0.6712444358111287,upper_limit,-0.008611120666581158,0.09138887933341877,532,,0.0979483466597952,0.0020516533402048093
hand_friction_sweep_joint5_joint_2_2_20260811_153257.csv,28,5,joint_2_2,-1,0.1,-0.1,2.1357522010803223,2.043256955309761,0.0816814089933346,-1.9615755463164264,-0.9184471612971802,lower_limit,-0.006311797190547561,-0.10631179719054755,388,,-0.10199256717860411,0.0019925671786041044
hand_friction_sweep_joint5_joint_2_2_20260811_153257.csv,29,5,joint_2_2,1,0.1,0.1,2.9281158447265625,0.0521853446346304,2.0271999261914138,1.9750145815567834,0.6745001517319467,upper_limit,-0.008617359578221242,0.09138264042177868,532,,0.09824374103002909,0.0017562589699709197
hand_friction_sweep_joint5_joint_2_2_20260811_153257.csv,30,5,joint_2_2,-1,0.1,-0.1,2.124083995819092,2.035228440750588,0.0865683308989187,-1.9486601098516694,-0.9174119826180531,lower_limit,-0.0064039054429383515,-0.10640390544293833,386,,-0.10189864437899956,0.0018986443789995588
hand_friction_sweep_joint5_joint_2_2_20260811_153257.csv,31,5,joint_2_2,1,0.1,0.1,2.926266193389892,0.0712094334813686,2.0294688542190062,1.9582594207376376,0.6692007122117347,upper_limit,-0.008630926075220015,0.09136907392477991,530,,0.09776291756823506,0.0022370824317649446
hand_friction_sweep_joint5_joint_2_2_20260811_153257.csv,32,5,joint_2_2,-1,0.1,-0.1,2.1215691566467285,2.0380209675537784,0.085870199198121,-1.9521507683556574,-0.92014477220302,lower_limit,-0.00637336238240979,-0.10637336238240978,386,,-0.10214659311840624,0.0021465931184062315
hand_friction_sweep_joint5_joint_2_2_20260811_153257.csv,33,5,joint_2_2,1,0.1,0.1,2.91496205329895,0.060911990894602,2.0284216566678097,1.9675096657732076,0.6749692207987812,upper_limit,-0.008616020693659661,0.09138397930634028,530,,0.09828630013683193,0.0017136998631680778
hand_friction_sweep_joint5_joint_2_2_20260811_153257.csv,34,5,joint_2_2,-1,0.1,-0.1,2.1173322200775146,2.0470966796641488,0.0855211333477221,-1.9615755463164266,-0.9264373005406842,lower_limit,-0.006434902274713372,-0.10643490227471336,384,,-0.10271752052444855,0.002717520524448541
hand_friction_sweep_joint5_joint_2_2_20260811_153257.csv,35,5,joint_2_2,1,0.1,0.1,2.90022873878479,0.0439822971502571,2.0275489920418126,1.9835666948915556,0.6839345698376466,upper_limit,-0.008622169548990836,0.0913778304510091,524,,0.09909973524532176,0.0009002647546782483
hand_friction_sweep_joint5_joint_2_2_20260811_153257.csv,36,5,joint_2_2,-1,0.1,-0.1,2.122951030731201,2.036450171226984,0.0788888821901436,-1.9575612890368403,-0.9220944151324131,lower_limit,-0.00631649389067011,-0.1063164938906701,384,,-0.1023234861764358,0.002323486176435796
hand_friction_sweep_joint5_joint_2_2_20260811_153257.csv,37,5,joint_2_2,1,0.1,0.1,2.9008965492248535,0.0506145483078355,2.0291197883686074,1.9785052400607719,0.6820323325867814,upper_limit,-0.008449037632978402,0.09155096236702154,524,,0.09892714335204209,0.0010728566479579205
hand_friction_sweep_joint5_joint_2_2_20260811_153257.csv,38,5,joint_2_2,-1,0.1,-0.1,2.1178078651428223,2.048318410140545,0.0827286065445312,-1.965589803596014,-0.9281247066590987,lower_limit,-0.006375806432829374,-0.10637580643282936,378,,-0.10287062057365451,0.002870620573654503
hand_friction_sweep_joint5_joint_2_2_20260811_153257.csv,39,5,joint_2_2,1,0.1,0.1,2.889962911605835,0.0659734457253856,2.02528006401422,1.9593066182888346,0.677969468196437,upper_limit,-0.00851104865065661,0.09148895134934332,515,,0.09855851559178283,0.0014414844082171752
hand_friction_sweep_joint5_joint_2_2_20260811_153257.csv,40,5,joint_2_2,-1,0.1,-0.1,2.115109443664551,2.0329595127229947,0.0813323431429357,-1.9516271695800589,-0.9227074161225202,lower_limit,-0.00634551003154177,-0.10634551003154175,377,,-0.10237910437096795,0.002379104370967944
hand_friction_sweep_joint5_joint_2_2_20260811_153257.csv,41,5,joint_2_2,1,0.15,0.15,1.5709316730499268,0.0535816080362259,2.02528006401422,1.9716984559779942,1.2551140764448323,upper_limit,-0.007323312050575368,0.14267668794942454,281,,0.15092342464213648,-0.0009234246421364889
hand_friction_sweep_joint5_joint_2_2_20260811_153257.csv,42,5,joint_2_2,-1,0.15,-0.15,1.3568785190582275,2.08060700130244,0.0755727566113544,-2.005034244691086,-1.4776814700277852,lower_limit,-0.007154170713011234,-0.15715417071301122,243,,-0.15273245679377656,0.0027324567937765665
hand_friction_sweep_joint5_joint_2_2_20260811_153257.csv,43,5,joint_2_2,1,0.15,0.15,1.600510120391846,0.0090757121103705,2.034181243199391,2.0251055310890207,1.2652875513172157,upper_limit,-0.007021072057678953,0.14297892794232098,287,,0.15184647421897518,-0.001846474218975186
hand_friction_sweep_joint5_joint_2_2_20260811_153257.csv,44,5,joint_2_2,-1,0.15,-0.15,1.3434345722198486,2.06524810388489,0.0832522053201295,-1.9819958985647605,-1.475320004077142,lower_limit,-0.007265185871233238,-0.15726518587123323,241,,-0.15251819862006472,0.002518198620064721
hand_friction_sweep_joint5_joint_2_2_20260811_153257.csv,45,5,joint_2_2,1,0.15,0.15,1.5925004482269287,0.0397935069454707,2.039068165104975,1.9992746581595042,1.2554311431343539,upper_limit,-0.0072519649021325384,0.14274803509786738,286,,0.1509521924208221,-0.0009521924208221177
hand_friction_sweep_joint5_joint_2_2_20260811_153257.csv,46,5,joint_2_2,-1,0.15,-0.15,1.3646745681762695,2.066818900211685,0.0727802298081635,-1.9940386704035213,-1.4611825536313208,lower_limit,-0.007027814940125722,-0.1570278149401257,248,,-0.15123549356448757,0.001235493564487572
hand_friction_sweep_joint5_joint_2_2_20260811_153257.csv,47,5,joint_2_2,1,0.15,0.15,1.5959641933441162,0.0083775804095727,2.0284216566678097,2.020044076258237,1.2657201738502175,upper_limit,-0.007005245373087592,0.14299475462691236,290,,0.15188572649521584,-0.0018857264952158448
hand_friction_sweep_joint5_joint_2_2_20260811_153257.csv,48,5,joint_2_2,-1,0.15,-0.15,1.34340238571167,2.0624555770816992,0.0808087443673374,-1.981646832714362,-1.4750955140403303,lower_limit,-0.007203476693759297,-0.15720347669375928,244,,-0.15249783041391266,0.0024978304139126606
hand_friction_sweep_joint5_joint_2_2_20260811_153257.csv,49,5,joint_2_2,1,0.15,0.15,1.5858643054962158,0.0244346095279206,2.033308578573393,2.0088739690454727,1.2667376156227297,upper_limit,-0.007159277623789501,0.14284072237621043,288,,0.15197804000749715,-0.001978040007497156
hand_friction_sweep_joint5_joint_2_2_20260811_153257.csv,50,5,joint_2_2,-1,0.15,-0.15,1.343301773071289,2.0748474147708587,0.0851720674973232,-1.9896753472735353,-1.4811827000900886,lower_limit,-0.00724147336971443,-0.1572414733697144,244,,-0.15305012690826192,0.0030501269082619242
hand_friction_sweep_joint5_joint_2_2_20260811_153257.csv,51,5,joint_2_2,1,0.15,0.15,1.5864014625549316,0.0417133691226644,2.03749736877818,1.9957839996555158,1.2580573371643677,upper_limit,-0.007201256870676335,0.14279874312932359,288,,0.15119046963863694,-0.0011904696386369484
hand_friction_sweep_joint5_joint_2_2_20260811_153257.csv,52,5,joint_2_2,-1,0.15,-0.15,1.3440830707550049,2.071007690416472,0.0813323431429357,-1.989675347273536,-1.4803217082080247,lower_limit,-0.007201096676457805,-0.15720109667645776,244,,-0.15297200825142443,0.002972008251424435
hand_friction_sweep_joint5_joint_2_2_20260811_153257.csv,53,5,joint_2_2,1,0.15,0.15,1.5726337432861328,0.0382227106186758,2.02528006401422,1.9870573533955442,1.2635220132333185,upper_limit,-0.007087080257598755,0.1429129197424012,286,,0.1516862851781925,-0.0016862851781924981
hand_friction_sweep_joint5_joint_2_2_20260811_153257.csv,54,5,joint_2_2,-1,0.15,-0.15,1.3317742347717285,2.0556487929989213,0.087091929674517,-1.9685568633244044,-1.4781460790625844,lower_limit,-0.007265292618822381,-0.15726529261882236,242,,-0.15277461123740044,0.002774611237400443
hand_friction_sweep_joint5_joint_2_2_20260811_153257.csv,55,5,joint_2_2,1,0.15,0.15,1.5721852779388428,0.0390953752446729,2.0291197883686074,1.9900244131239344,1.2657696526282733,upper_limit,-0.007190123656768792,0.14280987634323114,286,,0.15189021575436473,-0.001890215754364738
hand_friction_sweep_joint5_joint_2_2_20260811_153257.csv,56,5,joint_2_2,-1,0.15,-0.15,1.3425827026367188,2.073974750144861,0.0855211333477221,-1.988453616797139,-1.4810660176777075,lower_limit,-0.0072281736425377115,-0.15722817364253772,244,,-0.15303954019598084,0.00303954019598085
hand_friction_sweep_joint5_joint_2_2_20260811_153257.csv,57,5,joint_2_2,1,0.15,0.15,1.5735218524932861,0.0324631240870945,2.02528006401422,1.9928169399271256,1.2664691861568085,upper_limit,-0.0071518425892701685,0.1428481574107298,286,,0.15195368513288077,-0.0019536851328807725
hand_friction_sweep_joint5_joint_2_2_20260811_153257.csv,58,5,joint_2_2,-1,0.15,-0.15,1.3311142921447754,2.062979175857297,0.087091929674517,-1.97588724618278,-1.4843858696754775,lower_limit,-0.007271282498992312,-0.1572712824989923,242,,-0.1533407536967904,0.003340753696790405
hand_friction_sweep_joint5_joint_2_2_20260811_153257.csv,59,5,joint_2_2,1,0.15,0.15,1.5748283863067627,0.0452040276266531,2.031912315171798,1.9867082875451452,1.261539546035432,upper_limit,-0.00722950211805378,0.1427704978819462,286,,0.15150641394136727,-0.001506413941367274
hand_friction_sweep_joint5_joint_2_2_20260811_153257.csv,60,5,joint_2_2,-1,0.15,-0.15,1.3428449630737305,2.0748474147708587,0.0755727566113544,-1.9992746581595042,-1.488835057759182,lower_limit,-0.007212357164697614,-0.1572123571646976,244,,-0.15374443299314247,0.003744432993142477
hand_friction_sweep_joint5_joint_2_2_20260811_153257.csv,61,5,joint_2_2,1,0.2,0.2,1.108940601348877,0.0349065850398865,2.031912315171798,1.9970057301319117,1.8008229906117812,upper_limit,-0.006605073008365818,0.19339492699163413,202,,0.20043614164567264,-0.0004361416456726275
hand_friction_sweep_joint5_joint_2_2_20260811_153257.csv,62,5,joint_2_2,-1,0.2,-0.2,1.0066440105438232,2.110452131511543,0.0685914396033771,-2.041860691908166,-2.028384086649543,lower_limit,-0.007793782444352674,-0.20779378244435262,182,,-0.2026982574285784,0.0026982574285783767
hand_friction_sweep_joint5_joint_2_2_20260811_153257.csv,63,5,joint_2_2,1,0.2,0.2,1.1233181953430176,-0.006457718232379,2.03749736877818,2.043955087010559,1.8195691082760526,upper_limit,-0.006453119685748096,0.19354688031425185,203,,0.2021369956994184,-0.002136995699418387
hand_friction_sweep_joint5_joint_2_2_20260811_153257.csv,64,5,joint_2_2,-1,0.2,-0.2,1.0122342109680176,2.1111502632123407,0.0685914396033771,-2.042558823608964,-2.01787175485368,lower_limit,-0.0077114765570267555,-0.2077114765570267,184,,-0.20174446302327642,0.0017444630232764102
hand_friction_sweep_joint5_joint_2_2_20260811_153257.csv,65,5,joint_2_2,1,0.2,0.2,1.1231229305267334,-0.0202458193231342,2.035228440750588,2.0554742600737224,1.8301418341710158,upper_limit,-0.006256221750068433,0.19374377824993147,204,,0.20309626972189315,-0.003096269721893141
hand_friction_sweep_joint5_joint_2_2_20260811_153257.csv,66,5,joint_2_2,-1,0.2,-0.2,1.0030639171600342,2.108881335184748,0.0717330322569669,-2.0371483029277813,-2.0309257147795137,lower_limit,-0.007731112323359507,-0.20773111232335953,182,,-0.20292886189748205,0.002928861897482038
hand_friction_sweep_joint5_joint_2_2_20260811_153257.csv,67,5,joint_2_2,1,0.2,0.2,1.1243898868560789,-0.0020943951023931,2.038370033404177,2.0404644285065703,1.8147303282955873,upper_limit,-0.0062679318598501624,0.19373206814014982,204,,0.20169796833960169,-0.0016979683396016743
hand_friction_sweep_joint5_joint_2_2_20260811_153257.csv,68,5,joint_2_2,-1,0.2,-0.2,0.9997727870941163,2.095093234093993,0.0731292956585624,-2.0219639384354307,-2.0224234591465104,lower_limit,-0.007706047578462566,-0.2077060475784626,182,,-0.2021574437180828,0.0021574437180827966
hand_friction_sweep_joint5_joint_2_2_20260811_153257.csv,69,5,joint_2_2,1,0.2,0.2,1.1144909858703613,0.012915436464758,2.0313887163962,2.0184732799314418,1.8111167389614333,upper_limit,-0.006351841869232419,0.19364815813076752,202,,0.20137010375571068,-0.0013701037557106721
hand_friction_sweep_joint5_joint_2_2_20260811_153257.csv,70,5,joint_2_2,-1,0.2,-0.2,1.0010807514190674,2.087762851235617,0.0705113017805709,-2.017251549455046,-2.015073755634119,lower_limit,-0.007674299742795126,-0.20767429974279514,182,,-0.2014905977483327,0.0014905977483326838
hand_friction_sweep_joint5_joint_2_2_20260811_153257.csv,71,5,joint_2_2,1,0.2,0.2,1.1216917037963867,-0.0029670597283903,2.041860691908166,2.0448277516365563,1.8229855357900913,upper_limit,-0.006249633277399251,0.19375036672260074,204,,0.20244697159366215,-0.0024469715936621395
hand_friction_sweep_joint5_joint_2_2_20260811_153257.csv,72,5,joint_2_2,-1,0.2,-0.2,0.9984471797943114,2.0931733719167998,0.0804596785169385,-2.0127136933998613,-2.0158439365961227,lower_limit,-0.007698151563022875,-0.20769815156302288,182,,-0.20156047703933055,0.0015604770393305434
hand_friction_sweep_joint5_joint_2_2_20260811_153257.csv,73,5,joint_2_2,1,0.2,0.2,1.1132397651672363,0.0137881010907552,2.032261381022197,2.0184732799314418,1.8131523352727315,upper_limit,-0.006307519069249598,0.19369248093075037,202,,0.20155479545027205,-0.0015547954502720396
hand_friction_sweep_joint5_joint_2_2_20260811_153257.csv,74,5,joint_2_2,-1,0.2,-0.2,0.9977385997772216,2.103121748653167,0.0794124809657419,-2.023709267687425,-2.0282960568422284,lower_limit,-0.007680624980520713,-0.2076806249805207,182,,-0.20269027039588697,0.0026902703958869567
hand_friction_sweep_joint5_joint_2_2_20260811_153257.csv,75,5,joint_2_2,1,0.2,0.2,1.122847318649292,-0.006457718232379,2.042558823608964,2.049016541841343,1.824839858286493,upper_limit,-0.006335248927587309,0.19366475107241266,204,,0.2026152161332218,-0.0026152161332217982
hand_friction_sweep_joint5_joint_2_2_20260811_153257.csv,76,5,joint_2_2,-1,0.2,-0.2,1.011448621749878,2.109230401035147,0.0624827872213969,-2.04674761381375,-2.023580407151805,lower_limit,-0.007708194107792316,-0.20770819410779232,184,,-0.2022624147707573,0.0022624147707572817
hand_friction_sweep_joint5_joint_2_2_20260811_153257.csv,77,5,joint_2_2,1,0.2,0.2,1.1193749904632568,-0.0183259571459404,2.0313887163962,2.04971467354214,1.8311242354037758,upper_limit,-0.006141347272936762,0.1938586527270632,204,,0.2031854039708651,-0.003185403970865086
hand_friction_sweep_joint5_joint_2_2_20260811_153257.csv,78,5,joint_2_2,-1,0.2,-0.2,1.0000998973846436,2.0847957915072266,0.0692895713041748,-2.0155062202030516,-2.0153048965146305,lower_limit,-0.007607653786753343,-0.20760765378675333,182,,-0.2015115693922029,0.0015115693922028994
hand_friction_sweep_joint5_joint_2_2_20260811_153257.csv,79,5,joint_2_2,1,0.2,0.2,1.119452953338623,-0.0026179938779914,2.031039650545801,2.0336576444237924,1.8166530700184162,upper_limit,-0.006091741204707495,0.19390825879529247,204,,0.20187242062418392,-0.0018724206241839125
hand_friction_sweep_joint5_joint_2_2_20260811_153257.csv,80,5,joint_2_2,-1,0.2,-0.2,0.9999508857727051,2.096314964570389,0.0747000919853572,-2.021614872585032,-2.0217141675141805,lower_limit,-0.007692134017882,-0.207692134017882,182,,-0.2020930889770243,0.0020930889770242878
hand_friction_sweep_joint5_joint_2_2_20260811_153257.csv,81,5,joint_2_2,1,0.25,0.25,0.8670864105224609,-0.0122173047639603,2.026850860341015,2.0390681651049753,2.351632017708984,upper_limit,-0.005823619193360567,0.24417638080663936,158,,0.2504115970096169,-0.00041159700961690415
hand_friction_sweep_joint5_joint_2_2_20260811_153257.csv,82,5,joint_2_2,-1,0.25,-0.25,0.8010509014129639,2.126160094779492,0.0842994028713261,-2.0418606919081657,-2.5489774598674724,lower_limit,-0.008246685810574125,-0.2582466858105741,146,,-0.24993221621666947,-6.778378333052726e-05
hand_friction_sweep_joint5_joint_2_2_20260811_153257.csv,83,5,joint_2_2,1,0.25,0.25,0.8794500827789307,-0.020594885173533,2.041337093132568,2.061931978306101,2.3445696562910134,upper_limit,-0.005842396024403713,0.24415760397559624,160,,0.249770821876232,0.0002291781237679924
hand_friction_sweep_joint5_joint_2_2_20260811_153257.csv,84,5,joint_2_2,-1,0.25,-0.25,0.8104438781738281,2.1457077824018285,0.068940505453776,-2.0767672769480523,-2.5625059709595543,lower_limit,-0.008104118754946692,-0.2581041187549467,148,,-0.251159671594055,0.0011596715940550006
hand_friction_sweep_joint5_joint_2_2_20260811_153257.csv,85,5,joint_2_2,1,0.25,0.25,0.8775274753570557,-0.0198967534727353,2.0361011053765847,2.05599785884932,2.342944143159459,upper_limit,-0.005826741501541056,0.24417325849845892,160,,0.24962333743978837,0.0003766625602116269
hand_friction_sweep_joint5_joint_2_2_20260811_153257.csv,86,5,joint_2_2,-1,0.25,-0.25,0.8131766319274902,2.139948195870247,0.0740019602845595,-2.0659462355856877,-2.5405873145773143,lower_limit,-0.008192774579019936,-0.25819277457901996,148,,-0.24917096992109758,-0.0008290300789024208
hand_friction_sweep_joint5_joint_2_2_20260811_153257.csv,87,5,joint_2_2,1,0.25,0.25,0.8676114082336426,-0.0324631240870945,2.026152728640217,2.058615852727311,2.3727394928086722,upper_limit,-0.005616773560042311,0.24438322643995763,158,,0.25232669939137925,-0.00232669939137925
hand_friction_sweep_joint5_joint_2_2_20260811_153257.csv,88,5,joint_2_2,-1,0.25,-0.25,0.8011116981506348,2.1238911667519,0.0750491578357561,-2.048842008916144,-2.557498553130472,lower_limit,-0.008139209048800262,-0.2581392090488003,146,,-0.2507053435531281,0.0007053435531281238
hand_friction_sweep_joint5_joint_2_2_20260811_153257.csv,89,5,joint_2_2,1,0.25,0.25,0.8658461570739746,-0.0289724655831058,2.026152728640217,2.0551251942233226,2.3735454357947106,upper_limit,-0.005626836079170077,0.2443731639208299,158,,0.2523998234066789,-0.0023998234066788804
hand_friction_sweep_joint5_joint_2_2_20260811_153257.csv,90,5,joint_2_2,-1,0.25,-0.25,0.7997570037841797,2.1130701253895348,0.0855211333477221,-2.0275489920418126,-2.535206296972876,lower_limit,-0.00818229151593028,-0.2581822915159303,146,,-0.24868274479791758,-0.0013172552020824235
hand_friction_sweep_joint5_joint_2_2_20260811_153257.csv,91,5,joint_2_2,1,0.25,0.25,0.866279125213623,-0.0132645023151569,2.026850860341015,2.040115362656172,2.3550323484397513,upper_limit,-0.005774037956951519,0.24422596204304844,158,,0.25072011242657305,-0.0007201124265730496
hand_friction_sweep_joint5_joint_2_2_20260811_153257.csv,92,5,joint_2_2,-1,0.25,-0.25,0.8010995388031006,2.128079956956686,0.0855211333477221,-2.042558823608964,-2.5496941699163767,lower_limit,-0.008231329269256467,-0.25823132926925646,146,,-0.24999724403810272,-2.755961897277226e-06
hand_friction_sweep_joint5_joint_2_2_20260811_153257.csv,93,5,joint_2_2,1,0.25,0.25,0.8665153980255127,-0.0087266462599716,2.026152728640217,2.0348793749001883,2.348347622600788,upper_limit,-0.005671391868992896,0.24432860813100704,158,,0.25011360054795356,-0.00011360054795356289
hand_friction_sweep_joint5_joint_2_2_20260811_153257.csv,94,5,joint_2_2,-1,0.25,-0.25,0.7988438606262207,2.113942790015532,0.0769690200129499,-2.036973770002582,-2.549902265513789,lower_limit,-0.008039323553420586,-0.25803932355342063,146,,-0.2500161247603282,1.6124760328195542e-05
hand_friction_sweep_joint5_joint_2_2_20260811_153257.csv,95,5,joint_2_2,1,0.25,0.25,0.8763570785522461,-0.0202458193231342,2.026152728640217,2.046398547963351,2.335119551203979,upper_limit,-0.00574194421540861,0.24425805578459134,160,,0.2489134043653924,0.0010865956346076122
hand_friction_sweep_joint5_joint_2_2_20260811_153257.csv,96,5,joint_2_2,-1,0.25,-0.25,0.8107452392578125,2.14850030920502,0.0651007810993884,-2.0833995281056317,-2.569733903109756,lower_limit,-0.008082113319272796,-0.2580821133192728,148,,-0.25181546912600483,0.0018154691260048317
hand_friction_sweep_joint5_joint_2_2_20260811_153257.csv,97,5,joint_2_2,1,0.25,0.25,0.8648459911346436,-0.0155334303427495,2.026152728640217,2.0416861589829662,2.360751139407324,upper_limit,-0.005631307020904738,0.2443686929790952,158,,0.25123898406569967,-0.0012389840656996665
hand_friction_sweep_joint5_joint_2_2_20260811_153257.csv,98,5,joint_2_2,-1,0.25,-0.25,0.8006405830383301,2.1020745511019703,0.0705113017805709,-2.0315632493213993,-2.5374222745640407,lower_limit,-0.008119249327067752,-0.2581192493270677,146,,-0.24888380266688237,-0.00111619733311763
hand_friction_sweep_joint5_joint_2_2_20260811_153257.csv,99,5,joint_2_2,1,0.25,0.25,0.8674235343933105,-0.0279252680319092,2.035228440750588,2.0631537087824974,2.3784848196740467,upper_limit,-0.00577682986360652,0.24422317013639344,158,,0.25284797865912284,-0.0028479786591228407
hand_friction_sweep_joint5_joint_2_2_20260811_153257.csv,100,5,joint_2_2,-1,0.25,-0.25,0.8005831241607666,2.121273172873908,0.085870199198121,-2.035402973675787,-2.5424005481122958,lower_limit,-0.008218474579897805,-0.2582184745798978,146,,-0.24933548641798478,-0.0006645135820152193
hand_friction_sweep_joint5_joint_2_2_20260811_153257.csv,101,5,joint_2_2,1,0.3,0.3,0.7223894596099854,-0.0167551608191455,2.044478685786157,2.0612338466053024,2.853355373870146,upper_limit,-0.005446420051683917,0.2945535799483161,132,,0.29593346022783834,0.004066539772161648
hand_friction_sweep_joint5_joint_2_2_20260811_153257.csv,102,5,joint_2_2,-1,0.3,-0.3,0.689427375793457,2.17293491873294,0.0541052068118242,-2.1188297119211157,-3.0733182149643676,lower_limit,-0.008250852939116544,-0.3082508529391166,126,,-0.2975061787204057,-0.0024938212795942993
hand_friction_sweep_joint5_joint_2_2_20260811_153257.csv,103,5,joint_2_2,1,0.3,0.3,0.7204139232635498,-0.0148352986419518,2.048667475990944,2.0635027746328958,2.8643293917544157,upper_limit,-0.005456775500642629,0.2945432244993574,132,,0.29692914387490693,0.0030708561250930577
hand_friction_sweep_joint5_joint_2_2_20260811_153257.csv,104,5,joint_2_2,-1,0.3,-0.3,0.6854157447814941,2.1610666798193785,0.0574213323906134,-2.103645347428765,-3.069152355260518,lower_limit,-0.008274580458243924,-0.3082745804582439,125,,-0.29712820609207136,-0.0028717939079286325
hand_friction_sweep_joint5_joint_2_2_20260811_153257.csv,105,5,joint_2_2,1,0.3,0.3,0.7137176990509033,-0.0212930168743308,2.026501794490616,2.047794811364947,2.86919438047857,upper_limit,-0.005242332720002182,0.29475766727999775,130,,0.2973705491803199,0.002629450819680079
hand_friction_sweep_joint5_joint_2_2_20260811_153257.csv,106,5,joint_2_2,-1,0.3,-0.3,0.6789937019348145,2.1549580274373983,0.077841684638947,-2.077116342798451,-3.0591098811073523,lower_limit,-0.008441443909310512,-0.30844144390931044,124,,-0.29621704234185103,-0.0037829576581489555
hand_friction_sweep_joint5_joint_2_2_20260811_153257.csv,107,5,joint_2_2,1,0.3,0.3,0.7226862907409668,-0.0113446401379631,2.04378055408536,2.055125194223323,2.843730703838609,upper_limit,-0.005525028276327331,0.2944749717236726,132,,0.29506020426453533,0.004939795735464658
hand_friction_sweep_joint5_joint_2_2_20260811_153257.csv,108,5,joint_2_2,-1,0.3,-0.3,0.6796779632568359,2.1626374761461737,0.0827286065445312,-2.0799088696016423,-3.060138745171717,lower_limit,-0.008593299705698885,-0.30859329970569876,124,,-0.29631039221012606,-0.0036896077898739277
hand_friction_sweep_joint5_joint_2_2_20260811_153257.csv,109,5,joint_2_2,1,0.3,0.3,0.7138702869415283,-0.0209439510239319,2.0294688542190062,2.0504128052429382,2.8722484220874756,upper_limit,-0.0053321688282962935,0.29466783117170364,130,,0.2976476454380008,0.0023523545619991704
hand_friction_sweep_joint5_joint_2_2_20260811_153257.csv,110,5,joint_2_2,-1,0.3,-0.3,0.6788759231567383,2.161764811520176,0.0717330322569669,-2.0900317792632093,-3.078665346599226,lower_limit,-0.008393611132376017,-0.30839361113237607,124,,-0.29799132933558586,-0.002008670664414125
hand_friction_sweep_joint5_joint_2_2_20260811_153257.csv,111,5,joint_2_2,1,0.3,0.3,0.7123267650604248,-0.0212930168743308,2.0348793749001888,2.0561723917745196,2.8865578167627883,upper_limit,-0.005363276963876862,0.29463672303612304,130,,0.29894595116594047,0.0010540488340595178
hand_friction_sweep_joint5_joint_2_2_20260811_153257.csv,112,5,joint_2_2,-1,0.3,-0.3,0.6769862174987793,2.14221712389784,0.0692895713041748,-2.072927552593665,-3.06199372898962,lower_limit,-0.008373490048276436,-0.3083734900482764,124,,-0.2964786967520487,-0.003521303247951302
hand_friction_sweep_joint5_joint_2_2_20260811_153257.csv,113,5,joint_2_2,1,0.3,0.3,0.7240831851959229,-0.0160570291183478,2.057568655176115,2.0736256842944627,2.8637948328179723,upper_limit,-0.005539231118212123,0.29446076888178785,132,,0.2968806428065631,0.003119357193436867
hand_friction_sweep_joint5_joint_2_2_20260811_153257.csv,114,5,joint_2_2,-1,0.3,-0.3,0.6904644966125488,2.172585852882541,0.0560250689890179,-2.1165607838935228,-3.0654158096143527,lower_limit,-0.008328748801437223,-0.3083287488014372,126,,-0.2967891855586945,-0.0032108144413054984
hand_friction_sweep_joint5_joint_2_2_20260811_153257.csv,115,5,joint_2_2,1,0.3,0.3,0.7106702327728271,-0.0155334303427495,2.0361011053765847,2.051634535719334,2.8869009015819573,upper_limit,-0.005344402029977799,0.29465559797002217,130,,0.2989770795956192,0.0010229204043807893
hand_friction_sweep_joint5_joint_2_2_20260811_153257.csv,116,5,joint_2_2,-1,0.3,-0.3,0.6790347099304199,2.152689099409806,0.0551524043630208,-2.097536695046785,-3.0889977557431747,lower_limit,-0.008305145841504472,-0.3083051458415045,124,,-0.2989287991782584,-0.0010712008217416136
hand_friction_sweep_joint5_joint_2_2_20260811_153257.csv,117,5,joint_2_2,1,0.3,0.3,0.7141749858856201,-0.0209439510239319,2.043256955309761,2.064200906333693,2.890329327026148,upper_limit,-0.005311618082748265,0.2946883819172517,130,,0.2992881440740968,0.0007118559259031709
hand_friction_sweep_joint5_joint_2_2_20260811_153257.csv,118,5,joint_2_2,-1,0.3,-0.3,0.6792843341827393,2.166128134650162,0.0823795406941323,-2.08374859395603,-3.0675646251477744,lower_limit,-0.00850625067664222,-0.3085062506766422,124,,-0.29698414974681214,-0.003015850253187846
hand_friction_sweep_joint5_joint_2_2_20260811_153257.csv,119,5,joint_2_2,1,0.3,0.3,0.7228174209594727,-0.0270526034059121,2.05285626619573,2.0799088696016423,2.877502408340902,upper_limit,-0.0054564572572696765,0.29454354274273037,132,,0.29812434487932016,0.001875655120679831
hand_friction_sweep_joint5_joint_2_2_20260811_153257.csv,120,5,joint_2_2,-1,0.3,-0.3,0.6793355941772461,2.168746128528153,0.0747000919853572,-2.094046036542796,-3.0824912671901545,lower_limit,-0.00860124086222273,-0.30860124086222274,124,,-0.2983384589473237,-0.0016615410526762964
hand_friction_sweep_joint6_joint_2_3_20260811_153827.csv,22,6,joint_2_3,-1,0.1,-0.1,4.488941669464111,1.5894713497912358,-1.4882422531755646,-3.0777136029668,-0.685621206419957,lower_limit,0.0013872049919846849,-0.09861279500801527,815,,-0.09974299864662843,-0.0002570013533715748
hand_friction_sweep_joint6_joint_2_3_20260811_153827.csv,24,6,joint_2_3,-1,0.1,-0.1,4.436366319656372,1.5802211047556658,-1.4889403848763625,-3.0691614896320285,-0.6918187697966648,lower_limit,0.0014155389302535329,-0.09858446106974643,805,,-0.10029006578081806,0.0002900657808180551
hand_friction_sweep_joint6_joint_2_3_20260811_153827.csv,26,6,joint_2_3,-1,0.1,-0.1,4.480679988861084,1.586329757137646,-1.4885913190259634,-3.0749210761636094,-0.6862621485595548,lower_limit,0.0013059256446777774,-0.09869407435532218,813,,-0.09979957545886546,-0.00020042454113454455
hand_friction_sweep_joint6_joint_2_3_20260811_153827.csv,28,6,joint_2_3,-1,0.1,-0.1,4.473769187927246,1.5997687923780024,-1.4901621153527584,-3.0899309077307606,-0.6906773188185787,lower_limit,0.0013255975905236536,-0.09867440240947631,811,,-0.10018930838997857,0.00018930838997856247
hand_friction_sweep_joint6_joint_2_3_20260811_153827.csv,30,6,joint_2_3,-1,0.1,-0.1,4.4264976978302,1.5828390986336571,-1.4873695885495677,-3.070208687183225,-0.6935977146646192,lower_limit,0.001397056223985609,-0.09860294377601435,803,,-0.10044709560232029,0.00044709560232028545
hand_friction_sweep_joint6_joint_2_3_20260811_153827.csv,32,6,joint_2_3,-1,0.1,-0.1,4.45046854019165,1.600815989929199,-1.4838789300455788,-3.084694919974778,-0.6931168914277825,lower_limit,0.0013437210281169933,-0.09865627897188295,807,,-0.10040465269786908,0.00040465269786907343
hand_friction_sweep_joint6_joint_2_3_20260811_153827.csv,34,6,joint_2_3,-1,0.1,-0.1,4.451928615570068,1.5966271997244126,-1.484402528821177,-3.0810297285455897,-0.6920662918471042,lower_limit,0.0013112007600537467,-0.09868879923994621,807,,-0.10031191488030312,0.00031191488030311854
hand_friction_sweep_joint6_joint_2_3_20260811_153827.csv,36,6,joint_2_3,-1,0.1,-0.1,4.458093643188477,1.595929068023615,-1.4866714568487698,-3.082600524872385,-0.6914615913423648,lower_limit,0.0013016333481992574,-0.09869836665180069,809,,-0.10025853716521366,0.00025853716521365144
hand_friction_sweep_joint6_joint_2_3_20260811_153827.csv,38,6,joint_2_3,-1,0.1,-0.1,4.455379247665405,1.6027358521063926,-1.4889403848763625,-3.091676236982755,-0.6939198809176068,lower_limit,0.0013368262929335706,-0.09866317370706637,809,,-0.10047553364450587,0.00047553364450586555
hand_friction_sweep_joint6_joint_2_3_20260811_153827.csv,40,6,joint_2_3,-1,0.1,-0.1,4.431243658065796,1.5997687923780024,-1.490860247053556,-3.0906290394315583,-0.6974631227524497,lower_limit,0.0013872440220307398,-0.09861275597796922,805,,-0.10078830029786731,0.0007883002978673059
hand_friction_sweep_joint6_joint_2_3_20260811_153827.csv,41,6,joint_2_3,1,0.15,0.15,2.611214399337768,-1.507266342022303,1.4873695885495677,2.994635930571871,1.1468364801187303,upper_limit,0.0003893894855368734,0.15038938948553682,474,,0.1469185067023516,0.0030814932976483966
hand_friction_sweep_joint6_joint_2_3_20260811_153827.csv,42,6,joint_2_3,-1,0.15,-0.15,2.388073205947876,1.515818455357075,-1.489289450726761,-3.005107906083836,-1.2583818195351537,lower_limit,0.001481800435192914,-0.14851819956480705,434,,-0.15030133716580324,0.0003013371658032449
hand_friction_sweep_joint6_joint_2_3_20260811_153827.csv,43,6,joint_2_3,1,0.15,0.15,2.58052659034729,-1.5411257295109928,1.484751594671576,3.0258773241825687,1.172581338824857,upper_limit,0.0005679438866564395,0.15056794388665642,466,,0.14919103950539,0.0008089604946099893
hand_friction_sweep_joint6_joint_2_3_20260811_153827.csv,44,6,joint_2_3,-1,0.15,-0.15,2.3766248226165767,1.5030775518175166,-1.4959217018843398,-2.9989992537018564,-1.2618732351705677,lower_limit,0.0015038290292111024,-0.14849617097078888,432,,-0.150609529051845,0.0006095290518449981
hand_friction_sweep_joint6_joint_2_3_20260811_153827.csv,45,6,joint_2_3,1,0.15,0.15,2.5890679359436035,-1.5414747953613916,1.4866714568487698,3.0281462522101616,1.1695893376032764,upper_limit,0.0005090784560873616,0.15050907845608735,470,,0.14892693159163578,0.001073068408364214
hand_friction_sweep_joint6_joint_2_3_20260811_153827.csv,46,6,joint_2_3,-1,0.15,-0.15,2.369121074676514,1.4969688994355363,-1.484402528821177,-2.9813714282567134,-1.2584293222176488,lower_limit,0.0014626075932447056,-0.14853739240675526,430,,-0.15030553029055232,0.0003055302905523305
hand_friction_sweep_joint6_joint_2_3_20260811_153827.csv,47,6,joint_2_3,1,0.15,0.15,2.5864057540893555,-1.525068700392645,1.489289450726761,3.0143581511194064,1.165462204201107,upper_limit,0.0004425105761536895,0.15044251057615365,470,,0.14856262405567272,0.0014373759443272738
hand_friction_sweep_joint6_joint_2_3_20260811_153827.csv,48,6,joint_2_3,-1,0.15,-0.15,2.3714585304260254,1.5111060663766904,-1.4854497263723738,-2.9965557927490645,-1.2635919010613026,lower_limit,0.0014595340917221838,-0.14854046590827774,430,,-0.1507612379681277,0.0007612379681277148
hand_friction_sweep_joint6_joint_2_3_20260811_153827.csv,49,6,joint_2_3,1,0.15,0.15,2.5886723995208736,-1.5418238612117905,1.4851006605219748,3.0269245217337652,1.169296092581667,upper_limit,0.0004810087013696149,0.15048100870136957,470,,0.1489010464648793,0.0010989535351206836
hand_friction_sweep_joint6_joint_2_3_20260811_153827.csv,50,6,joint_2_3,-1,0.15,-0.15,2.3759288787841797,1.5119787310026875,-1.4924310433803512,-3.0044097743830385,-1.2645200793722695,lower_limit,0.001503388680605596,-0.14849661131939434,432,,-0.1508431694979457,0.0008431694979457172
hand_friction_sweep_joint6_joint_2_3_20260811_153827.csv,51,6,joint_2_3,1,0.15,0.15,2.598227024078369,-1.533097214951819,1.485798792222773,3.018896007174592,1.1619061687827068,upper_limit,0.0004514767214728218,0.1504514767214728,472,,0.14824872809573267,0.0017512719042673264
hand_friction_sweep_joint6_joint_2_3_20260811_153827.csv,52,6,joint_2_3,-1,0.15,-0.15,2.3833794593811035,1.5196581797114626,-1.4915583787543538,-3.0112165584658164,-1.2634230552812369,lower_limit,0.0014330818544458122,-0.14856691814555417,432,,-0.15074633372731466,0.0007463337273146686
hand_friction_sweep_joint6_joint_2_3_20260811_153827.csv,53,6,joint_2_3,1,0.15,0.15,2.5900781154632573,-1.5498523757709646,1.4880677202503652,3.0379200960213297,1.1729067466669716,upper_limit,0.00048090723509304446,0.150480907235093,470,,0.14921976368694456,0.0007802363130554324
hand_friction_sweep_joint6_joint_2_3_20260811_153827.csv,54,6,joint_2_3,-1,0.15,-0.15,2.3741941452026367,1.516167521207474,-1.4946999714079436,-3.0108674926154175,-1.2681639783752567,lower_limit,0.001489937751625455,-0.14851006224837449,432,,-0.15116482129296124,0.001164821292961249
hand_friction_sweep_joint6_joint_2_3_20260811_153827.csv,55,6,joint_2_3,1,0.15,0.15,2.5875844955444336,-1.5440927892393832,1.4873695885495677,3.0314623777889507,1.1715414058975973,upper_limit,0.00044888909670060407,0.15044888909670054,470,,0.14909924324746007,0.0009007567525399218
hand_friction_sweep_joint6_joint_2_3_20260811_153827.csv,56,6,joint_2_3,-1,0.15,-0.15,2.368799924850464,1.52349790406585,-1.490860247053556,-3.014358151119406,-1.272525433446936,lower_limit,0.0014787422233075115,-0.14852125777669245,430,,-0.15154981271328746,0.0015498127132874684
hand_friction_sweep_joint6_joint_2_3_20260811_153827.csv,57,6,joint_2_3,1,0.15,0.15,2.59572172164917,-1.5357152088298105,1.489987582427559,3.0257027912573697,1.1656499100123163,upper_limit,0.00041351252283594126,0.1504135125228359,472,,0.14857919309643397,0.0014208069035660242
hand_friction_sweep_joint6_joint_2_3_20260811_153827.csv,58,6,joint_2_3,-1,0.15,-0.15,2.3668839931488037,1.5168656529082716,-1.4882422531755646,-3.005107906083836,-1.2696473146898788,lower_limit,0.0014314659839744827,-0.1485685340160255,430,,-0.15129575735562897,0.0012957573556289792
hand_friction_sweep_joint6_joint_2_3_20260811_153827.csv,59,6,joint_2_3,1,0.15,0.15,2.580550193786621,-1.53274814910142,1.489289450726761,3.022037599828181,1.1710826656674074,upper_limit,0.00048179273138000727,0.15048179273137996,468,,0.1490587496392768,0.0009412503607232059
hand_friction_sweep_joint6_joint_2_3_20260811_153827.csv,60,6,joint_2_3,-1,0.15,-0.15,2.3628125190734863,1.5257668320934428,-1.4924310433803512,-3.0181978754737937,-1.2773750990016335,lower_limit,0.0014554226885243526,-0.1485445773114756,430,,-0.1519778991200772,0.0019778991200772034
hand_friction_sweep_joint6_joint_2_3_20260811_153827.csv,61,6,joint_2_3,1,0.2,0.2,1.7494733333587646,-1.5437437233889844,1.497667031136334,3.0414107545253186,1.7384721999084145,upper_limit,0.001085530688533159,0.20108553068853313,318,,0.1991429759068121,0.0008570240931879136
hand_friction_sweep_joint6_joint_2_3_20260811_153827.csv,62,6,joint_2_3,-1,0.2,-0.2,1.6800329685211182,1.5479325135937707,-1.4866714568487698,-3.0346039704425403,-1.8062764405830736,lower_limit,0.0010894668425593848,-0.1989105331574406,306,,-0.19866472160509677,-0.0013352783949032443
hand_friction_sweep_joint6_joint_2_3_20260811_153827.csv,63,6,joint_2_3,1,0.2,0.2,1.7587809562683105,-1.5584044891057367,1.4950490372583425,3.053453526364079,1.7361192793687834,upper_limit,0.0011595938551833829,0.20115959385518334,320,,0.19893528049196088,0.0010647195080391303
hand_friction_sweep_joint6_joint_2_3_20260811_153827.csv,64,6,joint_2_3,-1,0.2,-0.2,1.6697456836700442,1.554913830601748,-1.4905111812031573,-3.0454250118049053,-1.8238855423247238,lower_limit,0.0011136527379532243,-0.19888634726204674,304,,-0.20021910035685966,0.0002191003568596528
hand_friction_sweep_joint6_joint_2_3_20260811_153827.csv,65,6,joint_2_3,1,0.2,0.2,1.744821310043335,-1.562593279310523,1.490860247053556,3.0534535263640787,1.7500093039832498,upper_limit,0.0011624997043510816,0.20116249970435107,318,,0.2001613713760361,-0.00016137137603608465
hand_friction_sweep_joint6_joint_2_3_20260811_153827.csv,66,6,joint_2_3,-1,0.2,-0.2,1.6711189746856687,1.5344934783534143,-1.4959217018843398,-3.030415180237754,-1.8134048060867503,lower_limit,0.001150954320188911,-0.19884904567981104,304,,-0.1992939518768208,-0.0007060481231792037
hand_friction_sweep_joint6_joint_2_3_20260811_153827.csv,67,6,joint_2_3,1,0.2,0.2,1.750058889389038,-1.5840608291100533,1.4905111812031573,3.0745720103132106,1.7568391720729881,upper_limit,0.0011725999786411428,0.20117259997864115,318,,0.20076425288537067,-0.0007642528853706587
hand_friction_sweep_joint6_joint_2_3_20260811_153827.csv,68,6,joint_2_3,-1,0.2,-0.2,1.6643145084381104,1.5514231720977594,-1.4838789300455788,-3.035302102143338,-1.823755117650114,lower_limit,0.0011064164441179482,-0.19889358355588202,302,,-0.20020758759795276,0.00020758759795275195
hand_friction_sweep_joint6_joint_2_3_20260811_153827.csv,69,6,joint_2_3,1,0.2,0.2,1.7515380382537842,-1.5610224829837285,1.4957471689591402,3.0567696519428686,1.7451917030533632,upper_limit,0.0011576051161182258,0.20115760511611822,318,,0.19973611535618035,0.00026388464381965626
hand_friction_sweep_joint6_joint_2_3_20260811_153827.csv,70,6,joint_2_3,-1,0.2,-0.2,1.6739635467529297,1.556833692778942,-1.490860247053556,-3.047693939832498,-1.8206453454403242,lower_limit,0.0010951497453130857,-0.19890485025468688,304,,-0.19993308388296274,-6.691611703726896e-05
hand_friction_sweep_joint6_joint_2_3_20260811_153827.csv,71,6,joint_2_3,1,0.2,0.2,1.742084980010986,-1.5571827586293407,1.4946999714079436,3.0518827300372844,1.7518564048569194,upper_limit,0.0012145591458226344,0.2012145591458226,316,,0.2003244174185042,-0.00032441741850419703
hand_friction_sweep_joint6_joint_2_3_20260811_153827.csv,72,6,joint_2_3,-1,0.2,-0.2,1.6642889976501463,1.5402530648849957,-1.484751594671576,-3.0250046595565716,-1.817595780436965,lower_limit,0.0011354538345714996,-0.19886454616542845,302,,-0.19966389473788956,-0.00033610526211044767
hand_friction_sweep_joint6_joint_2_3_20260811_153827.csv,73,6,joint_2_3,1,0.2,0.2,1.7489643096923828,-1.5529939684245542,1.485798792222773,3.0387927606473273,1.7374812875294217,upper_limit,0.0011483912885350413,0.201148391288535,318,,0.19905550675765485,0.0009444932423451624
hand_friction_sweep_joint6_joint_2_3_20260811_153827.csv,74,6,joint_2_3,-1,0.2,-0.2,1.6743464469909666,1.5383332027078018,-1.491209312903955,-3.029542515611757,-1.8093880875467956,lower_limit,0.0011420028106273834,-0.19885799718937258,304,,-0.19893939080710138,-0.0010606091928986316
hand_friction_sweep_joint6_joint_2_3_20260811_153827.csv,75,6,joint_2_3,1,0.2,0.2,1.74052095413208,-1.5767304462516771,1.4870205226991686,3.0637509689508455,1.76024940215592,upper_limit,0.0012635025686742196,0.2012635025686742,316,,0.20106527841508265,-0.0010652784150826378
hand_friction_sweep_joint6_joint_2_3_20260811_153827.csv,76,6,joint_2_3,-1,0.2,-0.2,1.6699910163879392,1.5322245503258218,-1.49888876161273,-3.031113311938552,-1.8150476752231963,lower_limit,0.0012247623165603106,-0.19877523768343966,304,,-0.19943897011313316,-0.0005610298868668484
hand_friction_sweep_joint6_joint_2_3_20260811_153827.csv,77,6,joint_2_3,1,0.2,0.2,1.749568223953247,-1.5632914110113207,1.4896385165771602,3.052929927588481,1.744961920198925,upper_limit,0.001213974335821771,0.20121397433582175,318,,0.1997158321190398,0.0002841678809602233
hand_friction_sweep_joint6_joint_2_3_20260811_153827.csv,78,6,joint_2_3,-1,0.2,-0.2,1.662013053894043,1.5245451016170468,-1.4946999714079436,-3.0192450730249902,-1.8166193496200265,lower_limit,0.001126206767002699,-0.19887379323299725,302,,-0.19957770389541032,-0.0004222961045896867
hand_friction_sweep_joint6_joint_2_3_20260811_153827.csv,79,6,joint_2_3,1,0.2,0.2,1.7314040660858154,-1.5618951476097254,1.4866714568487698,3.048566604458495,1.7607482067143276,upper_limit,0.0012258408878804284,0.2012258408878804,314,,0.20110930855462333,-0.0011093085546233228
hand_friction_sweep_joint6_joint_2_3_20260811_153827.csv,80,6,joint_2_3,-1,0.2,-0.2,1.6520395278930664,1.5353661429794117,-1.4924310433803512,-3.027797186359763,-1.8327631604682444,lower_limit,0.0011447840494924813,-0.1988552159505075,300,,-0.20100273947775327,0.0010027394777532561
hand_friction_sweep_joint6_joint_2_3_20260811_153827.csv,81,6,joint_2_3,1,0.25,0.25,1.3270564079284668,-1.5763813804012785,1.4981906299119323,3.0745720103132106,2.3168359626194137,upper_limit,0.0014516502426256432,0.2514516502426256,242,,0.2501959118678351,-0.00019591186783507464
hand_friction_sweep_joint6_joint_2_3_20260811_153827.csv,82,6,joint_2_3,-1,0.25,-0.25,1.298976182937622,1.5837117632596545,-1.494001839707146,-3.0777136029668,-2.3693379781656816,lower_limit,0.0008159977146111646,-0.2491840022853888,236,,-0.24836690987079554,-0.0016330901292044564
hand_friction_sweep_joint6_joint_2_3_20260811_153827.csv,83,6,joint_2_3,1,0.25,0.25,1.3289852142333984,-1.5872024217636431,1.49888876161273,3.0860911833763733,2.3221410970749816,upper_limit,0.0015198961431073619,0.2515198961431074,242,,0.2506642031182329,-0.0006642031182328978
hand_friction_sweep_joint6_joint_2_3_20260811_153827.csv,84,6,joint_2_3,-1,0.25,-0.25,1.297945499420166,1.5716689914208937,-1.5023794201167189,-3.0740484115376123,-2.3683956012874874,lower_limit,0.0009104719316901311,-0.24908952806830983,236,,-0.24828372501462806,-0.0017162749853719406
hand_friction_sweep_joint6_joint_2_3_20260811_153827.csv,85,6,joint_2_3,1,0.25,0.25,1.329068660736084,-1.5833626974092556,1.4934782409315477,3.076840938340803,2.3150353546345324,upper_limit,0.0014857684083413706,0.25148576840834136,242,,0.250036969814287,-3.6969814287024505e-05
hand_friction_sweep_joint6_joint_2_3_20260811_153827.csv,86,6,joint_2_3,-1,0.25,-0.25,1.2847921848297121,1.5821409669328597,-1.489289450726761,-3.071430417659621,-2.3906048417213186,lower_limit,0.0008621273132526535,-0.2491378726867473,234,,-0.2502441641062762,0.0002441641062762012
hand_friction_sweep_joint6_joint_2_3_20260811_153827.csv,87,6,joint_2_3,1,0.25,0.25,1.3303070068359377,-1.5821409669328597,1.4985396957623311,3.080680662695191,2.315766696608192,upper_limit,0.00146858183786009,0.2514685818378601,242,,0.2501015263397025,-0.0001015263397025068
hand_friction_sweep_joint6_joint_2_3_20260811_153827.csv,88,6,joint_2_3,-1,0.25,-0.25,1.2885487079620361,1.592787475370025,-1.484402528821177,-3.077190004191202,-2.3881053041899163,lower_limit,0.0008002844292900931,-0.24919971557070986,234,,-0.25002352661521915,2.3526615219149338e-05
hand_friction_sweep_joint6_joint_2_3_20260811_153827.csv,89,6,joint_2_3,1,0.25,0.25,1.3176915645599365,-1.5833626974092556,1.4877186543999663,3.071081351809222,2.33065266137213,upper_limit,0.001612727045917931,0.2516127270459179,240,,0.2514155301808995,-0.0014155301808995158
hand_friction_sweep_joint6_joint_2_3_20260811_153827.csv,90,6,joint_2_3,-1,0.25,-0.25,1.2847518920898438,1.5556119623025455,-1.4973179652859352,-3.0529299275884805,-2.3762797676230134,lower_limit,0.0009456030583857416,-0.24905439694161424,234,,-0.24897967082760045,-0.0010203291723995533
hand_friction_sweep_joint6_joint_2_3_20260811_153827.csv,91,6,joint_2_3,1,0.25,0.25,1.317382097244263,-1.5824900327832585,1.4889403848763625,3.071430417659621,2.3314651262412975,upper_limit,0.0015753446266450768,0.25157534462664505,240,,0.2514872475318306,-0.0014872475318306044
hand_friction_sweep_joint6_joint_2_3_20260811_153827.csv,92,6,joint_2_3,-1,0.25,-0.25,1.2768442630767822,1.5664330036649106,-1.4877186543999663,-3.054151658064877,-2.391953150735359,lower_limit,0.0008578899340759834,-0.249142110065924,232,,-0.2503631811301416,0.0003631811301416099
hand_friction_sweep_joint6_joint_2_3_20260811_153827.csv,93,6,joint_2_3,1,0.25,0.25,1.3202078342437744,-1.569050997542902,1.4950490372583425,3.0641000348012444,2.3209224754800712,upper_limit,0.0015240913072907707,0.25152409130729075,240,,0.25055663377475595,-0.0005566337747559547
hand_friction_sweep_joint6_joint_2_3_20260811_153827.csv,94,6,joint_2_3,-1,0.25,-0.25,1.2844419479370117,1.5802211047556658,-1.492081977529952,-3.072303082285618,-2.391936114528301,lower_limit,0.0008499699702560586,-0.24915003002974395,234,,-0.25036167732156295,0.00036167732156294763
hand_friction_sweep_joint6_joint_2_3_20260811_153827.csv,95,6,joint_2_3,1,0.25,0.25,1.3177955150604248,-1.5741124523736856,1.4931291750811488,3.0672416274548344,2.3275550663216458,upper_limit,0.0015347945518679213,0.2515347945518679,240,,0.25114210135990234,-0.0011421013599023366
hand_friction_sweep_joint6_joint_2_3_20260811_153827.csv,96,6,joint_2_3,-1,0.25,-0.25,1.2858967781066895,1.5789993742792698,-1.4981906299119323,-3.077190004191202,-2.393030340057272,lower_limit,0.0008768468556327066,-0.24912315314436728,234,,-0.2504582660594113,0.00045826605941129417
hand_friction_sweep_joint6_joint_2_3_20260811_153827.csv,97,6,joint_2_3,1,0.25,0.25,1.3171637058258057,-1.5713199255704948,1.499586893313528,3.0709068188840227,2.331454173313024,upper_limit,0.001514877805620777,0.25151487780562076,240,,0.2514862807023337,-0.0014862807023336977
hand_friction_sweep_joint6_joint_2_3_20260811_153827.csv,98,6,joint_2_3,-1,0.25,-0.25,1.2846343517303467,1.579872038905267,-1.4992378274631288,-3.0791098663683956,-2.396876482573402,lower_limit,0.000911254364416785,-0.24908874563558317,234,,-0.2507977701574076,0.0007977701574076179
hand_friction_sweep_joint6_joint_2_3_20260811_153827.csv,99,6,joint_2_3,1,0.25,0.25,1.3177077770233152,-1.5866788229880449,1.489987582427559,3.0766664054156037,2.3348624475494506,upper_limit,0.0014818256171183323,0.25148182561711835,240,,0.25178713358688215,-0.0017871335868821503
hand_friction_sweep_joint6_joint_2_3_20260811_153827.csv,100,6,joint_2_3,-1,0.25,-0.25,1.2847919464111328,1.587551487614042,-1.5042992822939123,-3.0918507699079543,-2.4064991834238687,lower_limit,0.0008979422159672053,-0.24910205778403274,234,,-0.2516471787164574,0.0016471787164574203
hand_friction_sweep_joint6_joint_2_3_20260811_153827.csv,101,6,joint_2_3,1,0.3,0.3,1.0642786026000977,-1.5763813804012785,1.4866714568487698,3.0630528372500483,2.8780554544334755,upper_limit,0.001810741744030249,0.3018107417440302,194,,0.29973550031189555,0.0002644996881044359
hand_friction_sweep_joint6_joint_2_3_20260811_153827.csv,102,6,joint_2_3,-1,0.3,-0.3,1.0526490211486814,1.5936601399960222,-1.5049974139947102,-3.0986575539907326,-2.9436758993129417,lower_limit,0.0006743396792159689,-0.29932566032078395,192,,-0.29906447946069703,-0.0009355205393029586
hand_friction_sweep_joint6_joint_2_3_20260811_153827.csv,103,6,joint_2_3,1,0.3,0.3,1.0764579772949219,-1.5879005534644408,1.507266342022303,3.0951668954867437,2.8753253362149107,upper_limit,0.0016448720668223336,0.3016448720668223,196,,0.29949450915794584,0.000505490842054146
hand_friction_sweep_joint6_joint_2_3_20260811_153827.csv,104,6,joint_2_3,-1,0.3,-0.3,1.0520529747009277,1.5978489302008083,-1.484751594671576,-3.082600524872384,-2.930081088120767,lower_limit,0.000532505326003763,-0.2994674946739962,192,,-0.29786444745671564,-0.002135552543284347
hand_friction_sweep_joint6_joint_2_3_20260811_153827.csv,105,6,joint_2_3,1,0.3,0.3,1.0676498413085938,-1.584409894960452,1.507266342022303,3.091676236982755,2.895777358233256,upper_limit,0.001754828462865682,0.30175482846286567,194,,0.3012998362508498,-0.001299836250849784
hand_friction_sweep_joint6_joint_2_3_20260811_153827.csv,106,6,joint_2_3,-1,0.3,-0.3,1.0542197227478027,1.5920893436692272,-1.4981906299119323,-3.0902799735811595,-2.9313433498724595,lower_limit,0.0006442801365269506,-0.29935571986347304,192,,-0.29797586897467715,-0.0020241310253228395
hand_friction_sweep_joint6_joint_2_3_20260811_153827.csv,107,6,joint_2_3,1,0.3,0.3,1.065659046173096,-1.5732397877476885,1.5020303542663198,3.0752701420140083,2.885791804665532,upper_limit,0.001764493468719005,0.301764493468719,194,,0.30041839820148303,-0.00041839820148303897
hand_friction_sweep_joint6_joint_2_3_20260811_153827.csv,108,6,joint_2_3,-1,0.3,-0.3,1.0544381141662598,1.6090190374135722,-1.4896385165771602,-3.0986575539907326,-2.9386812866119025,lower_limit,0.000639847192549872,-0.2993601528074501,192,,-0.2986235983771709,-0.0013764016228290932
hand_friction_sweep_joint6_joint_2_3_20260811_153827.csv,109,6,joint_2_3,1,0.3,0.3,1.0655715465545654,-1.572192590196492,1.484751594671576,3.056944184868068,2.868830530199906,upper_limit,0.0017813805590753383,0.30178138055907533,194,,0.2989212040220759,0.0010787959779240963
hand_friction_sweep_joint6_joint_2_3_20260811_153827.csv,110,6,joint_2_3,-1,0.3,-0.3,1.054391622543335,1.5997687923780024,-1.5104079346758927,-3.1101767270538954,-2.949735810259692,lower_limit,0.0006536622084541347,-0.2993463377915458,192,,-0.2995993958324347,-0.00040060416756526607
hand_friction_sweep_joint6_joint_2_3_20260811_153827.csv,111,6,joint_2_3,1,0.3,0.3,1.0647680759429932,-1.5725416560468908,1.5084880724986989,3.0810297285455897,2.893615800621116,upper_limit,0.0017448653261143135,0.30174486532611433,194,,0.3011090326952615,-0.0011090326952615248
hand_friction_sweep_joint6_joint_2_3_20260811_153827.csv,112,6,joint_2_3,-1,0.3,-0.3,1.0552809238433838,1.5978489302008083,-1.4946999714079436,-3.092548901608752,-2.930545631721969,lower_limit,0.0006342933672302264,-0.29936570663276973,192,,-0.29790545333615054,-0.0020945466638494503
hand_friction_sweep_joint6_joint_2_3_20260811_153827.csv,113,6,joint_2_3,1,0.3,0.3,1.0652990341186523,-1.5683528658421044,1.506568210321505,3.0749210761636094,2.8864393730606976,upper_limit,0.001705338662858083,0.3017053386628581,194,,0.3004755599220822,-0.00047555992208220266
hand_friction_sweep_joint6_joint_2_3_20260811_153827.csv,114,6,joint_2_3,-1,0.3,-0.3,1.054088830947876,1.6070991752363786,-1.5084880724986989,-3.1155872477350774,-2.955716023414673,lower_limit,0.000670893031686097,-0.2993291069683139,192,,-0.3001272771744528,0.00012727717445282227
hand_friction_sweep_joint6_joint_2_3_20260811_153827.csv,115,6,joint_2_3,1,0.3,0.3,1.0648772716522217,-1.5671311353657082,1.506568210321505,3.0736993456872135,2.886435298706472,upper_limit,0.001694493413978787,0.30169449341397875,194,,0.3004752002734341,-0.00047520027343411764
hand_friction_sweep_joint6_joint_2_3_20260811_153827.csv,116,6,joint_2_3,-1,0.3,-0.3,1.0543098449707031,1.603259450881991,-1.5219271077390553,-3.1251865586210466,-2.9642012483606166,lower_limit,0.0006480412040630069,-0.29935195879593696,192,,-0.3008762792276755,0.0008762792276755249
hand_friction_sweep_joint6_joint_2_3_20260811_153827.csv,117,6,joint_2_3,1,0.3,0.3,1.0542004108428955,-1.5732397877476885,1.490860247053556,3.0641000348012444,2.9065631195792414,upper_limit,0.0018366777891256451,0.30183667778912565,192,,0.3022519097014864,-0.002251909701486421
hand_friction_sweep_joint6_joint_2_3_20260811_153827.csv,118,6,joint_2_3,-1,0.3,-0.3,1.0416216850280762,1.584409894960452,-1.489289450726761,-3.073699345687213,-2.950878797808788,lower_limit,0.0006056548239188419,-0.2993943451760811,190,,-0.29970028885843397,-0.00029971114156601697
hand_friction_sweep_joint6_joint_2_3_20260811_153827.csv,119,6,joint_2_3,1,0.3,0.3,1.0652408599853516,-1.5713199255704948,1.500459557939525,3.07177948351002,2.8836478198482367,upper_limit,0.001715770974306717,0.3017157709743067,194,,0.30022914581978866,-0.00022914581978866755
hand_friction_sweep_joint6_joint_2_3_20260811_153827.csv,120,6,joint_2_3,-1,0.3,-0.3,1.0541307926177976,1.6004669240788,-1.5081390066483,-3.1086059307271,-2.94897554695967,lower_limit,0.0006314462309215726,-0.2993685537690784,192,,-0.2995322863832057,-0.00046771361679426304
hand_friction_sweep_joint7_joint_2_4_20260811_154532.csv,21,7,joint_2_4,1,0.1,0.1,3.6644074916839604,-1.5575318244797396,1.4861478580731715,3.043679682552911,0.830606227462493,upper_limit,5.3672959434457544e-05,0.10005367295943443,665,,0.09952464887130512,0.00047535112869488694
hand_friction_sweep_joint7_joint_2_4_20260811_154532.csv,22,7,joint_2_4,-1,0.1,-0.1,3.539336204528809,1.5152948565814768,-1.4851006605219748,-3.0003955171034518,-0.8477283150620877,lower_limit,0.00014727269812446993,-0.0998527273018755,642,,-0.09838063521741641,-0.0016193647825835933
hand_friction_sweep_joint7_joint_2_4_20260811_154532.csv,23,7,joint_2_4,1,0.1,0.1,3.580787420272827,-1.515818455357075,1.4854497263723738,3.001268181729449,0.8381587146831454,upper_limit,2.396650791329045e-05,0.10002396650791323,650,,0.10021420155441638,-0.00021420155441637112
hand_friction_sweep_joint7_joint_2_4_20260811_154532.csv,24,7,joint_2_4,-1,0.1,-0.1,3.5088748931884766,1.516167521207474,-1.4851006605219748,-3.001268181729449,-0.8553363323256672,lower_limit,0.00014251666461174902,-0.09985748333538821,638,,-0.09907525787138297,-0.0009247421286170399
hand_friction_sweep_joint7_joint_2_4_20260811_154532.csv,25,7,joint_2_4,1,0.1,0.1,3.5659217834472656,-1.5081390066483,1.4851006605219748,2.9932396671702746,0.839401380328829,upper_limit,1.5710569387016072e-05,0.10001571056938699,648,,0.10032765867194028,-0.00032765867194027576
hand_friction_sweep_joint7_joint_2_4_20260811_154532.csv,26,7,joint_2_4,-1,0.1,-0.1,3.508840322494507,1.5034266176679154,-1.4889403848763625,-2.992367002544278,-0.8528079728680679,lower_limit,0.00014615679768428856,-0.09985384320231566,638,,-0.09884441510436844,-0.00115558489563157
hand_friction_sweep_joint7_joint_2_4_20260811_154532.csv,27,7,joint_2_4,1,0.1,0.1,3.565776824951172,-1.5084880724986989,1.4877186543999663,2.996206726898665,0.8402675977736475,upper_limit,2.103788342409607e-05,0.10002103788342405,646,,0.10040674554038263,-0.00040674554038262756
hand_friction_sweep_joint7_joint_2_4_20260811_154532.csv,28,7,joint_2_4,-1,0.1,-0.1,3.494745254516601,1.5037756835183145,-1.4838789300455788,-2.987654613563893,-0.8548991116598998,lower_limit,0.00013646614543881487,-0.09986353385456115,634,,-0.0990353390109621,-0.0009646609890378993
hand_friction_sweep_joint7_joint_2_4_20260811_154532.csv,29,7,joint_2_4,1,0.1,0.1,3.5581617355346684,-1.5062191444711062,1.489987582427559,2.996206726898665,0.8420659176271084,upper_limit,1.0091459867203827e-05,0.1000100914598672,646,,0.10057093466693359,-0.0005709346669335869
hand_friction_sweep_joint7_joint_2_4_20260811_154532.csv,30,7,joint_2_4,-1,0.1,-0.1,3.492357969284058,1.514596724880679,-1.4838789300455788,-2.998475654926258,-0.8585819899616284,lower_limit,0.0001380043042117263,-0.09986199569578823,634,,-0.09937159096880518,-0.0006284090311948209
hand_friction_sweep_joint7_joint_2_4_20260811_154532.csv,31,7,joint_2_4,1,0.1,0.1,3.5548503398895264,-1.5046483481443114,1.485798792222773,2.9904471403670843,0.8412301094115872,upper_limit,1.4656143271018191e-05,0.10001465614327097,645,,0.10049462420380523,-0.0004946242038052218
hand_friction_sweep_joint7_joint_2_4_20260811_154532.csv,32,7,joint_2_4,-1,0.1,-0.1,3.502643585205078,1.5114551322270893,-1.4901621153527584,-3.0016172475798477,-0.8569576591402189,lower_limit,0.00014351104899366473,-0.0998564889510063,636,,-0.09922328728507297,-0.0007767127149270331
hand_friction_sweep_joint7_joint_2_4_20260811_154532.csv,33,7,joint_2_4,1,0.1,0.1,3.567718744277954,-1.5055210127703085,1.4842279958959776,2.989749008666286,0.8380001964732678,upper_limit,2.3636799232730557e-05,0.10002363679923269,648,,0.1001997286193753,-0.0001997286193752973
hand_friction_sweep_joint7_joint_2_4_20260811_154532.csv,34,7,joint_2_4,-1,0.1,-0.1,3.5104756355285645,1.513025928553884,-1.4924310433803512,-3.005456971934235,-0.8561395332065053,lower_limit,0.00014395062256353455,-0.09985604937743643,638,,-0.09914859123909059,-0.0008514087609094168
hand_friction_sweep_joint7_joint_2_4_20260811_154532.csv,35,7,joint_2_4,1,0.1,0.1,3.576513051986694,-1.5264649637942405,1.4889403848763625,3.015405348670603,0.8431131956852765,upper_limit,1.8583851467547716e-05,0.1000185838514675,650,,0.10066655262349215,-0.0006665526234921476
hand_friction_sweep_joint7_joint_2_4_20260811_154532.csv,36,7,joint_2_4,-1,0.1,-0.1,3.5037050247192383,1.5184364492350666,-1.4866714568487698,-3.005107906083836,-0.8576943221196665,lower_limit,0.00014120858044983873,-0.09985879141955012,636,,-0.09929054564899813,-0.0007094543510018786
hand_friction_sweep_joint7_joint_2_4_20260811_154532.csv,37,7,joint_2_4,1,0.1,0.1,3.583003282546997,-1.522625239439853,1.4870205226991686,3.0096457621390216,0.839978510988022,upper_limit,2.4825552310516495e-05,0.10002482555231049,650,,0.10038035151112365,-0.0003803515111236444
hand_friction_sweep_joint7_joint_2_4_20260811_154532.csv,38,7,joint_2_4,-1,0.1,-0.1,3.5139694213867188,1.5172147187586704,-1.49278010923075,-3.0099948279894204,-0.8565796872533926,lower_limit,0.00014175373857298356,-0.09985824626142698,638,,-0.09918877792132469,-0.0008112220786753166
hand_friction_sweep_joint7_joint_2_4_20260811_154532.csv,39,7,joint_2_4,1,0.1,0.1,3.581071615219116,-1.5196581797114626,1.49278010923075,3.0124382889422128,0.8412114061443838,upper_limit,1.6422592781713157e-05,0.10001642259278168,650,,0.10049291656925965,-0.0004929165692596493
hand_friction_sweep_joint7_joint_2_4_20260811_154532.csv,40,7,joint_2_4,-1,0.1,-0.1,3.513544797897339,1.5123277968530864,-1.4873695885495677,-2.999697385402654,-0.8537524232501051,lower_limit,0.00013707866598884722,-0.0998629213340111,638,,-0.09893064474977828,-0.0010693552502217263
hand_friction_sweep_joint7_joint_2_4_20260811_154532.csv,41,7,joint_2_4,1,0.15,0.15,2.1681346893310547,-1.5023794201167189,1.4946999714079436,2.9970793915246627,1.3823308147195257,upper_limit,6.902411153355905e-05,0.15006902411153353,394,,0.14989787802966908,0.00010212197033090953
hand_friction_sweep_joint7_joint_2_4_20260811_154532.csv,42,7,joint_2_4,-1,0.15,-0.15,2.15867018699646,1.5406021307353943,-1.486322390998371,-3.0269245217337652,-1.4022172261272488,lower_limit,4.613006994376615e-05,-0.1499538699300562,392,,-0.14900625101917267,-0.0009937489808273248
hand_friction_sweep_joint7_joint_2_4_20260811_154532.csv,43,7,joint_2_4,1,0.15,0.15,2.1692802906036377,-1.525068700392645,1.4873695885495677,3.0124382889422128,1.3886809841912833,upper_limit,9.02493397930718e-05,0.150090249339793,394,,0.15047765741486127,-0.00047765741486127666
hand_friction_sweep_joint7_joint_2_4_20260811_154532.csv,44,7,joint_2_4,-1,0.15,-0.15,2.145033597946167,1.546012651416577,-1.4854497263723738,-3.0314623777889507,-1.4132470375715904,lower_limit,4.801669985247897e-05,-0.14995198330014747,386,,-0.1500132882843082,1.3288284308216047e-05
hand_friction_sweep_joint7_joint_2_4_20260811_154532.csv,45,7,joint_2_4,1,0.15,0.15,2.167294979095459,-1.5341444125030157,1.4866714568487698,3.0208158693517855,1.3938185150101494,upper_limit,9.019393789634708e-05,0.15009019393789633,392,,0.15094672118911417,-0.0009467211891141802
hand_friction_sweep_joint7_joint_2_4_20260811_154532.csv,46,7,joint_2_4,-1,0.15,-0.15,2.1474902629852295,1.5334462808022178,-1.49278010923075,-3.026226390032968,-1.4091921356729256,lower_limit,4.613565732121992e-05,-0.14995386434267874,388,,-0.14964307004993221,-0.0003569299500677803
hand_friction_sweep_joint7_joint_2_4_20260811_154532.csv,47,7,joint_2_4,1,0.15,0.15,2.184760808944702,-1.546536250192175,1.4962707677347389,3.042807017926914,1.3927414870631403,upper_limit,9.825148932464719e-05,0.1500982514893246,388,,0.15084838702595066,-0.0008483870259506643
hand_friction_sweep_joint7_joint_2_4_20260811_154532.csv,48,7,joint_2_4,-1,0.15,-0.15,2.1495532989501953,1.552644902574155,-1.4851006605219748,-3.03774556309613,-1.4131985304015082,lower_limit,4.4105160240931674e-05,-0.14995589483975902,388,,-0.15000885951160023,8.859511600234349e-06
hand_friction_sweep_joint7_joint_2_4_20260811_154532.csv,49,7,joint_2_4,1,0.15,0.15,2.1640889644622803,-1.5289084247470326,1.4842279958959776,3.0131364206430105,1.3923348208522917,upper_limit,9.609533761288618e-05,0.15009609533761284,392,,0.15081125783014684,-0.0008112578301468498
hand_friction_sweep_joint7_joint_2_4_20260811_154532.csv,50,7,joint_2_4,-1,0.15,-0.15,2.1356022357940674,1.5322245503258218,-1.4838789300455788,-3.0161034803714006,-1.412296461307057,lower_limit,4.674378201819605e-05,-0.14995325621798175,388,,-0.14992649933722885,-7.350066277114764e-05
hand_friction_sweep_joint7_joint_2_4_20260811_154532.csv,51,7,joint_2_4,1,0.15,0.15,2.167382001876831,-1.5372860051566053,1.4931291750811488,3.030415180237754,1.3981915405837941,upper_limit,7.769750769001405e-05,0.15007769750768996,392,,0.1513459845615003,-0.001345984561500313
hand_friction_sweep_joint7_joint_2_4_20260811_154532.csv,52,7,joint_2_4,-1,0.15,-0.15,2.1451032161712646,1.5510741062473603,-1.4882422531755646,-3.0393163594229247,-1.4168625250805955,lower_limit,4.300082562753772e-05,-0.1499569991743724,390,,-0.1503433873681931,0.00034338736819311544
hand_friction_sweep_joint7_joint_2_4_20260811_154532.csv,53,7,joint_2_4,1,0.15,0.15,2.161954879760742,-1.543045591688187,1.485798792222773,3.02884438391096,1.4009748363694592,upper_limit,8.888432756972967e-05,0.1500888843275697,392,,0.1516001033730687,-0.0016001033730687064
hand_friction_sweep_joint7_joint_2_4_20260811_154532.csv,54,7,joint_2_4,-1,0.15,-0.15,2.1401302814483643,1.530304688148628,-1.4877186543999663,-3.0180233425485943,-1.4102054294125044,lower_limit,5.170052110543961e-05,-0.14994829947889451,388,,-0.1497355851905068,-0.0002644148094931853
hand_friction_sweep_joint7_joint_2_4_20260811_154532.csv,55,7,joint_2_4,1,0.15,0.15,2.1728670597076416,-1.5449654538653803,1.490860247053556,3.035825700918936,1.3971520656801735,upper_limit,9.345531500704475e-05,0.150093455315007,394,,0.1512510790439036,-0.001251079043903619
hand_friction_sweep_joint7_joint_2_4_20260811_154532.csv,56,7,joint_2_4,-1,0.15,-0.15,2.147308349609375,1.5491542440701669,-1.4901621153527584,-3.0393163594229256,-1.415407507718125,lower_limit,5.142109915315883e-05,-0.1499485789008468,390,,-0.15021054224089234,0.00021054224089234186
hand_friction_sweep_joint7_joint_2_4_20260811_154532.csv,57,7,joint_2_4,1,0.15,0.15,2.1793248653411865,-1.5273376284202376,1.4943509055575448,3.021688533977782,1.3865250573850165,upper_limit,9.339024998756587e-05,0.1500933902499875,396,,0.15028081827162015,-0.00028081827162015904
hand_friction_sweep_joint7_joint_2_4_20260811_154532.csv,58,7,joint_2_4,-1,0.15,-0.15,2.145594596862793,1.5639895427121189,-1.489289450726761,-3.05327899343888,-1.423045620036175,lower_limit,4.730819796031712e-05,-0.14995269180203963,390,,-0.15090791261557027,0.0009079126155702721
hand_friction_sweep_joint7_joint_2_4_20260811_154532.csv,59,7,joint_2_4,1,0.15,0.15,2.1681807041168213,-1.5283848259714343,1.4919074446047529,3.020292270576187,1.3930076330083667,upper_limit,8.753231935386077e-05,0.15008753231935384,394,,0.1508726865242839,-0.0008726865242839055
hand_friction_sweep_joint7_joint_2_4_20260811_154532.csv,60,7,joint_2_4,-1,0.15,-0.15,2.145838022232055,1.547234381892973,-1.4877186543999663,-3.034953036292939,-1.4143439555312032,lower_limit,4.593971885510305e-05,-0.14995406028114486,390,,-0.15011343843353794,0.00011343843353794902
hand_friction_sweep_joint7_joint_2_4_20260811_154532.csv,61,7,joint_2_4,1,0.2,0.2,1.5605685710906982,-1.537984136857403,1.4866714568487698,3.0246555937061728,1.9381753866747478,upper_limit,0.00012493760579749633,0.20012493760579747,284,,0.20064726757334897,-0.0006472675733489586
hand_friction_sweep_joint7_joint_2_4_20260811_154532.csv,62,7,joint_2_4,-1,0.2,-0.2,1.5647871494293213,1.577952176728073,-1.500808623789924,-3.078760800517997,-1.9675268944027453,lower_limit,-4.68981975174068e-06,-0.20000468981975172,284,,-0.20061981714109348,0.000619817141093465
hand_friction_sweep_joint7_joint_2_4_20260811_154532.csv,63,7,joint_2_4,1,0.2,0.2,1.5735039710998535,-1.558055423255338,1.4838789300455788,3.041934353300917,1.9332231816197163,upper_limit,0.0001596952331153165,0.2001596952331153,286,,0.20019512430143765,-0.0001951243014376436
hand_friction_sweep_joint7_joint_2_4_20260811_154532.csv,64,7,joint_2_4,-1,0.2,-0.2,1.5609154701232912,1.559800752507332,-1.501681288415921,-3.061482040923253,-1.9613374968225776,lower_limit,-2.2652301149266479e-07,-0.20000022652301147,284,,-0.20005471645524572,5.471645524571245e-05
hand_friction_sweep_joint7_joint_2_4_20260811_154532.csv,65,7,joint_2_4,1,0.2,0.2,1.5827181339263916,-1.5664330036649106,1.5081390066483,3.0745720103132106,1.9425897412863038,upper_limit,0.00013997954286827844,0.20013997954286827,288,,0.20105030434490143,-0.0010503043449014149
hand_friction_sweep_joint7_joint_2_4_20260811_154532.csv,66,7,joint_2_4,-1,0.2,-0.2,1.573179006576538,1.589820415641635,-1.507266342022303,-3.097086757663938,-1.9686804519491017,lower_limit,-1.0692455440657978e-05,-0.20001069245544065,286,,-0.20072513856408616,0.000725138564086153
hand_friction_sweep_joint7_joint_2_4_20260811_154532.csv,67,7,joint_2_4,1,0.2,0.2,1.5782294273376465,-1.5575318244797396,1.4885913190259634,3.046123143505703,1.9300889279730908,upper_limit,0.0001361988916964804,0.20013619889169645,286,,0.19990896254459656,9.10374554034532e-05
hand_friction_sweep_joint7_joint_2_4_20260811_154532.csv,68,7,joint_2_4,-1,0.2,-0.2,1.571618318557739,1.5828390986336571,-1.4992378274631288,-3.0820769260967857,-1.9610848828265006,lower_limit,-1.8883303872179398e-05,-0.20001888330387216,286,,-0.20003165244286183,3.165244286182367e-05
hand_friction_sweep_joint7_joint_2_4_20260811_154532.csv,69,7,joint_2_4,1,0.2,0.2,1.583000659942627,-1.5564846269285428,1.4931291750811488,3.0496138020096915,1.926476646017456,upper_limit,0.00014753952004264027,0.2001475395200426,288,,0.19957915613223337,0.0004208438677666404
hand_friction_sweep_joint7_joint_2_4_20260811_154532.csv,70,7,joint_2_4,-1,0.2,-0.2,1.5643250942230225,1.570970859720096,-1.4896385165771602,-3.060609376297256,-1.9565046853751433,lower_limit,-3.082168799316687e-05,-0.20003082168799313,284,,-0.1996134739872762,-0.00038652601272382014
hand_friction_sweep_joint7_joint_2_4_20260811_154532.csv,71,7,joint_2_4,1,0.2,0.2,1.5819296836853027,-1.5491542440701669,1.4981906299119323,3.047344873982099,1.9263466040304198,upper_limit,0.00014659591210576403,0.20014659591210573,288,,0.1995672831163039,0.00043271688369611594
hand_friction_sweep_joint7_joint_2_4_20260811_154532.csv,72,7,joint_2_4,-1,0.2,-0.2,1.5626366138458252,1.579872038905267,-1.484402528821177,-3.064274567726444,-1.9609642706277808,lower_limit,-2.5087194253777508e-05,-0.20002508719425374,284,,-0.2000206403798403,2.064037984028655e-05
hand_friction_sweep_joint7_joint_2_4_20260811_154532.csv,73,7,joint_2_4,1,0.2,0.2,1.5847883224487305,-1.561371548834127,1.5126768627034852,3.0740484115376123,1.9397217710361194,upper_limit,0.0001255543360322263,0.2001255543360322,288,,0.20078845463588238,-0.0007884546358823685
hand_friction_sweep_joint7_joint_2_4_20260811_154532.csv,74,7,joint_2_4,-1,0.2,-0.2,1.5706355571746826,1.5917402778188283,-1.4924310433803512,-3.0841713211991797,-1.963645421823444,lower_limit,-2.9289588024264227e-05,-0.20002928958802427,286,,-0.20026543324698226,0.00026543324698224957
hand_friction_sweep_joint7_joint_2_4_20260811_154532.csv,75,7,joint_2_4,1,0.2,0.2,1.5825800895690918,-1.5587535549561355,1.495398103108741,3.0541516580648764,1.9298559852958008,upper_limit,0.00014195505090505028,0.20014195505090504,288,,0.19988769455122649,0.00011230544877352533
hand_friction_sweep_joint7_joint_2_4_20260811_154532.csv,76,7,joint_2_4,-1,0.2,-0.2,1.5687656402587888,1.570621793869697,-1.494001839707146,-3.0646236335768426,-1.9535254692799697,lower_limit,-2.570136126421392e-05,-0.20002570136126419,286,,-0.19934146737647682,-0.0006585326235231947
hand_friction_sweep_joint7_joint_2_4_20260811_154532.csv,77,7,joint_2_4,1,0.2,0.2,1.5837762355804443,-1.5556119623025455,1.4981906299119323,3.0538025922144776,1.9281780617798432,upper_limit,0.0001473182080133376,0.20014731820801332,288,,0.19973449777926502,0.00026550222073498664
hand_friction_sweep_joint7_joint_2_4_20260811_154532.csv,78,7,joint_2_4,-1,0.2,-0.2,1.5690135955810547,1.5774285779524748,-1.4915583787543538,-3.0689869567068286,-1.955997682461309,lower_limit,-1.919514457844364e-05,-0.20001919514457842,286,,-0.19956718390966788,-0.0004328160903321332
hand_friction_sweep_joint7_joint_2_4_20260811_154532.csv,79,7,joint_2_4,1,0.2,0.2,1.5808334350585938,-1.5491542440701669,1.500808623789924,3.049962867860091,1.9293385376474177,upper_limit,0.0001463556944573224,0.2001463556944573,288,,0.19984045085469476,0.00015954914530524889
hand_friction_sweep_joint7_joint_2_4_20260811_154532.csv,80,7,joint_2_4,-1,0.2,-0.2,1.5606892108917239,1.5840608291100533,-1.484402528821177,-3.0684633579312304,-1.9660950665366723,lower_limit,-2.23818706695746e-05,-0.20002238187066956,284,,-0.20048908924736009,0.000489089247360075
hand_friction_sweep_joint7_joint_2_4_20260811_154532.csv,81,7,joint_2_4,1,0.25,0.25,1.23065185546875,-1.5542156989009503,1.485798792222773,3.0400144911237232,2.470247355183806,upper_limit,0.0001758695844006706,0.25017586958440063,224,,0.24922618505770291,0.0007738149422970853
hand_friction_sweep_joint7_joint_2_4_20260811_154532.csv,82,7,joint_2_4,-1,0.25,-0.25,1.2290024757385254,1.5812683023068623,-1.494001839707146,-3.0752701420140083,-2.502248939869738,lower_limit,-6.13162528670755e-05,-0.25006131625286704,224,,-0.24944069037107222,-0.0005593096289277788
hand_friction_sweep_joint7_joint_2_4_20260811_154532.csv,83,7,joint_2_4,1,0.25,0.25,1.2421321868896482,-1.5655603390389137,1.5062191444711062,3.07177948351002,2.4729892002894522,upper_limit,0.00016334901425224156,0.2501633490142522,226,,0.2494765193640098,0.0005234806359901978
hand_friction_sweep_joint7_joint_2_4_20260811_154532.csv,84,7,joint_2_4,-1,0.25,-0.25,1.2384629249572754,1.6231562043547263,-1.4931291750811488,-3.116285379435875,-2.5162524582989687,lower_limit,-7.037603334502777e-05,-0.25007037603334503,226,,-0.25071923125750617,0.0007192312575061699
hand_friction_sweep_joint7_joint_2_4_20260811_154532.csv,85,7,joint_2_4,1,0.25,0.25,1.241607666015625,-1.562942345160922,1.506568210321505,3.069510555482427,2.4722065105579,upper_limit,0.0001770846834367297,0.2501770846834367,226,,0.24940505869301924,0.0005949413069807619
hand_friction_sweep_joint7_joint_2_4_20260811_154532.csv,86,7,joint_2_4,-1,0.25,-0.25,1.2407732009887695,1.6051793130591847,-1.499761426238727,-3.104940739297912,-2.5024240826797284,lower_limit,-7.119026246882811e-05,-0.25007119026246877,226,,-0.24945668115543612,-0.0005433188445638781
hand_friction_sweep_joint7_joint_2_4_20260811_154532.csv,87,7,joint_2_4,1,0.25,0.25,1.2406072616577148,-1.5587535549561355,1.5037756835183145,3.06252923847445,2.468572716866303,upper_limit,0.00016848407690210767,0.25016848407690206,226,,0.24907328822897112,0.0009267117710288764
hand_friction_sweep_joint7_joint_2_4_20260811_154532.csv,88,7,joint_2_4,-1,0.25,-0.25,1.2420835494995115,1.610938899590766,-1.5039502164435137,-3.1148891160342798,-2.5077935516410323,lower_limit,-6.594706854946375e-05,-0.25006594706854945,226,,-0.24994692120761725,-5.30787923827547e-05
hand_friction_sweep_joint7_joint_2_4_20260811_154532.csv,89,7,joint_2_4,1,0.25,0.25,1.239776372909546,-1.5618951476097254,1.5076154078727018,3.0695105554824273,2.4758582455308487,upper_limit,0.00016324362620287347,0.25016324362620285,226,,0.24973846722123527,0.00026153277876472814
hand_friction_sweep_joint7_joint_2_4_20260811_154532.csv,90,7,joint_2_4,-1,0.25,-0.25,1.243342638015747,1.5978489302008083,-1.507266342022303,-3.1051152722231112,-2.49739305745886,lower_limit,-6.53834685978364e-05,-0.2500653834685978,226,,-0.24899734149176034,-0.0010026585082396622
hand_friction_sweep_joint7_joint_2_4_20260811_154532.csv,91,7,joint_2_4,1,0.25,0.25,1.2406730651855469,-1.5622442134601242,1.5081390066483,3.0703832201084245,2.474772207333475,upper_limit,0.00016900293350225357,0.25016900293350225,226,,0.24963931040956766,0.0003606895904323393
hand_friction_sweep_joint7_joint_2_4_20260811_154532.csv,92,7,joint_2_4,-1,0.25,-0.25,1.2414519786834717,1.6205382104767347,-1.5077899407979012,-3.128328151274636,-2.51989461130196,lower_limit,-6.457366364970382e-05,-0.25006457366364965,226,,-0.25105176493841685,0.0010517649384168548
hand_friction_sweep_joint7_joint_2_4_20260811_154532.csv,93,7,joint_2_4,1,0.25,0.25,1.2312421798706055,-1.5660839378145115,1.4880677202503652,3.0541516580648764,2.4805450203028663,upper_limit,0.00017814611436976223,0.2501781461143698,224,,0.25016637633577776,-0.00016637633577776256
hand_friction_sweep_joint7_joint_2_4_20260811_154532.csv,94,7,joint_2_4,-1,0.25,-0.25,1.2309999465942383,1.595929068023615,-1.5030775518175166,-3.0990066198411315,-2.517470962054091,lower_limit,-5.553305569628089e-05,-0.2500555330556963,224,,-0.25083048236051075,0.0008304823605107536
hand_friction_sweep_joint7_joint_2_4_20260811_154532.csv,95,7,joint_2_4,1,0.25,0.25,1.2394728660583496,-1.5638150097869192,1.500459557939525,3.0642745677264442,2.4722401366244915,upper_limit,0.0001681429213039964,0.250168142921304,226,,0.24940812880009303,0.0005918711999069737
hand_friction_sweep_joint7_joint_2_4_20260811_154532.csv,96,7,joint_2_4,-1,0.25,-0.25,1.2403576374053955,1.6027358521063926,-1.5088371383490975,-3.11157299045549,-2.5086095305256793,lower_limit,-6.79410547262902e-05,-0.25006794105472624,226,,-0.2500214212250064,2.142122500642385e-05
hand_friction_sweep_joint7_joint_2_4_20260811_154532.csv,97,7,joint_2_4,1,0.25,0.25,1.2408010959625244,-1.5514231720977594,1.5076154078727018,3.059038579970461,2.4653738539757484,upper_limit,0.00017711631208895906,0.25017711631208894,226,,0.24878122755748064,0.0012187724425193613
hand_friction_sweep_joint7_joint_2_4_20260811_154532.csv,98,7,joint_2_4,-1,0.25,-0.25,1.2412118911743164,1.617396617823145,-1.5126768627034852,-3.1300734805266304,-2.521788183615654,lower_limit,-6.373770801298482e-05,-0.250063737708013,226,,-0.2512246507482733,0.001224650748273326
hand_friction_sweep_joint7_joint_2_4_20260811_154532.csv,99,7,joint_2_4,1,0.25,0.25,1.2396783828735352,-1.554913830601748,1.513025928553884,3.067939759155632,2.4747868491860325,upper_limit,0.0001565549974871283,0.2501565549974871,226,,0.2496406472312559,0.0003593527687441034
hand_friction_sweep_joint7_joint_2_4_20260811_154532.csv,100,7,joint_2_4,-1,0.25,-0.25,1.2384059429168701,1.6257741982327178,-1.4973179652859352,-3.123092163518653,-2.521864644934359,lower_limit,-7.70378329303495e-05,-0.2500770378329303,226,,-0.251231631773984,0.0012316317739839988
hand_friction_sweep_joint7_joint_2_4_20260811_154532.csv,101,7,joint_2_4,1,0.3,0.3,1.020500659942627,-1.5575318244797396,1.5191345809358645,3.076666405415604,3.0148597900843845,upper_limit,0.00018368562343651623,0.3001836856234365,186,,0.298950064724064,0.0010499352759359981
hand_friction_sweep_joint7_joint_2_4_20260811_154532.csv,102,7,joint_2_4,-1,0.3,-0.3,1.0211000442504883,1.6400858980990711,-1.4882422531755646,-3.1283281512746357,-3.0636842774508968,lower_limit,-0.0001373883204425584,-0.3001373883204425,186,,-0.30070052466300257,0.0007005246630025774
hand_friction_sweep_joint7_joint_2_4_20260811_154532.csv,103,7,joint_2_4,1,0.3,0.3,1.020416498184204,-1.5638150097869192,1.5165165870578727,3.080331596844792,3.0187003074981007,upper_limit,0.00018259363849258803,0.3001825936384926,186,,0.299300709354077,0.0006992906459230008
hand_friction_sweep_joint7_joint_2_4_20260811_154532.csv,104,7,joint_2_4,-1,0.3,-0.3,1.0328669548034668,1.658062789394613,-1.5023794201167189,-3.1604422095113316,-3.0598734859444683,lower_limit,-0.00011964969018789846,-0.3001196496901878,188,,-0.30035259405004505,0.00035259405004506306
hand_friction_sweep_joint7_joint_2_4_20260811_154532.csv,105,7,joint_2_4,1,0.3,0.3,1.0183460712432861,-1.5680037999917056,1.514945790731078,3.0829495907227837,3.027408538002065,upper_limit,0.00018797924713449672,0.3001879792471345,186,,0.3000957830210327,-9.578302103269154e-05
hand_friction_sweep_joint7_joint_2_4_20260811_154532.csv,106,7,joint_2_4,-1,0.3,-0.3,1.0279841423034668,1.6557938613670202,-1.5100588688254937,-3.1658527301925137,-3.079670784705486,lower_limit,-0.00012215630959932846,-0.3001221563095993,186,,-0.3021601152123034,0.002160115212303415
hand_friction_sweep_joint7_joint_2_4_20260811_154532.csv,107,7,joint_2_4,1,0.3,0.3,1.0143358707427979,-1.562593279310523,1.4957471689591402,3.0583404482696634,3.015116133110862,upper_limit,0.00018870176945390917,0.3001887017694539,184,,0.2989734692021571,0.0010265307978428728
hand_friction_sweep_joint7_joint_2_4_20260811_154532.csv,108,7,joint_2_4,-1,0.3,-0.3,1.0212814807891846,1.6311847189139002,-1.491209312903955,-3.122394031817855,-3.057329532113965,lower_limit,-0.00011405564147276156,-0.30011405564147275,186,,-0.3001203274948978,0.00012032749489782057
hand_friction_sweep_joint7_joint_2_4_20260811_154532.csv,109,7,joint_2_4,1,0.3,0.3,1.020397424697876,-1.5552628964521469,1.5264649637942405,3.0817278602463873,3.020125086222008,upper_limit,0.00018208769319356689,0.30018208769319354,186,,0.2994307936512372,0.0005692063487627852
hand_friction_sweep_joint7_joint_2_4_20260811_154532.csv,110,7,joint_2_4,-1,0.3,-0.3,1.0322630405426025,1.6545721308906245,-1.5077899407979012,-3.1623620716885257,-3.063523489154712,lower_limit,-0.00012326996208899212,-0.300123269962089,188,,-0.3006858444658956,0.0006858444658955909
hand_friction_sweep_joint7_joint_2_4_20260811_154532.csv,111,7,joint_2_4,1,0.3,0.3,1.010444164276123,-1.5655603390389137,1.4924310433803512,3.0579913824192646,3.0263833376780336,upper_limit,0.00020931159780626969,0.3002093115978063,184,,0.3000021807925867,-2.1807925867367572e-06
hand_friction_sweep_joint7_joint_2_4_20260811_154532.csv,112,7,joint_2_4,-1,0.3,-0.3,1.0195927619934082,1.624727000681521,-1.5042992822939123,-3.1290262829754334,-3.0688980930561596,lower_limit,-0.00010194183253129066,-0.3001019418325312,186,,-0.3011765533453187,0.0011765533453186872
hand_friction_sweep_joint7_joint_2_4_20260811_154532.csv,113,7,joint_2_4,1,0.3,0.3,1.0199565887451172,-1.5599752854325315,1.5088371383490975,3.0688124237816288,3.0087676844730025,upper_limit,0.00018969159874696276,0.3001896915987469,186,,0.298393846931515,0.0016061530684849945
hand_friction_sweep_joint7_joint_2_4_20260811_154532.csv,114,7,joint_2_4,-1,0.3,-0.3,1.0342702865600584,1.6596335857214075,-1.5126768627034852,-3.1723104484248927,-3.0671967373014946,lower_limit,-0.00011298724766152026,-0.3001129872476615,188,,-0.30102121717707625,0.0010212171770762613
hand_friction_sweep_joint7_joint_2_4_20260811_154532.csv,115,7,joint_2_4,1,0.3,0.3,1.009267807006836,-1.562593279310523,1.4896385165771602,3.0522317958876832,3.0242040563441948,upper_limit,0.00020963025162509756,0.300209630251625,184,,0.2998032093482004,0.00019679065179961652
hand_friction_sweep_joint7_joint_2_4_20260811_154532.csv,116,7,joint_2_4,-1,0.3,-0.3,1.01975679397583,1.617047551972746,-1.4931291750811488,-3.110176727053895,-3.0499200843055245,lower_limit,-0.00011274847394316022,-0.30011274847394315,186,,-0.2994438345108763,-0.0005561654891236834
hand_friction_sweep_joint7_joint_2_4_20260811_154532.csv,117,7,joint_2_4,1,0.3,0.3,1.0209321975708008,-1.5632914110113207,1.5180873833846678,3.0813787943959885,3.0182012103524607,upper_limit,0.00019474910376829715,0.30019474910376825,186,,0.29925514108420054,0.0007448589157994512
hand_friction_sweep_joint7_joint_2_4_20260811_154532.csv,118,7,joint_2_4,-1,0.3,-0.3,1.0324625968933105,1.6538739991898266,-1.5030775518175166,-3.156951551007343,-3.0576909618872774,lower_limit,-0.00010805909399634724,-0.3001080590939963,188,,-0.3001533265404655,0.00015332654046551486
hand_friction_sweep_joint7_joint_2_4_20260811_154532.csv,119,7,joint_2_4,1,0.3,0.3,1.0193023681640625,-1.564164075637318,1.5030775518175166,3.067241627454835,3.0091577565737047,upper_limit,0.00019963981843279925,0.3001996398184328,186,,0.29842946106177276,0.0015705389382272283
hand_friction_sweep_joint7_joint_2_4_20260811_154532.csv,120,7,joint_2_4,-1,0.3,-0.3,1.0212156772613525,1.6327555152406952,-1.4896385165771602,-3.1223940318178554,-3.057526535620118,lower_limit,-0.0001324167784867577,-0.30013241677848673,186,,-0.30013831419150266,0.00013831419150267532
hand_friction_sweep_joint8_joint_3_1_20260811_140551.csv,22,8,joint_3_1,-1,0.1,-0.1,1.551544189453125,0.7105235384868915,-0.4399975044277704,-1.150521042914662,-0.7415328875165249,lower_limit,-0.0028302927201999694,-0.10283029272019993,287,,-0.09864529738446343,-0.0013547026155365793
hand_friction_sweep_joint8_joint_3_1_20260811_140551.csv,24,8,joint_3_1,-1,0.1,-0.1,1.5557281970977785,0.7031931556285153,-0.4368559117741806,-1.1400490674026957,-0.7328073564067714,lower_limit,-0.002879716891148434,-0.1028797168911484,287,,-0.09781129679006623,-0.002188703209933779
hand_friction_sweep_joint8_joint_3_1_20260811_140551.csv,26,8,joint_3_1,-1,0.1,-0.1,1.5758705139160156,0.7276277651564359,-0.4406956361285681,-1.168323401285004,-0.7413828680515996,lower_limit,-0.0029208438720710606,-0.10292084387207102,291,,-0.09863095827761192,-0.0013690417223880813
hand_friction_sweep_joint8_joint_3_1_20260811_140551.csv,28,8,joint_3_1,-1,0.1,-0.1,1.558946132659912,0.7176793884200683,-0.4380776422505766,-1.1557570306706448,-0.7413707288902047,lower_limit,-0.0030260608321010123,-0.10302606083210099,288,,-0.09862979799662827,-0.0013702020033717344
hand_friction_sweep_joint8_joint_3_1_20260811_140551.csv,30,8,joint_3_1,-1,0.1,-0.1,1.5336987972259521,0.7028440897781164,-0.4368559117741806,-1.139700001552297,-0.743105493473495,lower_limit,-0.002955798750747393,-0.10295579875074737,283,,-0.0987956096446993,-0.0012043903553007052
hand_friction_sweep_joint8_joint_3_1_20260811_140551.csv,32,8,joint_3_1,-1,0.1,-0.1,1.5396993160247803,0.7042403531797119,-0.443837228782158,-1.1480775819618698,-0.7456505111179723,lower_limit,-0.002850103822973183,-0.10285010382297315,285,,-0.09903886661112887,-0.0009611333888711326
hand_friction_sweep_joint8_joint_3_1_20260811_140551.csv,34,8,joint_3_1,-1,0.1,-0.1,1.5274803638458252,0.6984807666481306,-0.4384267081009755,-1.1369074747491061,-0.7443025139037787,lower_limit,-0.0029150601257933325,-0.1029150601257933,282,,-0.09891002282342792,-0.0010899771765720823
hand_friction_sweep_joint8_joint_3_1_20260811_140551.csv,36,8,joint_3_1,-1,0.1,-0.1,1.5458691120147705,0.7314674895108234,-0.4365068459237817,-1.167974335434605,-0.7555454251313388,lower_limit,-0.0031769596645084483,-0.10317695966450842,286,,-0.09998463874406327,-1.536125593673554e-05
hand_friction_sweep_joint8_joint_3_1_20260811_140551.csv,38,8,joint_3_1,-1,0.1,-0.1,1.554792881011963,0.7326892199872195,-0.4368559117741806,-1.1695451317614,-0.7522192480069642,lower_limit,-0.003194283644238033,-0.10319428364423802,287,,-0.09966671727155851,-0.00033328272844149187
hand_friction_sweep_joint8_joint_3_1_20260811_140551.csv,40,8,joint_3_1,-1,0.1,-0.1,1.5438337326049805,0.7176793884200683,-0.4441862946325568,-1.161865683052625,-0.7525847236749754,lower_limit,-0.0029394422460729866,-0.10293944224607296,285,,-0.09970165003616907,-0.00029834996383093504
hand_friction_sweep_joint8_joint_3_1_20260811_140551.csv,41,8,joint_3_1,1,0.15,0.15,0.9719226360321045,-0.4602433237509046,0.5965535383316618,1.0567968620825665,1.0873261131122154,upper_limit,-0.0019597592264509888,0.14804024077354896,180,,0.14659577560603704,0.003404224393962957
hand_friction_sweep_joint8_joint_3_1_20260811_140551.csv,42,8,joint_3_1,-1,0.15,-0.15,0.8158261775970459,0.6187192198319897,-0.4560545335461182,-1.0747737533781079,-1.3174053283553273,lower_limit,-0.002403353012693642,-0.1524033530126936,151,,-0.15368813110030097,0.003688131100300973
hand_friction_sweep_joint8_joint_3_1_20260811_140551.csv,43,8,joint_3_1,1,0.15,0.15,1.0099248886108398,-0.5012585611727713,0.596204472481263,1.0974630336540343,1.086677876771216,upper_limit,-0.0017030168746509362,0.14829698312534903,187,,0.14653381611189245,0.0034661838881075435
hand_friction_sweep_joint8_joint_3_1_20260811_140551.csv,44,8,joint_3_1,-1,0.15,-0.15,0.822019100189209,0.6211626807847819,-0.443837228782158,-1.0649999095669398,-1.2955902232950578,lower_limit,-0.0027510955206934045,-0.15275109552069335,152,,-0.15160300752922518,0.001603007529225181
hand_friction_sweep_joint8_joint_3_1_20260811_140551.csv,45,8,joint_3_1,1,0.15,0.15,1.009861707687378,-0.4883431247080133,0.5953318078552657,1.083674932563279,1.0730924089051126,upper_limit,-0.0019091714121270591,0.14809082858787287,187,,0.1452352947802993,0.004764705219700682
hand_friction_sweep_joint8_joint_3_1_20260811_140551.csv,46,8,joint_3_1,-1,0.15,-0.15,0.8196456432342529,0.6225589441863772,-0.449073216538141,-1.0716321607245183,-1.307433486129381,lower_limit,-0.0026404111961013496,-0.15264041119610133,152,,-0.1527350060424603,0.0027350060424602973
hand_friction_sweep_joint8_joint_3_1_20260811_140551.csv,47,8,joint_3_1,1,0.15,0.15,0.9938004016876222,-0.481361807700036,0.5988224663592544,1.0801842740592904,1.0869227585589374,upper_limit,-0.0019211117540211065,0.14807888824597884,184,,0.14655722231535992,0.003442777684640075
hand_friction_sweep_joint8_joint_3_1_20260811_140551.csv,48,8,joint_3_1,-1,0.15,-0.15,0.8113260269165039,0.6368706440527307,-0.4452334921837534,-1.082104136236484,-1.3337475938607437,lower_limit,-0.0025640892867188317,-0.15256408928671883,150,,-0.1552501516780603,0.005250151678060311
hand_friction_sweep_joint8_joint_3_1_20260811_140551.csv,49,8,joint_3_1,1,0.15,0.15,0.9972004890441896,-0.4806636759992383,0.5949827420048669,1.0756464180041052,1.0786661557247186,upper_limit,-0.0018017724478786813,0.14819822755212125,185,,0.14576804265571228,0.004231957344287718
hand_friction_sweep_joint8_joint_3_1_20260811_140551.csv,50,8,joint_3_1,-1,0.15,-0.15,0.8217284679412842,0.6122615015996108,-0.442266432455363,-1.0545279340549738,-1.2833046136236868,lower_limit,-0.0026237173561513435,-0.15262371735615132,152,,-0.15042872877878874,0.00042872877878874505
hand_friction_sweep_joint8_joint_3_1_20260811_140551.csv,51,8,joint_3_1,1,0.15,0.15,0.9854183197021483,-0.4797910113732411,0.5995205980600521,1.0793116094332933,1.0952826711802202,upper_limit,-0.0019113623635445389,0.1480886376364554,182,,0.1473562764941325,0.0026437235058675013
hand_friction_sweep_joint8_joint_3_1_20260811_140551.csv,52,8,joint_3_1,-1,0.15,-0.15,0.8183484077453613,0.6352998477259358,-0.4372049776245795,-1.0725048253505154,-1.310572386039563,lower_limit,-0.002672819005797481,-0.15267281900579743,152,,-0.15303502725124596,0.003035027251245964
hand_friction_sweep_joint8_joint_3_1_20260811_140551.csv,53,8,joint_3_1,1,0.15,0.15,0.9772906303405762,-0.4729842272904632,0.5981243346584567,1.07110856194892,1.0959979853440827,upper_limit,-0.001795261256887844,0.14820473874311207,181,,0.14742464739675584,0.002575352603244152
hand_friction_sweep_joint8_joint_3_1_20260811_140551.csv,54,8,joint_3_1,-1,0.15,-0.15,0.8063020706176758,0.6183701539815909,-0.4452334921837534,-1.0636036461653444,-1.319113127603108,lower_limit,-0.002806501956670488,-0.15280650195667042,150,,-0.15385136535731578,0.0038513653573157836
hand_friction_sweep_joint8_joint_3_1_20260811_140551.csv,55,8,joint_3_1,1,0.15,0.15,1.0000526905059812,-0.481361807700036,0.5942846103040692,1.0756464180041052,1.0755897446362321,upper_limit,-0.001981913283239919,0.14801808671676003,185,,0.14547399423113674,0.0045260057688632505
hand_friction_sweep_joint8_joint_3_1_20260811_140551.csv,56,8,joint_3_1,-1,0.15,-0.15,0.8249680995941162,0.6295402611943546,-0.4468042885105483,-1.076344549704903,-1.304710509696634,lower_limit,-0.0028230312816829627,-0.15282303128168293,153,,-0.15247473948276608,0.0024747394827660807
hand_friction_sweep_joint8_joint_3_1_20260811_140551.csv,57,8,joint_3_1,1,0.15,0.15,0.9887549877166749,-0.4778711491960474,0.6003932626860493,1.0782644118820968,1.0905274059573902,upper_limit,-0.0018373005217269592,0.14816269947827299,183,,0.1469017604340243,0.0030982395659756856
hand_friction_sweep_joint8_joint_3_1_20260811_140551.csv,58,8,joint_3_1,-1,0.15,-0.15,0.8236207962036133,0.6333799855487421,-0.4406956361285681,-1.0740756216773102,-1.3040899727497655,lower_limit,-0.0026376328072805154,-0.1526376328072805,153,,-0.15241542754220633,0.002415427542206333
hand_friction_sweep_joint8_joint_3_1_20260811_140551.csv,59,8,joint_3_1,1,0.15,0.15,0.9785795211791991,-0.4768239516448508,0.5995205980600521,1.076344549704903,1.099905042369879,upper_limit,-0.0018119683591575702,0.14818803164084235,182,,0.14779809032428326,0.0022019096757167345
hand_friction_sweep_joint8_joint_3_1_20260811_140551.csv,60,8,joint_3_1,-1,0.15,-0.15,0.8312849998474121,0.618021088131192,-0.4406956361285681,-1.0587167242597602,-1.2735905549289288,lower_limit,-0.0024187238570020854,-0.15241872385700203,154,,-0.14950024309424612,-0.0004997569057538787
hand_friction_sweep_joint8_joint_3_1_20260811_140551.csv,61,8,joint_3_1,1,0.2,0.2,0.6619529724121094,-0.4839798015780275,0.6042329870404368,1.0882127886184643,1.643942748157916,upper_limit,-0.0008555074908137994,0.19914449250918617,123,,0.19979810777818147,0.00020189222181854483
hand_friction_sweep_joint8_joint_3_1_20260811_140551.csv,62,8,joint_3_1,-1,0.2,-0.2,0.6009116172790527,0.6497860805174889,-0.4384267081009755,-1.0882127886184643,-1.8109365126704107,lower_limit,-0.0034186096363614184,-0.2034186096363614,112,,-0.20086065227923963,0.000860652279239621
hand_friction_sweep_joint8_joint_3_1_20260811_140551.csv,63,8,joint_3_1,1,0.2,0.2,0.6727185249328613,-0.5220279792715039,0.6045820528908357,1.1266100321623396,1.674712365435124,upper_limit,-0.0006983427823161345,0.19930165721768384,125,,0.20273911833396077,-0.0027391183339607605
hand_friction_sweep_joint8_joint_3_1_20260811_140551.csv,64,8,joint_3_1,-1,0.2,-0.2,0.5932209491729737,0.657116463375865,-0.4495968153137392,-1.1067132786896043,-1.865600465109172,lower_limit,-0.0032529721169021,-0.20325297211690202,111,,-0.2060855226341303,0.006085522634130286
hand_friction_sweep_joint8_joint_3_1_20260811_140551.csv,65,8,joint_3_1,1,0.2,0.2,0.6723608970642091,-0.5220279792715039,0.6052801845916335,1.1273081638631375,1.6766414715451274,upper_limit,-0.0006093271429003234,0.19939067285709963,125,,0.20292350546434412,-0.0029235054643441116
hand_friction_sweep_joint8_joint_3_1_20260811_140551.csv,66,8,joint_3_1,-1,0.2,-0.2,0.608936071395874,0.6417575659583149,-0.451516677490933,-1.093274243449248,-1.795384269063118,lower_limit,-0.0032444755222144346,-0.20324447552221442,113,,-0.1993741432920453,-0.0006258567079547028
hand_friction_sweep_joint8_joint_3_1_20260811_140551.csv,67,8,joint_3_1,1,0.2,0.2,0.6738040447235107,-0.5447172595474302,0.5965535383316618,1.1412707978790921,1.693772554225913,upper_limit,-0.0004712077812114737,0.1995287922187885,125,,0.20456092248328894,-0.004560922483288932
hand_friction_sweep_joint8_joint_3_1_20260811_140551.csv,68,8,joint_3_1,-1,0.2,-0.2,0.600736141204834,0.6283185307179586,-0.4506440128649358,-1.0789625435828945,-1.7960673073854547,lower_limit,-0.003275018635411733,-0.20327501863541164,111,,-0.19943942921672536,-0.0005605707832746498
hand_friction_sweep_joint8_joint_3_1_20260811_140551.csv,69,8,joint_3_1,1,0.2,0.2,0.6916167736053467,-0.5242969072990965,0.6126105674500096,1.1369074747491061,1.6438402279090083,upper_limit,-0.0007317464347685801,0.19926825356523142,128,,0.19978830872441025,0.0002116912755897593
hand_friction_sweep_joint8_joint_3_1_20260811_140551.csv,70,8,joint_3_1,-1,0.2,-0.2,0.6138255596160889,0.6724753607934151,-0.443837228782158,-1.116312589575573,-1.8186153575516792,lower_limit,-0.003556375547952146,-0.2035563755479521,114,,-0.20159460888482703,0.0015946088848270146
hand_friction_sweep_joint8_joint_3_1_20260811_140551.csv,71,8,joint_3_1,1,0.2,0.2,0.6737294197082521,-0.5232497097479,0.6023131248632431,1.125562834611143,1.6706452200032327,upper_limit,-0.00048136468257369724,0.19951863531742628,125,,0.2023503738936475,-0.0023503738936474783
hand_friction_sweep_joint8_joint_3_1_20260811_140551.csv,72,8,joint_3_1,-1,0.2,-0.2,0.6028957366943359,0.6529276731710786,-0.4487241506877421,-1.1016518238588207,-1.8272675635411744,lower_limit,-0.0032896219022103155,-0.2032896219022103,112,,-0.2024216009437998,0.0024216009437997843
hand_friction_sweep_joint8_joint_3_1_20260811_140551.csv,73,8,joint_3_1,1,0.2,0.2,0.6722915172576905,-0.5162683927399226,0.5972516700324595,1.1135200627723822,1.6563053886422427,upper_limit,-0.0006480795434819302,0.199351920456518,125,,0.2009797492602366,-0.0009797492602365843
hand_friction_sweep_joint8_joint_3_1_20260811_140551.csv,74,8,joint_3_1,-1,0.2,-0.2,0.5968997478485109,0.6417575659583149,-0.4464552226601495,-1.0882127886184643,-1.823108139249282,lower_limit,-0.0034358003870406787,-0.20343580038704065,111,,-0.2020240363384876,0.002024036338487578
hand_friction_sweep_joint8_joint_3_1_20260811_140551.csv,75,8,joint_3_1,1,0.2,0.2,0.6795728206634521,-0.5166174585903215,0.601440460237246,1.1180579188275674,1.645236367363886,upper_limit,-0.0008243058619739627,0.19917569413802605,126,,0.19992175402654525,7.82459734547658e-05
hand_friction_sweep_joint8_joint_3_1_20260811_140551.csv,76,8,joint_3_1,-1,0.2,-0.2,0.6040711402893066,0.6544984694978735,-0.4457570909593517,-1.1002555604572253,-1.8214006382266201,lower_limit,-0.0034274980326116874,-0.2034274980326117,112,,-0.20186083058631946,0.0018608305863194452
hand_friction_sweep_joint8_joint_3_1_20260811_140551.csv,77,8,joint_3_1,1,0.2,0.2,0.6675319671630859,-0.5201081170943102,0.5991715322096532,1.1192796493039634,1.676743143943712,upper_limit,-0.0006321979564514817,0.19936780204354854,124,,0.2029332234791889,-0.0029332234791888956
hand_friction_sweep_joint8_joint_3_1_20260811_140551.csv,78,8,joint_3_1,-1,0.2,-0.2,0.5916118621826172,0.6417575659583149,-0.441044701978967,-1.082802267937282,-1.830257872015158,lower_limit,-0.0033205175751942696,-0.20332051757519423,110,,-0.20270741953906507,0.002707419539065059
hand_friction_sweep_joint8_joint_3_1_20260811_140551.csv,79,8,joint_3_1,1,0.2,0.2,0.6575295925140381,-0.5281366316534841,0.5942846103040692,1.1224212419575532,1.7070277212406828,upper_limit,-0.0005026284500462654,0.1994973715499537,122,,0.20582787311702114,-0.005827873117021126
hand_friction_sweep_joint8_joint_3_1_20260811_140551.csv,80,8,joint_3_1,-1,0.2,-0.2,0.5982522964477539,0.647866218340295,-0.4464552226601495,-1.0943214410004445,-1.8291972258162705,lower_limit,-0.0031685199051826765,-0.20316851990518262,111,,-0.20260604123335615,0.0026060412333561433
hand_friction_sweep_joint8_joint_3_1_20260811_140551.csv,81,8,joint_3_1,1,0.25,0.25,0.5218617916107179,-0.5213298475707062,0.6068509809184284,1.1281808284891346,2.161838338474681,upper_limit,-0.00016435934163909225,0.24983564065836092,97,,0.24929941889918145,0.0007005811008185536
hand_friction_sweep_joint8_joint_3_1_20260811_140551.csv,82,8,joint_3_1,-1,0.25,-0.25,0.4955387115478515,0.6798057436517912,-0.451516677490933,-1.1313224211427242,-2.2830152211700185,lower_limit,-0.003951650006003353,-0.25395165000600334,92,,-0.24598271058590693,-0.004017289414093073
hand_friction_sweep_joint8_joint_3_1_20260811_140551.csv,83,8,joint_3_1,1,0.25,0.25,0.5373854637145996,-0.5557128338349945,0.6065019150680294,1.162214748903024,2.1627208537971643,upper_limit,0.0001793511501240016,0.250179351150124,100,,0.24938377116315916,0.0006162288368408431
hand_friction_sweep_joint8_joint_3_1_20260811_140551.csv,84,8,joint_3_1,-1,0.25,-0.25,0.4872915744781495,0.6724753607934151,-0.4441862946325568,-1.1166616554259718,-2.2915677469322704,lower_limit,-0.0040219649371643325,-0.2540219649371643,91,,-0.24680017504504367,-0.0031998249549563262
hand_friction_sweep_joint8_joint_3_1_20260811_140551.csv,85,8,joint_3_1,1,0.25,0.25,0.5314536094665527,-0.5469861875750228,0.5981243346584567,1.1451105222334794,2.1546763477303044,upper_limit,0.00014554272142763196,0.2501455427214276,99,,0.2486148640608862,0.0013851359391137963
hand_friction_sweep_joint8_joint_3_1_20260811_140551.csv,86,8,joint_3_1,-1,0.25,-0.25,0.49196100234985346,0.6759660192974037,-0.4541346713689245,-1.1301006906663282,-2.2971347022800552,lower_limit,-0.003968690135142944,-0.2539686901351429,92,,-0.24733227378042558,-0.0026677262195744234
hand_friction_sweep_joint8_joint_3_1_20260811_140551.csv,87,8,joint_3_1,1,0.25,0.25,0.5369524955749512,-0.5653121447209632,0.6007423285364482,1.1660544732574114,2.1716157069143303,upper_limit,0.0004316451261764868,0.2504316451261765,100,,0.2502339558331215,-0.00023395583312152413
hand_friction_sweep_joint8_joint_3_1_20260811_140551.csv,88,8,joint_3_1,-1,0.25,-0.25,0.4833407402038574,0.6836454680061789,-0.4433136300065596,-1.1269590980127384,-2.331603782328433,lower_limit,-0.004091111081021463,-0.25409111108102145,90,,-0.25062688506391956,0.0006268850639195578
hand_friction_sweep_joint8_joint_3_1_20260811_140551.csv,89,8,joint_3_1,1,0.25,0.25,0.5332610607147218,-0.5447172595474302,0.6119124357492118,1.1566296952966422,2.1689745989448936,upper_limit,-6.216651443365683e-05,0.24993783348556628,99,,0.24998151439561234,1.8485604387663557e-05
hand_friction_sweep_joint8_joint_3_1_20260811_140551.csv,90,8,joint_3_1,-1,0.25,-0.25,0.49470376968383784,0.6913249167149539,-0.4441862946325568,-1.1355112113475108,-2.295335675475465,lower_limit,-0.004007100460013978,-0.254007100460014,92,,-0.24716031984369757,-0.0028396801563024265
hand_friction_sweep_joint8_joint_3_1_20260811_140551.csv,91,8,joint_3_1,1,0.25,0.25,0.5390732288360596,-0.5550147021341968,0.6099925735720181,1.1650072757062149,2.161129904784256,upper_limit,5.268193749593045e-06,0.2500052681937496,100,,0.2492317056435098,0.0007682943564902012
hand_friction_sweep_joint8_joint_3_1_20260811_140551.csv,92,8,joint_3_1,-1,0.25,-0.25,0.49542021751403803,0.7051130178057091,-0.4605923896013035,-1.1657054074070126,-2.352962931663122,lower_limit,-0.004045875371112286,-0.2540458753711123,92,,-0.2526684276378767,0.0026684276378767247
hand_friction_sweep_joint8_joint_3_1_20260811_140551.csv,93,8,joint_3_1,1,0.25,0.25,0.528245210647583,-0.5633922825437695,0.6045820528908357,1.167974335434605,2.211045764149512,upper_limit,0.0001901844458690706,0.25019018444586905,98,,0.2540027454641044,-0.004002745464104396
hand_friction_sweep_joint8_joint_3_1_20260811_140551.csv,94,8,joint_3_1,-1,0.25,-0.25,0.4848139286041259,0.6721262949430162,-0.451516677490933,-1.1236429724339492,-2.3176788168383218,lower_limit,-0.003923686985707606,-0.2539236869857076,90,,-0.2492959139918284,-0.000704086008171595
hand_friction_sweep_joint8_joint_3_1_20260811_140551.csv,95,8,joint_3_1,1,0.25,0.25,0.5170094966888428,-0.546637121724624,0.5956808737056646,1.1423179954302887,2.209471978263838,upper_limit,0.00036926945006259286,0.25036926945006255,96,,0.253852320424345,-0.0038523204243450238
hand_friction_sweep_joint8_joint_3_1_20260811_140551.csv,96,8,joint_3_1,-1,0.25,-0.25,0.47310066223144526,0.6593853914034576,-0.4457570909593517,-1.1051424823628093,-2.3359563209027243,lower_limit,-0.004006615532826104,-0.25400661553282605,88,,-0.2510429078495169,0.001042907849516883
hand_friction_sweep_joint8_joint_3_1_20260811_140551.csv,97,8,joint_3_1,1,0.25,0.25,0.526386022567749,-0.5447172595474302,0.6141813637768045,1.1588986233242347,2.2016135946601385,upper_limit,-0.0001577000803223807,0.24984229991967757,98,,0.25310120321279095,-0.0031012032127909483
hand_friction_sweep_joint8_joint_3_1_20260811_140551.csv,98,8,joint_3_1,-1,0.25,-0.25,0.48467111587524414,0.6874851923605664,-0.4476769531365455,-1.135162145497112,-2.3421287308346765,lower_limit,-0.00389108835226308,-0.2538910883522631,90,,-0.2516328769284601,0.001632876928460092
hand_friction_sweep_joint8_joint_3_1_20260811_140551.csv,99,8,joint_3_1,1,0.25,0.25,0.5328686237335205,-0.5572836301617894,0.6042329870404368,1.1615166172022262,2.179742933753748,upper_limit,0.00023272724299684087,0.25023272724299683,99,,0.25101076952269724,-0.0010107695226972413
hand_friction_sweep_joint8_joint_3_1_20260811_140551.csv,100,8,joint_3_1,-1,0.25,-0.25,0.4829044342041015,0.6763150851478026,-0.4403465702781693,-1.1166616554259718,-2.312386419201962,lower_limit,-0.004085429817397582,-0.25408542981739757,90,,-0.24879005793344172,-0.0012099420665582783
hand_friction_sweep_joint8_joint_3_1_20260811_140551.csv,101,8,joint_3_1,1,0.3,0.3,0.429424524307251,-0.5312782243070738,0.6052801845916335,1.1365584088987073,2.6467012118886477,upper_limit,0.0005341438702255245,0.3005341438702255,80,,0.29564340868524364,0.004356591314756353
hand_friction_sweep_joint8_joint_3_1_20260811_140551.csv,102,8,joint_3_1,-1,0.3,-0.3,0.41828680038452143,0.7150613945420767,-0.4649557127312893,-1.180017107273366,-2.82107182485463,lower_limit,-0.004325785375264716,-0.3043257853752647,78,,-0.297411044477319,-0.0025889555226810135
hand_friction_sweep_joint8_joint_3_1_20260811_140551.csv,103,8,joint_3_1,1,0.3,0.3,0.4444842338562012,-0.5995205980600521,0.5988224663592544,1.1983430644193065,2.696030529638521,upper_limit,0.0011664598820915301,0.3011664598820915,83,,0.3003583858948963,-0.0003583858948962848
hand_friction_sweep_joint8_joint_3_1_20260811_140551.csv,104,8,joint_3_1,-1,0.3,-0.3,0.41296648979187006,0.6984807666481306,-0.4663519761328848,-1.1648327427810155,-2.8206471265212745,lower_limit,-0.004449184854164524,-0.30444918485416456,77,,-0.29737045111308674,-0.0026295488869132466
hand_friction_sweep_joint8_joint_3_1_20260811_140551.csv,105,8,joint_3_1,1,0.3,0.3,0.45041322708129883,-0.5871287603708925,0.6106907052728159,1.1978194656437084,2.659378973849505,upper_limit,0.0007809213957612833,0.30078092139576124,84,,0.2968551699955852,0.003144830004414789
hand_friction_sweep_joint8_joint_3_1_20260811_140551.csv,106,8,joint_3_1,-1,0.3,-0.3,0.4119060039520264,0.7257079029792421,-0.4403465702781693,-1.1660544732574114,-2.830875156151447,lower_limit,-0.004894412030354396,-0.30489441203035433,77,,-0.2983480629837889,-0.0016519370162110802
hand_friction_sweep_joint8_joint_3_1_20260811_140551.csv,107,8,joint_3_1,1,0.3,0.3,0.4348392486572266,-0.5791002458117185,0.6007423285364482,1.1798425743481666,2.7132844562478957,upper_limit,0.000803560995365926,0.30080356099536587,81,,0.3020075445382961,-0.002007544538296102
hand_friction_sweep_joint8_joint_3_1_20260811_140551.csv,108,8,joint_3_1,-1,0.3,-0.3,0.407360553741455,0.7154104603924756,-0.4403465702781693,-1.1557570306706448,-2.837184455037305,lower_limit,-0.004535298521734745,-0.3045352985217347,76,,-0.2989511161337746,-0.0010488838662253697
hand_friction_sweep_joint8_joint_3_1_20260811_140551.csv,109,8,joint_3_1,1,0.3,0.3,0.4402332305908203,-0.5729915934297384,0.611563369898813,1.1845549633285515,2.690744089760796,upper_limit,0.0008660730992798164,0.30086607309927976,82,,0.299853099288865,0.0001469007111349896
hand_friction_sweep_joint8_joint_3_1_20260811_140551.csv,110,8,joint_3_1,-1,0.3,-0.3,0.41744041442871094,0.7124434006640853,-0.4663519761328848,-1.17879537679697,-2.8238650021709404,lower_limit,-0.004223630645020805,-0.3042236306450207,78,,-0.2976780209527631,-0.0023219790472369106
hand_friction_sweep_joint8_joint_3_1_20260811_140551.csv,111,8,joint_3_1,1,0.3,0.3,0.4447002410888672,-0.6021385919380436,0.6134832320760067,1.2156218240140504,2.733575815109858,upper_limit,0.0010455725105001513,0.3010455725105001,83,,0.3039470259451169,-0.003947025945116922
hand_friction_sweep_joint8_joint_3_1_20260811_140551.csv,112,8,joint_3_1,-1,0.3,-0.3,0.41745543479919434,0.7147123286916779,-0.4541346713689245,-1.1688470000606024,-2.799932406252765,lower_limit,-0.004366275226809561,-0.3043662752268096,78,,-0.2953905041276938,-0.004609495872306191
hand_friction_sweep_joint8_joint_3_1_20260811_140551.csv,113,8,joint_3_1,1,0.3,0.3,0.4451045989990235,-0.5972516700324595,0.5942846103040692,1.1915362803365288,2.676980383972943,upper_limit,0.0011241380338987016,0.30112413803389865,83,,0.29853754168397073,0.0014624583160292581
hand_friction_sweep_joint8_joint_3_1_20260811_140551.csv,114,8,joint_3_1,-1,0.3,-0.3,0.40795207023620605,0.6981317007977318,-0.4433136300065596,-1.1414453308042913,-2.797988818008423,lower_limit,-0.0044058883156618284,-0.3044058883156618,76,,-0.29520473277112474,-0.004795267228875244
hand_friction_sweep_joint8_joint_3_1_20260811_140551.csv,115,8,joint_3_1,1,0.3,0.3,0.43944740295410156,-0.5761331860833281,0.6129596333004085,1.1890928193837365,2.705882004058475,upper_limit,0.000951069831598871,0.30095106983159886,82,,0.3013000060001465,-0.0013000060001465141
hand_friction_sweep_joint8_joint_3_1_20260811_140551.csv,116,8,joint_3_1,-1,0.3,-0.3,0.4126513004302979,0.7070328799829029,-0.4625122517784973,-1.1695451317614003,-2.8342213644833802,lower_limit,-0.0044916240487123315,-0.30449162404871233,77,,-0.29866789907201163,-0.0013321009279883556
hand_friction_sweep_joint8_joint_3_1_20260811_140551.csv,117,8,joint_3_1,1,0.3,0.3,0.45137619972229004,-0.6113888369736136,0.6145304296272034,1.225919266600817,2.715959032299589,upper_limit,0.0010034924207025443,0.30100349242070246,84,,0.3022631849100758,-0.0022631849100758217
hand_friction_sweep_joint8_joint_3_1_20260811_140551.csv,118,8,joint_3_1,-1,0.3,-0.3,0.419297456741333,0.7161085920932734,-0.4806636759992383,-1.1967722680925117,-2.8542321181566512,lower_limit,-0.0044574908746858495,-0.30445749087468577,78,,-0.3005805597740277,0.0005805597740277113
hand_friction_sweep_joint8_joint_3_1_20260811_140551.csv,119,8,joint_3_1,1,0.3,0.3,0.44539165496826166,-0.5972516700324595,0.6161012259539983,1.213352895986458,2.72423805531992,upper_limit,0.0010622084223163364,0.30106220842231624,83,,0.3030545075279352,-0.003054507527935235
hand_friction_sweep_joint8_joint_3_1_20260811_140551.csv,120,8,joint_3_1,-1,0.3,-0.3,0.4189777374267578,0.7105235384868915,-0.4621631859280984,-1.17268672441499,-2.7989237127903226,lower_limit,-0.0044431607606138755,-0.3044431607606138,78,,-0.2952940915498622,-0.004705908450137797
hand_friction_sweep_joint9_joint_3_2_20260811_160517.csv,2,9,joint_3_2,-1,0.05,-0.05,5.554169654846191,2.2167426829579977,0.0863937979737193,-2.1303488849842784,-0.38355848261233444,lower_limit,-0.0054911649794395,-0.05549116497943947,1025,,-0.0480102622185895,-0.001989737781410504
hand_friction_sweep_joint9_joint_3_2_20260811_160517.csv,4,9,joint_3_2,-1,0.05,-0.05,5.560848236083984,2.20679430622163,0.085870199198121,-2.120924107023509,-0.3814029833184387,lower_limit,-0.005345493854044704,-0.05534549385404467,1022,,-0.0477976597169241,-0.0022023402830759
hand_friction_sweep_joint9_joint_3_2_20260811_160517.csv,6,9,joint_3_2,-1,0.05,-0.05,5.598677635192871,2.210284964725618,0.0867428638241181,-2.1235421009015,-0.3792935116594448,lower_limit,-0.005370719936233184,-0.05537071993623316,1030,,-0.04758959704060385,-0.002410402959396152
hand_friction_sweep_joint9_joint_3_2_20260811_160517.csv,8,9,joint_3_2,-1,0.05,-0.05,5.678124189376831,2.2202333414619866,0.0863937979737193,-2.1338395434882673,-0.375800083323372,lower_limit,-0.005328987640893653,-0.05532898764089362,1043,,-0.04724503111764522,-0.002754968882354783
hand_friction_sweep_joint9_joint_3_2_20260811_160517.csv,10,9,joint_3_2,-1,0.05,-0.05,5.66065788269043,2.211855761052413,0.085870199198121,-2.125985561854292,-0.375572169509711,lower_limit,-0.005282024709719892,-0.05528202470971986,1041,,-0.04722255138541536,-0.002777448614584642
hand_friction_sweep_joint9_joint_3_2_20260811_160517.csv,12,9,joint_3_2,-1,0.05,-0.05,5.685029745101929,2.224771197517172,0.0851720674973232,-2.1395991300198487,-0.3763567168427343,lower_limit,-0.005297369098663,-0.05529736909866297,1045,,-0.04729993332942621,-0.002700066670573792
hand_friction_sweep_joint9_joint_3_2_20260811_160517.csv,14,9,joint_3_2,-1,0.05,-0.05,5.678622007369995,2.224771197517172,0.0867428638241181,-2.138028333693054,-0.3765047807228964,lower_limit,-0.00531083060977942,-0.055310830609779385,1046,,-0.04731453725503077,-0.0026854627449692317
hand_friction_sweep_joint9_joint_3_2_20260811_160517.csv,16,9,joint_3_2,-1,0.05,-0.05,5.680054664611816,2.212553892753211,0.0855211333477221,-2.127032759405489,-0.3744739945299195,lower_limit,-0.005236646917534659,-0.05523664691753463,1043,,-0.04711423553087937,-0.0028857644691206302
hand_friction_sweep_joint9_joint_3_2_20260811_160517.csv,18,9,joint_3_2,-1,0.05,-0.05,5.6605188846588135,2.2137756232296075,0.085870199198121,-2.1279054240314865,-0.3759205591202167,lower_limit,-0.005240610427772529,-0.0552406104277725,1039,,-0.047256913958837445,-0.0027430860411625582
hand_friction_sweep_joint9_joint_3_2_20260811_160517.csv,20,9,joint_3_2,-1,0.05,-0.05,5.729303598403931,2.223723999965975,0.085870199198121,-2.137853800767854,-0.3731437449681349,lower_limit,-0.005217469590278182,-0.05521746959027816,1053,,-0.04698302955671106,-0.003016970443288941
hand_friction_sweep_joint9_joint_3_2_20260811_160517.csv,21,9,joint_3_2,1,0.1,0.1,3.04482364654541,0.0809832772925368,2.09596589871999,2.0149826214274533,0.6617731781325359,upper_limit,-0.0087987210638417,0.09120127893615823,560,,0.09567843050473676,0.004321569495263244
hand_friction_sweep_joint9_joint_3_2_20260811_160517.csv,22,9,joint_3_2,-1,0.1,-0.1,2.2263381481170654,2.112022927838338,0.0829031394697306,-2.0291197883686074,-0.9114158107943952,lower_limit,-0.006880148968503194,-0.10688014896850319,410,,-0.10007420341853838,7.420341853837942e-05
hand_friction_sweep_joint9_joint_3_2_20260811_160517.csv,23,9,joint_3_2,1,0.1,0.1,3.033656358718872,0.0537561409614253,2.097536695046785,2.0437805540853597,0.6737020652360435,upper_limit,-0.00862669597198271,0.09137330402801723,558,,0.0968550076659875,0.0031449923340125113
hand_friction_sweep_joint9_joint_3_2_20260811_160517.csv,24,9,joint_3_2,-1,0.1,-0.1,2.2248456478118896,2.114815454641529,0.0781907504893459,-2.036624704152183,-0.9154004486356976,lower_limit,-0.0068996068947059595,-0.10689960689470596,410,,-0.10046721861260065,0.00046721861260064224
hand_friction_sweep_joint9_joint_3_2_20260811_160517.csv,25,9,joint_3_2,1,0.1,0.1,3.017146110534668,0.0445058959258553,2.097536695046785,2.0530307991209296,0.6804545500639053,upper_limit,-0.00858006232342695,0.09141993767657298,555,,0.09752102280731767,0.0024789771926823356
hand_friction_sweep_joint9_joint_3_2_20260811_160517.csv,26,9,joint_3_2,-1,0.1,-0.1,2.218721389770508,2.107834137633552,0.0794124809657419,-2.02842165666781,-0.914230000224417,lower_limit,-0.0068625332831193896,-0.10686253328311937,408,,-0.10035177424153857,0.00035177424153856607
hand_friction_sweep_joint9_joint_3_2_20260811_160517.csv,27,9,joint_3_2,1,0.1,0.1,3.0117311477661133,0.0453785605518525,2.09910749137358,2.0537289308217277,0.6819097821347821,upper_limit,-0.008590507420277615,0.09140949257972232,554,,0.09766455613142884,0.002335443868571166
hand_friction_sweep_joint9_joint_3_2_20260811_160517.csv,28,9,joint_3_2,-1,0.1,-0.1,2.2162427902221675,2.110975730287141,0.0867428638241181,-2.0242328664630227,-0.9133624147109366,lower_limit,-0.006906434467200337,-0.10690643446720031,408,,-0.10026620202581253,0.00026620202581252583
hand_friction_sweep_joint9_joint_3_2_20260811_160517.csv,29,9,joint_3_2,1,0.1,0.1,2.993234634399414,0.0560250689890179,2.097885760897184,2.041860691908166,0.6821585813695694,upper_limit,-0.008622145325420121,0.0913778546745798,551,,0.09768909584706596,0.002310904152934043
hand_friction_sweep_joint9_joint_3_2_20260811_160517.csv,30,9,joint_3_2,-1,0.1,-0.1,2.2172787189483643,2.1142918558659307,0.0820304748437334,-2.0322613810221974,-0.9165565716456617,lower_limit,-0.006866919665702169,-0.10686691966570215,408,,-0.10058125003207148,0.0005812500320714759
hand_friction_sweep_joint9_joint_3_2_20260811_160517.csv,31,9,joint_3_2,1,0.1,0.1,2.9891483783721924,0.0490437519810406,2.097885760897184,2.0488420089161434,0.6854266665851784,upper_limit,-0.008561957550209965,0.09143804244978997,550,,0.09801143559195097,0.0019885644080490372
hand_friction_sweep_joint9_joint_3_2_20260811_160517.csv,32,9,joint_3_2,-1,0.1,-0.1,2.2073116302490234,2.115164520491928,0.0848230016469244,-2.0303415188450034,-0.9198254976874042,lower_limit,-0.006933934397491176,-0.10693393439749116,402,,-0.10090367270982496,0.000903672709824957
hand_friction_sweep_joint9_joint_3_2_20260811_160517.csv,33,9,joint_3_2,1,0.1,0.1,2.972745656967163,0.0518362787842315,2.09596589871999,2.0441296199357586,0.6876234484255234,upper_limit,-0.008551221891899866,0.09144877810810007,546,,0.09822810989854577,0.001771890101454232
hand_friction_sweep_joint9_joint_3_2_20260811_160517.csv,34,9,joint_3_2,-1,0.1,-0.1,2.2129931449890132,2.106263341306757,0.0797615468161408,-2.026501794490616,-0.9157289072852853,lower_limit,-0.006889192659831902,-0.10688919265983189,408,,-0.1004996153435083,0.0004996153435083001
hand_friction_sweep_joint9_joint_3_2_20260811_160517.csv,35,9,joint_3_2,1,0.1,0.1,2.9822306632995605,0.0518362787842315,2.097187629196386,2.0453513504121545,0.6858461270561693,upper_limit,-0.008511522984133232,0.09148847701586671,548,,0.09805280806919323,0.0019471919308067798
hand_friction_sweep_joint9_joint_3_2_20260811_160517.csv,36,9,joint_3_2,-1,0.1,-0.1,2.2068936824798584,2.112022927838338,0.0851720674973232,-2.0268508603410145,-0.9184179901514186,lower_limit,-0.006849555212080244,-0.10684955521208024,404,,-0.10076484658071842,0.0007648465807184174
hand_friction_sweep_joint9_joint_3_2_20260811_160517.csv,37,9,joint_3_2,1,0.1,0.1,2.9672751426696777,0.0514872129338327,2.095616832869591,2.0441296199357586,0.6888911616388365,upper_limit,-0.00855656026931585,0.09144343973068408,546,,0.09835314775001151,0.0016468522499884924
hand_friction_sweep_joint9_joint_3_2_20260811_160517.csv,38,9,joint_3_2,-1,0.1,-0.1,2.206291913986206,2.106263341306757,0.0813323431429357,-2.0249309981638213,-0.9177983136897275,lower_limit,-0.006904516469980118,-0.1069045164699801,406,,-0.1007037262795651,0.000703726279565095
hand_friction_sweep_joint9_joint_3_2_20260811_160517.csv,39,9,joint_3_2,1,0.1,0.1,2.968961477279663,0.0486946861306417,2.0952677670191924,2.0465730808885505,0.6893228816036175,upper_limit,-0.008537505167597255,0.09146249483240267,546,,0.09839572941301242,0.0016042705869875884
hand_friction_sweep_joint9_joint_3_2_20260811_160517.csv,40,9,joint_3_2,-1,0.1,-0.1,2.2056527137756348,2.106786940082355,0.080634211442138,-2.0261527286402172,-0.9186182013086958,lower_limit,-0.006897803839130916,-0.1068978038391309,406,,-0.1007845939278964,0.0007845939278963987
hand_friction_sweep_joint9_joint_3_2_20260811_160517.csv,41,9,joint_3_2,1,0.15,0.15,1.6940293312072754,0.0483456202802429,2.107485071783153,2.05913945150291,1.2155276260980872,upper_limit,-0.00767161414081357,0.14232838585918636,312,,0.15029667198559535,-0.0002966719855953537
hand_friction_sweep_joint9_joint_3_2_20260811_160517.csv,42,9,joint_3_2,-1,0.15,-0.15,1.433967113494873,2.1420425909726406,0.0863937979737193,-2.0556487929989213,-1.4335397050974774,lower_limit,-0.007610647262670522,-0.15761064726267054,264,,-0.15157264112272834,0.001572641122728341
hand_friction_sweep_joint9_joint_3_2_20260811_160517.csv,43,9,joint_3_2,1,0.15,0.15,1.6922216415405271,0.0326376570122939,2.0952677670191924,2.0626301100068987,1.218888861466851,upper_limit,-0.007472231254625128,0.14252776874537482,312,,0.1506281993723633,-0.0006281993723633028
hand_friction_sweep_joint9_joint_3_2_20260811_160517.csv,44,9,joint_3_2,-1,0.15,-0.15,1.4316968917846682,2.1308724837598767,0.0726056968829641,-2.0582667868769127,-1.4376414440009013,lower_limit,-0.007448881140331208,-0.15744888114033118,264,,-0.15197720629911962,0.001977206299119627
hand_friction_sweep_joint9_joint_3_2_20260811_160517.csv,45,9,joint_3_2,1,0.15,0.15,1.7032873630523682,0.0179768912955415,2.1029472157279674,2.084970324432426,1.2240860641953362,upper_limit,-0.007396922789159504,0.14260307721084042,314,,0.151140812995048,-0.0011408129950480073
hand_friction_sweep_joint9_joint_3_2_20260811_160517.csv,46,9,joint_3_2,-1,0.15,-0.15,1.430159330368042,2.1327923459370703,0.0794124809657419,-2.0533798649713284,-1.4357700022436695,lower_limit,-0.0075001819950699065,-0.15750018199506988,264,,-0.1517926211311099,0.001792621131109895
hand_friction_sweep_joint9_joint_3_2_20260811_160517.csv,47,9,joint_3_2,1,0.15,0.15,1.6954896450042725,0.0176278254451427,2.1010273535507737,2.0833995281056312,1.2287892964987004,upper_limit,-0.007443286954751959,0.14255671304524797,312,,0.15160470502991918,-0.00160470502991919
hand_friction_sweep_joint9_joint_3_2_20260811_160517.csv,48,9,joint_3_2,-1,0.15,-0.15,1.4333992004394531,2.1423916568230394,0.0844739357965255,-2.057917721026514,-1.435690574123102,lower_limit,-0.007556638274427415,-0.1575566382744274,264,,-0.15178478692899114,0.0017847869289911444
hand_friction_sweep_joint9_joint_3_2_20260811_160517.csv,49,9,joint_3_2,1,0.15,0.15,1.7037477493286133,0.0150098315671512,2.1032962815783662,2.088286450011215,1.2257016631917106,upper_limit,-0.007385394717208092,0.14261460528279182,314,,0.15130016372612454,-0.0013001637261245425
hand_friction_sweep_joint9_joint_3_2_20260811_160517.csv,50,9,joint_3_2,-1,0.15,-0.15,1.434685707092285,2.1350612739646637,0.0745255590601578,-2.060535714904506,-1.4362279520304468,lower_limit,-0.007437950490460811,-0.1574379504904608,264,,-0.15183778990967628,0.001837789909676285
hand_friction_sweep_joint9_joint_3_2_20260811_160517.csv,51,9,joint_3_2,1,0.15,0.15,1.6966502666473389,0.0157079632679489,2.103645347428765,2.087937384160816,1.2306233200827412,upper_limit,-0.007470876052033142,0.1425291239479668,312,,0.15178559954618492,-0.0017855995461849294
hand_friction_sweep_joint9_joint_3_2_20260811_160517.csv,52,9,joint_3_2,-1,0.15,-0.15,1.4302070140838625,2.1469295128782244,0.0839503370209272,-2.062979175857297,-1.44243396623164,lower_limit,-0.0075830747472138355,-0.1575830747472138,264,,-0.15244990523176485,0.0024499052317648595
hand_friction_sweep_joint9_joint_3_2_20260811_160517.csv,53,9,joint_3_2,1,0.15,0.15,1.6936836242675781,0.0256563400043166,2.1029472157279674,2.077290875723651,1.2264928620432054,upper_limit,-0.007432558002934356,0.14256744199706559,312,,0.1513782017267024,-0.001378201726702416
hand_friction_sweep_joint9_joint_3_2_20260811_160517.csv,54,9,joint_3_2,-1,0.15,-0.15,1.4200720787048342,2.135410339815062,0.0844739357965255,-2.0509364040185365,-1.444248101750636,lower_limit,-0.0075346261372389286,-0.1575346261372389,262,,-0.1526288381364477,0.0026288381364477087
hand_friction_sweep_joint9_joint_3_2_20260811_160517.csv,55,9,joint_3_2,1,0.15,0.15,1.6829345226287842,0.0268780704807126,2.094744168243594,2.0678660977628813,1.2287264120845443,upper_limit,-0.007498857626678356,0.1425011423733216,310,,0.15159850257659285,-0.0015985025765928584
hand_friction_sweep_joint9_joint_3_2_20260811_160517.csv,56,9,joint_3_2,-1,0.15,-0.15,1.4302473068237305,2.1340140764134667,0.0752236907609556,-2.058790385652511,-1.4394646127491326,lower_limit,-0.007486548551061236,-0.15748654855106123,263,,-0.15215703017469676,0.0021570301746967613
hand_friction_sweep_joint9_joint_3_2_20260811_160517.csv,57,9,joint_3_2,1,0.15,0.15,1.6907992362976074,0.0165806278939461,2.097187629196386,2.08060700130244,1.2305464520189908,upper_limit,-0.007365710446548004,0.14263428955345192,312,,0.1517780178491286,-0.0017780178491285936
hand_friction_sweep_joint9_joint_3_2_20260811_160517.csv,58,9,joint_3_2,-1,0.15,-0.15,1.4287166595458984,2.1340140764134667,0.0736528944341607,-2.060361181979306,-1.4421062204413357,lower_limit,-0.0074656499496065605,-0.15746564994960655,264,,-0.15241757881202242,0.002417578812022425
hand_friction_sweep_joint9_joint_3_2_20260811_160517.csv,59,9,joint_3_2,1,0.15,0.15,1.6929590702056885,0.0150098315671512,2.1001546889247766,2.0851448573576254,1.231656980994991,upper_limit,-0.007387279141752244,0.1426127208582477,312,,0.15188755221044253,-0.001887552210442539
hand_friction_sweep_joint9_joint_3_2_20260811_160517.csv,60,9,joint_3_2,-1,0.15,-0.15,1.433496952056885,2.1423916568230394,0.0736528944341607,-2.068738762388879,-1.443141374957584,lower_limit,-0.007484657840829901,-0.15748465784082985,264,,-0.15251967879432715,0.002519678794327157
hand_friction_sweep_joint9_joint_3_2_20260811_160517.csv,61,9,joint_3_2,1,0.2,0.2,1.2011618614196777,0.0188495559215387,2.112022927838338,2.093173371916799,1.7426239036950728,upper_limit,-0.00696984372460849,0.1930301562753915,222,,0.20228554878689697,-0.0022855487868969626
hand_friction_sweep_joint9_joint_3_2_20260811_160517.csv,62,9,joint_3_2,-1,0.2,-0.2,1.0726733207702634,2.173807583358937,0.0813323431429357,-2.0924752402160016,-1.950710621490465,lower_limit,-0.00796680454038554,-0.20796680454038552,198,,-0.20258255373328377,0.0025825537332837545
hand_friction_sweep_joint9_joint_3_2_20260811_160517.csv,63,9,joint_3_2,1,0.2,0.2,1.2010831832885742,-0.0043633231299858,2.1013764194011726,2.1057397425311586,1.7532005874610852,upper_limit,-0.006776634582537214,0.19322336541746274,222,,0.20332875461598077,-0.0033287546159807557
hand_friction_sweep_joint9_joint_3_2_20260811_160517.csv,64,9,joint_3_2,-1,0.2,-0.2,1.0735304355621338,2.161241212744578,0.0668461103513828,-2.0943951023931953,-1.9509415224883728,lower_limit,-0.00781300584866533,-0.2078130058486653,198,,-0.20260532809926535,0.002605328099265336
hand_friction_sweep_joint9_joint_3_2_20260811_160517.csv,65,9,joint_3_2,1,0.2,0.2,1.204101324081421,-0.0078539816339744,2.095616832869591,2.1034708145035657,1.7469217684884215,upper_limit,-0.006672515457882754,0.19332748454211718,222,,0.20270945836992177,-0.002709458369921758
hand_friction_sweep_joint9_joint_3_2_20260811_160517.csv,66,9,joint_3_2,-1,0.2,-0.2,1.0723626613616943,2.1642082724729685,0.070162235930172,-2.0940460365427964,-1.9527405345163367,lower_limit,-0.007808002466337862,-0.20780800246633782,198,,-0.2027827693346925,0.0027827693346924864
hand_friction_sweep_joint9_joint_3_2_20260811_160517.csv,67,9,joint_3_2,1,0.2,0.2,1.2008965015411377,-0.0139626340159546,2.097885760897184,2.111848394913139,1.7585598694000324,upper_limit,-0.006714345847753429,0.1932856541522465,222,,0.20385735453275045,-0.0038573545327504344
hand_friction_sweep_joint9_joint_3_2_20260811_160517.csv,68,9,joint_3_2,-1,0.2,-0.2,1.0701560974121094,2.1654300029493645,0.0748746249105567,-2.090555378038808,-1.9535050850004645,lower_limit,-0.0078804400492204,-0.2078804400492204,198,,-0.20285817893748634,0.0028581789374863276
hand_friction_sweep_joint9_joint_3_2_20260811_160517.csv,69,9,joint_3_2,1,0.2,0.2,1.2141125202178955,-0.0136135681655557,2.110103065661144,2.1237166338267,1.7491925982655698,upper_limit,-0.006849046895601619,0.19315095310439837,224,,0.20293343621711718,-0.002933436217117169
hand_friction_sweep_joint9_joint_3_2_20260811_160517.csv,70,9,joint_3_2,-1,0.2,-0.2,1.075286149978638,2.1846286247213023,0.0767944870877505,-2.1078341376335517,-1.9602541497213803,lower_limit,-0.008007544730939231,-0.20800754473093924,198,,-0.20352385674477297,0.0035238567447729574
hand_friction_sweep_joint9_joint_3_2_20260811_160517.csv,71,9,joint_3_2,1,0.2,0.2,1.204012393951416,-0.0066322511575784,2.107485071783153,2.1141173229407313,1.7558933226612945,upper_limit,-0.006775905117259459,0.19322409488274048,222,,0.2035943460924003,-0.00359434609240028
hand_friction_sweep_joint9_joint_3_2_20260811_160517.csv,72,9,joint_3_2,-1,0.2,-0.2,1.0747535228729248,2.16996785900455,0.0624827872213969,-2.107485071783153,-1.9609008269632204,lower_limit,-0.007827590338782072,-0.2078275903387821,199,,-0.2035876402030996,0.0035876402030995957
hand_friction_sweep_joint9_joint_3_2_20260811_160517.csv,73,9,joint_3_2,1,0.2,0.2,1.2028546333312988,-0.0097738438111682,2.099805623074378,2.109579466885546,1.753810816726106,upper_limit,-0.006685955877048727,0.19331404412295122,222,,0.20338894311555497,-0.00338894311555496
hand_friction_sweep_joint9_joint_3_2_20260811_160517.csv,74,9,joint_3_2,-1,0.2,-0.2,1.0731010437011719,2.167349865126558,0.0678933079025794,-2.099456557223979,-1.9564388363493364,lower_limit,-0.00782977379826015,-0.2078297737982602,198,,-0.2031475424635152,0.0031475424635152016
hand_friction_sweep_joint9_joint_3_2_20260811_160517.csv,75,9,joint_3_2,1,0.2,0.2,1.2043814659118652,-0.0123918376891597,2.097536695046785,2.1099285327359447,1.7518772851078945,upper_limit,-0.006654806699883894,0.19334519330011604,223,,0.2031982338630653,-0.0031982338630652807
hand_friction_sweep_joint9_joint_3_2_20260811_160517.csv,76,9,joint_3_2,-1,0.2,-0.2,1.073274850845337,2.168920661453353,0.0678933079025794,-2.1010273535507737,-1.957585563377316,lower_limit,-0.007875936809436252,-0.20787593680943625,199,,-0.20326064713284459,0.003260647132844574
hand_friction_sweep_joint9_joint_3_2_20260811_160517.csv,77,9,joint_3_2,1,0.2,0.2,1.2130160331726074,-0.0109955742875642,2.113244658314734,2.124240232602298,1.7512054041416178,upper_limit,-0.006727306734802487,0.19327269326519744,224,,0.2031319644958443,-0.003131964495844297
hand_friction_sweep_joint9_joint_3_2_20260811_160517.csv,78,9,joint_3_2,-1,0.2,-0.2,1.0702893733978271,2.175727445536131,0.0801106126665397,-2.095616832869591,-1.9579908807434727,lower_limit,-0.007999581960047566,-0.20799958196004753,198,,-0.2033006246388718,0.003300624638871791
hand_friction_sweep_joint9_joint_3_2_20260811_160517.csv,79,9,joint_3_2,1,0.2,0.2,1.2036833763122559,-0.0001745329251994,2.106786940082355,2.1069614730075545,1.7504283223240038,upper_limit,-0.006782879288077354,0.19321712071192262,222,,0.20305531889503556,-0.003055318895035547
hand_friction_sweep_joint9_joint_3_2_20260811_160517.csv,80,9,joint_3_2,-1,0.2,-0.2,1.0727758407592773,2.173807583358937,0.0698131700797731,-2.103994413279164,-1.9612619275523786,lower_limit,-0.007869772264199078,-0.20786977226419906,198,,-0.2036232564934066,0.0036232564934065847
hand_friction_sweep_joint9_joint_3_2_20260811_160517.csv,81,9,joint_3_2,1,0.25,0.25,0.9523296356201172,-0.0127409035395586,2.103645347428765,2.116386250968324,2.2223253081798946,upper_limit,-0.006416159421197518,0.2435838405788024,176,,0.2495997459822736,0.00040025401772639246
hand_friction_sweep_joint9_joint_3_2_20260811_160517.csv,82,9,joint_3_2,-1,0.25,-0.25,0.8776631355285646,2.1968459294852622,0.0801106126665397,-2.1167353168187226,-2.4117856055831015,lower_limit,-0.008312143579437294,-0.2583121435794373,162,,-0.24805957863931444,-0.0019404213606855625
hand_friction_sweep_joint9_joint_3_2_20260811_160517.csv,83,9,joint_3_2,1,0.25,0.25,0.9550776481628419,-0.0104719755119659,2.113593724165133,2.124065699677099,2.2239717406881905,upper_limit,-0.006400376103602065,0.2435996238963979,176,,0.24976213790282686,0.000237862097173136
hand_friction_sweep_joint9_joint_3_2_20260811_160517.csv,84,9,joint_3_2,-1,0.25,-0.25,0.8787343502044678,2.1987657916624563,0.0710349005561692,-2.127730891106287,-2.421358503410271,lower_limit,-0.008289709389773239,-0.25828970938977325,162,,-0.24900377845047056,-0.0009962215495294413
hand_friction_sweep_joint9_joint_3_2_20260811_160517.csv,85,9,joint_3_2,1,0.25,0.25,0.9552314281463624,-0.0132645023151569,2.103645347428765,2.116909849743922,2.2161224886118016,upper_limit,-0.006400662694233113,0.24359933730576683,176,,0.24898794575515676,0.0010120542448432412
hand_friction_sweep_joint9_joint_3_2_20260811_160517.csv,86,9,joint_3_2,-1,0.25,-0.25,0.8775243759155273,2.206445240371232,0.0781907504893459,-2.128254489881886,-2.42529387022607,lower_limit,-0.008259853797663143,-0.2582598537976632,162,,-0.24939193391513678,-0.000608066084863218
hand_friction_sweep_joint9_joint_3_2_20260811_160517.csv,87,9,joint_3_2,1,0.25,0.25,0.9530231952667236,-0.0055850536063818,2.1081832034839505,2.1137682570903324,2.217960976803665,upper_limit,-0.006389250287526426,0.24361074971247348,176,,0.2491692806273042,0.0008307193726957984
hand_friction_sweep_joint9_joint_3_2_20260811_160517.csv,88,9,joint_3_2,-1,0.25,-0.25,0.8780801296234131,2.1999875221388523,0.0764454212373516,-2.1235421009015005,-2.418392159508535,lower_limit,-0.008287511824153104,-0.25828751182415305,162,,-0.24871120023618168,-0.0012887997638183213
hand_friction_sweep_joint9_joint_3_2_20260811_160517.csv,89,9,joint_3_2,1,0.25,0.25,0.9550371170043944,-0.0113446401379631,2.106263341306757,2.1176079814447197,2.217304378794082,upper_limit,-0.006439537750176133,0.24356046224982383,176,,0.2491045186578518,0.0008954813421482022
hand_friction_sweep_joint9_joint_3_2_20260811_160517.csv,90,9,joint_3_2,-1,0.25,-0.25,0.8775491714477539,2.2041763123436384,0.0844739357965255,-2.119702376547113,-2.415479890488749,lower_limit,-0.008304898923463564,-0.25830489892346353,162,,-0.24842395556814462,-0.0015760444318553835
hand_friction_sweep_joint9_joint_3_2_20260811_160517.csv,91,9,joint_3_2,1,0.25,0.25,0.9474291801452638,-0.0082030474843733,2.097885760897184,2.1060888083815574,2.2229511741011008,upper_limit,-0.00631084450190138,0.24368915549809855,175,,0.24966147676591727,0.00033852323408273266
hand_friction_sweep_joint9_joint_3_2_20260811_160517.csv,92,9,joint_3_2,-1,0.25,-0.25,0.8765454292297363,2.1860248881228976,0.0706858347057703,-2.1153390534171272,-2.413268021117833,lower_limit,-0.008192860854506219,-0.2581928608545062,162,,-0.24820579313916794,-0.001794206860832065
hand_friction_sweep_joint9_joint_3_2_20260811_160517.csv,93,9,joint_3_2,1,0.25,0.25,0.9519069194793702,-0.0066322511575784,2.11132479613754,2.1179570472951186,2.224962340281653,upper_limit,-0.006448407422647481,0.24355159257735248,176,,0.24985984331721292,0.00014015668278707927
hand_friction_sweep_joint9_joint_3_2_20260811_160517.csv,94,9,joint_3_2,-1,0.25,-0.25,0.8771781921386719,2.2029545818672425,0.0787143492649442,-2.124240232602298,-2.4216746969314533,lower_limit,-0.008282624705362448,-0.2582826247053624,162,,-0.2490349654398628,-0.0009650345601371901
hand_friction_sweep_joint9_joint_3_2_20260811_160517.csv,95,9,joint_3_2,1,0.25,0.25,0.9539692401885986,-0.0078539816339744,2.114815454641529,2.1226694362755034,2.225092117074817,upper_limit,-0.006380018297568312,0.24361998170243163,176,,0.24987264353986335,0.00012735646013664614
hand_friction_sweep_joint9_joint_3_2_20260811_160517.csv,96,9,joint_3_2,-1,0.25,-0.25,0.8752610683441162,2.201383785540448,0.0816814089933346,-2.1197023765471137,-2.4217944259274824,lower_limit,-0.008395708469944814,-0.25839570846994486,162,,-0.24904677462214822,-0.0009532253778517796
hand_friction_sweep_joint9_joint_3_2_20260811_160517.csv,97,9,joint_3_2,1,0.25,0.25,0.9538068771362305,-0.0071558499331767,2.112022927838338,2.1191787777715145,2.2218111743273123,upper_limit,-0.006369374288258505,0.24363062571174146,176,,0.2495490356231659,0.00045096437683408985
hand_friction_sweep_joint9_joint_3_2_20260811_160517.csv,98,9,joint_3_2,-1,0.25,-0.25,0.8773207664489746,2.202605516016844,0.070162235930172,-2.132443280086672,-2.430631260123826,lower_limit,-0.008237497766988218,-0.25823749776698823,162,,-0.24991837456294405,-8.162543705594882e-05
hand_friction_sweep_joint9_joint_3_2_20260811_160517.csv,99,9,joint_3_2,1,0.25,0.25,0.9547603130340576,-0.0090757121103705,2.113244658314734,2.1223203704251046,2.222882896840098,upper_limit,-0.006445095681064031,0.24355490431893595,176,,0.24965474240208002,0.000345257597919979
hand_friction_sweep_joint9_joint_3_2_20260811_160517.csv,100,9,joint_3_2,-1,0.25,-0.25,0.8768043518066406,2.20365271356804,0.077841684638947,-2.125811028929093,-2.424498720323291,lower_limit,-0.008229419515009304,-0.2582294195150093,162,,-0.2493135062120944,-0.0006864937879056121
hand_friction_sweep_joint9_joint_3_2_20260811_160517.csv,101,9,joint_3_2,1,0.3,0.3,0.7796502113342285,-0.0071558499331767,2.115862652192725,2.123018502125902,2.72303973148772,upper_limit,-0.006045979868653444,0.2939540201313465,144,,0.2989865118776095,0.0010134881223904935
hand_friction_sweep_joint9_joint_3_2_20260811_160517.csv,102,9,joint_3_2,-1,0.3,-0.3,0.7349331378936768,2.21901161098559,0.0797615468161408,-2.1392500641694494,-2.910809097954889,lower_limit,-0.008580295285932044,-0.30858029528593206,136,,-0.2972795636184315,-0.0027204363815684918
hand_friction_sweep_joint9_joint_3_2_20260811_160517.csv,103,9,joint_3_2,1,0.3,0.3,0.7784175872802734,-0.0055850536063818,2.105565209605959,2.111150263212341,2.712105041958938,upper_limit,-0.006078826978171086,0.29392117302182885,144,,0.2979079950089949,0.002092004991005092
hand_friction_sweep_joint9_joint_3_2_20260811_160517.csv,104,9,joint_3_2,-1,0.3,-0.3,0.7359299659729004,2.22215320363918,0.0797615468161408,-2.142391656823039,-2.9111352382434847,lower_limit,-0.008606767102245944,-0.30860676710224594,136,,-0.2973117316833646,-0.0026882683166353782
hand_friction_sweep_joint9_joint_3_2_20260811_160517.csv,105,9,joint_3_2,1,0.3,0.3,0.770514965057373,-0.0062831853071795,2.09596589871999,2.1022490840271697,2.72836892125857,upper_limit,-0.006042336121715568,0.2939576638782843,142,,0.2995121437255721,0.00048785627442787804
hand_friction_sweep_joint9_joint_3_2_20260811_160517.csv,106,9,joint_3_2,-1,0.3,-0.3,0.7340707778930664,2.2137756232296075,0.0733038285837618,-2.140471794645846,-2.9158929344516866,lower_limit,-0.008545145324537547,-0.30854514532453753,136,,-0.2977809956348269,-0.002219004365173083
hand_friction_sweep_joint9_joint_3_2_20260811_160517.csv,107,9,joint_3_2,1,0.3,0.3,0.778468132019043,-0.0055850536063818,2.105914275456358,2.11149932906274,2.7123773500995263,upper_limit,-0.006039088570035598,0.2939609114299644,144,,0.29793485346915627,0.00206514653084372
hand_friction_sweep_joint9_joint_3_2_20260811_160517.csv,108,9,joint_3_2,-1,0.3,-0.3,0.742159366607666,2.2141246890800064,0.057246799465414,-2.1568778896145924,-2.9062193198119415,lower_limit,-0.00838964811003918,-0.30838964811003916,137,,-0.2968268618624888,-0.003173138137511189
hand_friction_sweep_joint9_joint_3_2_20260811_160517.csv,109,9,joint_3_2,1,0.3,0.3,0.7774257659912109,-0.0043633231299858,2.098583892597982,2.102947215727968,2.705013530194396,upper_limit,-0.00611675173746276,0.2938832482625372,144,,0.29720854075911374,0.0027914592408862515
hand_friction_sweep_joint9_joint_3_2_20260811_160517.csv,110,9,joint_3_2,-1,0.3,-0.3,0.7355926036834717,2.222851335339978,0.0752236907609556,-2.147627644579022,-2.9195884159585086,lower_limit,-0.008582095835446814,-0.30858209583544677,136,,-0.2981454905875432,-0.0018545094124567951
hand_friction_sweep_joint9_joint_3_2_20260811_160517.csv,111,9,joint_3_2,1,0.3,0.3,0.7789950370788574,-0.0055850536063818,2.1013764194011726,2.1069614730075545,2.704717453539139,upper_limit,-0.00607476950788566,0.2939252304921143,144,,0.29717933794853035,0.0028206620514696357
hand_friction_sweep_joint9_joint_3_2_20260811_160517.csv,112,9,joint_3_2,-1,0.3,-0.3,0.7340986728668213,2.2183134792847925,0.0790634151153431,-2.1392500641694494,-2.9141178743930896,lower_limit,-0.00850873114825697,-0.30850873114825694,136,,-0.2976059168444358,-0.002394083155564164
hand_friction_sweep_joint9_joint_3_2_20260811_160517.csv,113,9,joint_3_2,1,0.3,0.3,0.783148765563965,-0.0047123889803846,2.122494903350304,2.1272072923306884,2.7162237698208376,upper_limit,-0.006178851896736824,0.2938211481032631,145,,0.2983142358505477,0.0016857641494522624
hand_friction_sweep_joint9_joint_3_2_20260811_160517.csv,114,9,joint_3_2,-1,0.3,-0.3,0.7344081401824951,2.2244221316667727,0.0809832772925368,-2.143438854374236,-2.918593540972472,lower_limit,-0.008640560408093507,-0.3086405604080935,136,,-0.2980473634800676,-0.0019526365199323825
hand_friction_sweep_joint9_joint_3_2_20260811_160517.csv,115,9,joint_3_2,1,0.3,0.3,0.7847576141357422,-0.0066322511575784,2.1251128972282958,2.1317451483858743,2.7164376744959355,upper_limit,-0.0061660863100892775,0.29383391368991063,145,,0.2983353338250043,0.001664666174995666
hand_friction_sweep_joint9_joint_3_2_20260811_160517.csv,116,9,joint_3_2,-1,0.3,-0.3,0.7389624118804932,2.223723999965975,0.0644026493985907,-2.1593213505673843,-2.9220990348783737,lower_limit,-0.008503133799130482,-0.30850313379913047,137,,-0.2983931194615602,-0.00160688053843977
hand_friction_sweep_joint9_joint_3_2_20260811_160517.csv,117,9,joint_3_2,1,0.3,0.3,0.7776892185211182,-0.0113446401379631,2.1081832034839505,2.1195278436219134,2.7254175487381502,upper_limit,-0.006123337766620777,0.29387666223337916,144,,0.29922104217756196,0.0007789578224380311
hand_friction_sweep_joint9_joint_3_2_20260811_160517.csv,118,9,joint_3_2,-1,0.3,-0.3,0.7356557846069336,2.223723999965975,0.0659734457253856,-2.1577505542405895,-2.9330980594320915,lower_limit,-0.008491967634570278,-0.30849196763457026,136,,-0.2994779818610153,-0.0005220181389846701
hand_friction_sweep_joint9_joint_3_2_20260811_160517.csv,119,9,joint_3_2,1,0.3,0.3,0.7738335132598878,-0.0055850536063818,2.1005037547751755,2.1060888083815574,2.7216303924462353,upper_limit,-0.006059685578989855,0.2939403144210101,143,,0.29884750510235203,0.0011524948976479599
hand_friction_sweep_joint9_joint_3_2_20260811_160517.csv,120,9,joint_3_2,-1,0.3,-0.3,0.7344570159912109,2.222502269489579,0.0764454212373516,-2.1460568482522273,-2.921963847477098,lower_limit,-0.008621994466264585,-0.3086219944662646,136,,-0.2983797855765591,-0.0016202144234409022
hand_friction_sweep_joint10_joint_3_3_20260811_161208.csv,21,10,joint_3_3,1,0.1,0.1,4.201376438140869,-1.586329757137646,1.4915583787543538,3.0778881358919996,0.7325904215462257,upper_limit,-2.6303274671467898e-05,0.0999736967253285,772,,0.10041173215499424,-0.00041173215499423765
hand_friction_sweep_joint10_joint_3_3_20260811_161208.csv,22,10,joint_3_3,-1,0.1,-0.1,4.294958591461182,1.5126768627034852,-1.4873695885495677,-3.000046451253053,-0.6985041618835285,lower_limit,0.0013427261770384172,-0.09865727382296154,790,,-0.09932725839230819,-0.000672741607691818
hand_friction_sweep_joint10_joint_3_3_20260811_161208.csv,23,10,joint_3_3,1,0.1,0.1,4.099936008453369,-1.5081390066483,1.4838789300455788,2.9920179366938786,0.7297718624204982,upper_limit,-0.00024192588482118544,0.09975807411517877,756,,0.10015230068159264,-0.00015230068159263754
hand_friction_sweep_joint10_joint_3_3_20260811_161208.csv,24,10,joint_3_3,-1,0.1,-0.1,4.296874046325684,1.5088371383490975,-1.4851006605219748,-2.9939377988710723,-0.6967711332919404,lower_limit,0.0013608816437664468,-0.0986391183562335,791,,-0.09916774349802807,-0.0008322565019719397
hand_friction_sweep_joint10_joint_3_3_20260811_161208.csv,25,10,joint_3_3,1,0.1,0.1,4.0998334884643555,-1.5107570005262916,1.4896385165771602,3.0003955171034518,0.7318335062986394,upper_limit,-0.00023762271577550348,0.09976237728422446,756,,0.10034206264331749,-0.0003420626433174867
hand_friction_sweep_joint10_joint_3_3_20260811_161208.csv,26,10,joint_3_3,-1,0.1,-0.1,4.283806324005127,1.5107570005262916,-1.4905111812031573,-3.001268181729449,-0.7006078134091333,lower_limit,0.0013282471214259022,-0.09867175287857405,788,,-0.09952088690619301,-0.0004791130938069932
hand_friction_sweep_joint10_joint_3_3_20260811_161208.csv,27,10,joint_3_3,1,0.1,0.1,4.117414236068726,-1.5165165870578727,1.492081977529952,3.0085985645878246,0.730700967182843,upper_limit,-0.00023337430686933225,0.09976662569313063,758,,0.10023781920601862,-0.00023781920601861906
hand_friction_sweep_joint10_joint_3_3_20260811_161208.csv,28,10,joint_3_3,-1,0.1,-0.1,4.2868571281433105,1.5111060663766904,-1.484751594671576,-2.9958576610482663,-0.6988470974179185,lower_limit,0.0013261109813165178,-0.09867388901868344,790,,-0.09935882355273234,-0.0006411764472676607
hand_friction_sweep_joint10_joint_3_3_20260811_161208.csv,29,10,joint_3_3,1,0.1,0.1,4.0925352573394775,-1.507266342022303,1.4854497263723738,2.9927160683946767,0.7312621346456564,upper_limit,-0.00025677575447802427,0.09974322424552194,754,,0.10028947130739688,-0.0002894713073968713
hand_friction_sweep_joint10_joint_3_3_20260811_161208.csv,30,10,joint_3_3,-1,0.1,-0.1,4.303002834320068,1.5119787310026875,-1.4885913190259634,-3.000570050028651,-0.6973200264003035,lower_limit,0.0013343219605677246,-0.09866567803943224,792,,-0.09921826581865026,-0.0007817341813497469
hand_friction_sweep_joint10_joint_3_3_20260811_161208.csv,31,10,joint_3_3,1,0.1,0.1,4.109926700592041,-1.5126768627034852,1.490860247053556,3.0035371097570414,0.7308006513411486,upper_limit,-0.00026000815779785865,0.0997399918422021,757,,0.10024699453529518,-0.0002469945352951697
hand_friction_sweep_joint10_joint_3_3_20260811_161208.csv,32,10,joint_3_3,-1,0.1,-0.1,4.302767038345337,1.5123277968530864,-1.4880677202503652,-3.0003955171034518,-0.697317677291048,lower_limit,0.0013409130587091493,-0.0986590869412908,794,,-0.09921804959722358,-0.0007819504027764268
hand_friction_sweep_joint10_joint_3_3_20260811_161208.csv,33,10,joint_3_3,1,0.1,0.1,4.101498126983643,-1.5126768627034852,1.4838789300455788,2.996555792749064,0.730600307491257,upper_limit,-0.00024652107978535777,0.09975347892021459,756,,0.10022855408475081,-0.0002285540847508094
hand_friction_sweep_joint10_joint_3_3_20260811_161208.csv,34,10,joint_3_3,-1,0.1,-0.1,4.2758073806762695,1.5084880724986989,-1.4877186543999663,-2.996206726898665,-0.7007347291740676,lower_limit,0.0013290573899297957,-0.09867094261007014,788,,-0.09953256874163663,-0.0004674312583633766
hand_friction_sweep_joint10_joint_3_3_20260811_161208.csv,35,10,joint_3_3,1,0.1,0.1,4.10826849937439,-1.5084880724986989,1.484402528821177,2.9928906013198757,0.7285041378808701,upper_limit,-0.000267592753868457,0.09973240724613149,757,,0.10003561423631607,-3.5614236316067194e-05
hand_friction_sweep_joint10_joint_3_3_20260811_161208.csv,36,10,joint_3_3,-1,0.1,-0.1,4.267827987670898,1.506917276171904,-1.4870205226991686,-2.9939377988710727,-0.7015132305050955,lower_limit,0.0013189933141805016,-0.09868100668581947,786,,-0.09960422512290965,-0.0003957748770903602
hand_friction_sweep_joint10_joint_3_3_20260811_161208.csv,37,10,joint_3_3,1,0.1,0.1,4.108180999755859,-1.5119787310026875,1.4854497263723738,2.9974284573750616,0.7296242442952714,upper_limit,-0.00027491661785125176,0.09972508338214872,756,,0.10013871331797172,-0.00013871331797171704
hand_friction_sweep_joint10_joint_3_3_20260811_161208.csv,38,10,joint_3_3,-1,0.1,-0.1,4.2601141929626465,1.5119787310026875,-1.4851006605219748,-2.9970793915246623,-0.7035209047859767,lower_limit,0.0012776903254006378,-0.09872230967459932,785,,-0.0997890195066943,-0.00021098049330570134
hand_friction_sweep_joint10_joint_3_3_20260811_161208.csv,39,10,joint_3_3,1,0.1,0.1,4.106513023376465,-1.5088371383490975,1.484751594671576,2.9935887330206734,0.7289855690167224,upper_limit,-0.0002708610133404906,0.09972913898665946,756,,0.100079927086728,-7.992708672799331e-05
hand_friction_sweep_joint10_joint_3_3_20260811_161208.csv,40,10,joint_3_3,-1,0.1,-0.1,4.279845237731934,1.506917276171904,-1.4877186543999663,-2.9946359305718704,-0.6997065931661706,lower_limit,0.0013250939044111914,-0.09867490609558877,790,,-0.09943793498463957,-0.0005620650153604356
hand_friction_sweep_joint10_joint_3_3_20260811_161208.csv,41,10,joint_3_3,1,0.15,0.15,2.354245185852051,-1.5095352700498954,1.4866714568487698,2.996206726898665,1.2726825331976945,upper_limit,0.00020594697622082167,0.1502059469762208,434,,0.15012397378205042,-0.00012397378205042386
hand_friction_sweep_joint10_joint_3_3_20260811_161208.csv,42,10,joint_3_3,-1,0.15,-0.15,2.4202864170074463,1.5322245503258218,-1.4946999714079436,-3.0269245217337657,-1.2506472376423923,lower_limit,0.0006933721115676802,-0.14930662788843227,446,,-0.15014871903334695,0.0001487190333469557
hand_friction_sweep_joint10_joint_3_3_20260811_161208.csv,43,10,joint_3_3,1,0.15,0.15,2.3755810260772705,-1.5383332027078018,1.4931291750811488,3.0314623777889507,1.276093025037634,upper_limit,0.00027797413749435656,0.15027797413749433,438,,0.1504378891138181,-0.00043788911381811846
hand_friction_sweep_joint10_joint_3_3_20260811_161208.csv,44,10,joint_3_3,-1,0.15,-0.15,2.4195470809936523,1.5399039990345968,-1.490860247053556,-3.030764246088153,-1.25261635530708,lower_limit,0.0006839272340839127,-0.14931607276591607,446,,-0.15032996451171493,0.00032996451171493635
hand_friction_sweep_joint10_joint_3_3_20260811_161208.csv,45,10,joint_3_3,1,0.15,0.15,2.3705756664276123,-1.5364133405306082,1.4866714568487698,3.023084797379378,1.2752534501187545,upper_limit,0.0002620209921414334,0.15026202099214137,437,,0.15036061127485145,-0.00036061127485145783
hand_friction_sweep_joint10_joint_3_3_20260811_161208.csv,46,10,joint_3_3,-1,0.15,-0.15,2.4243626594543457,1.5369369393062065,-1.4931291750811488,-3.0300661143873553,-1.2498402838250842,lower_limit,0.0006639743635346402,-0.14933602563646534,447,,-0.15007444377125279,7.444377125279122e-05
hand_friction_sweep_joint10_joint_3_3_20260811_161208.csv,47,10,joint_3_3,1,0.15,0.15,2.374838829040528,-1.5402530648849957,1.4870205226991686,3.0272735875841645,1.274728015461677,upper_limit,0.00029832073658768275,0.1502983207365876,439,,0.1503122481640628,-0.0003122481640628061
hand_friction_sweep_joint10_joint_3_3_20260811_161208.csv,48,10,joint_3_3,-1,0.15,-0.15,2.4213736057281494,1.5421729270621891,-1.4924310433803512,-3.0346039704425403,-1.2532572269160347,lower_limit,0.0006739410460341212,-0.14932605895396583,446,,-0.15038895290200796,0.0003889529020079663
hand_friction_sweep_joint10_joint_3_3_20260811_161208.csv,49,10,joint_3_3,1,0.15,0.15,2.3734114170074467,-1.5402530648849957,1.490860247053556,3.031113311938552,1.2771124678250596,upper_limit,0.0002830369355939089,0.15028303693559383,438,,0.15053172271197693,-0.0005317227119769341
hand_friction_sweep_joint10_joint_3_3_20260811_161208.csv,50,10,joint_3_3,-1,0.15,-0.15,2.410628080368042,1.540776663660594,-1.4842279958959776,-3.0250046595565716,-1.2548616205842629,lower_limit,0.0006327064145313309,-0.14936729358546863,445,,-0.1505366277226159,0.0005366277226158955
hand_friction_sweep_joint10_joint_3_3_20260811_161208.csv,51,10,joint_3_3,1,0.15,0.15,2.366990804672241,-1.5280357601210353,1.491209312903955,3.0192450730249902,1.2755626540944958,upper_limit,0.00024145838325499505,0.15024145838325495,438,,0.1503890716474851,-0.0003890716474851119
hand_friction_sweep_joint10_joint_3_3_20260811_161208.csv,52,10,joint_3_3,-1,0.15,-0.15,2.4195220470428467,1.539554933184198,-1.4885913190259634,-3.0281462522101616,-1.2515472863374726,lower_limit,0.0006721340801418408,-0.1493278659198581,446,,-0.15023156312093994,0.0002315631209399427
hand_friction_sweep_joint10_joint_3_3_20260811_161208.csv,53,10,joint_3_3,1,0.15,0.15,2.374312162399292,-1.5360642746802091,1.4934782409315477,3.029542515611757,1.2759663887457584,upper_limit,0.00026188350357788797,0.15026188350357786,438,,0.15042623300219443,-0.00042623300219443716
hand_friction_sweep_joint10_joint_3_3_20260811_161208.csv,54,10,joint_3_3,-1,0.15,-0.15,2.4246222972869873,1.5414747953613916,-1.4950490372583425,-3.036523832619734,-1.2523698375691048,lower_limit,0.0007537618260740888,-0.14924623817392588,442,,-0.15030727403153352,0.00030727403153352206
hand_friction_sweep_joint10_joint_3_3_20260811_161208.csv,55,10,joint_3_3,1,0.15,0.15,2.380117654800415,-1.536762406381007,1.4934782409315477,3.0302406473125547,1.2731474182383038,upper_limit,0.00029588245327748,0.15029588245327744,439,,0.15016676366357065,-0.00016676366357065708
hand_friction_sweep_joint10_joint_3_3_20260811_161208.csv,56,10,joint_3_3,-1,0.15,-0.15,2.415653705596924,1.5411257295109928,-1.4854497263723738,-3.026575455883367,-1.2529012121526253,lower_limit,0.000654018771049072,-0.1493459812289509,446,,-0.150356183876948,0.00035618387694799636
hand_friction_sweep_joint10_joint_3_3_20260811_161208.csv,57,10,joint_3_3,1,0.15,0.15,2.371145009994507,-1.5364133405306082,1.4950490372583425,3.0314623777889507,1.2784803818455512,upper_limit,0.00026461791916747914,0.15026461791916745,437,,0.1506576309984427,-0.0006576309984427098
hand_friction_sweep_joint10_joint_3_3_20260811_161208.csv,58,10,joint_3_3,-1,0.15,-0.15,2.4274795055389404,1.5453145197157792,-1.49888876161273,-3.0442032813285094,-1.254059313119781,lower_limit,0.0006781700829582729,-0.14932182991704165,448,,-0.15046278012944966,0.0004627801294496692
hand_friction_sweep_joint10_joint_3_3_20260811_161208.csv,59,10,joint_3_3,1,0.15,0.15,2.379800319671631,-1.5440927892393832,1.4905111812031573,3.0346039704425403,1.2751506693054233,upper_limit,0.0003105659194085818,0.15031056591940856,439,,0.15035115091704077,-0.00035115091704077117
hand_friction_sweep_joint10_joint_3_3_20260811_161208.csv,60,10,joint_3_3,-1,0.15,-0.15,2.4080607891082764,1.537635071007004,-1.4896385165771602,-3.027273587584164,-1.257141680673762,lower_limit,0.0006557025699603479,-0.14934429743003963,444,,-0.1507464935874344,0.0007464935874343936
hand_friction_sweep_joint10_joint_3_3_20260811_161208.csv,61,10,joint_3_3,1,0.2,0.2,1.670483589172363,-1.5406021307353943,1.4877186543999663,3.0283207851353606,1.8128407874008117,upper_limit,0.0005829598970084308,0.20058295989700842,308,,0.1998423034345349,0.00015769656546510413
hand_friction_sweep_joint10_joint_3_3_20260811_161208.csv,62,10,joint_3_3,-1,0.2,-0.2,1.7019965648651125,1.561371548834127,-1.4962707677347389,-3.0576423165688658,-1.7965032243241874,lower_limit,0.0003175806032404716,-0.19968241939675951,314,,-0.20039149080893573,0.0003914908089357183
hand_friction_sweep_joint10_joint_3_3_20260811_161208.csv,63,10,joint_3_3,1,0.2,0.2,1.6899111270904543,-1.570272728019298,1.494001839707146,3.064274567726444,1.8132755732558858,upper_limit,0.0006432440110728898,0.20064324401107286,312,,0.1998823228664377,0.00011767713356231058
hand_friction_sweep_joint10_joint_3_3_20260811_161208.csv,64,10,joint_3_3,-1,0.2,-0.2,1.6990458965301514,1.564513141487717,-1.4861478580731715,-3.0506609995608884,-1.7955141799235976,lower_limit,0.00025459073773993746,-0.19974540926226003,314,,-0.20030045520008066,0.0003004552000806515
hand_friction_sweep_joint10_joint_3_3_20260811_161208.csv,65,10,joint_3_3,1,0.2,0.2,1.6811959743499756,-1.5667820695153094,1.4896385165771602,3.05642058609247,1.8180037501423454,upper_limit,0.0006036837083573154,0.2006036837083573,310,,0.20031752320868382,-0.00031752320868380646
hand_friction_sweep_joint10_joint_3_3_20260811_161208.csv,66,10,joint_3_3,-1,0.2,-0.2,1.7048676013946533,1.570621793869697,-1.4981906299119323,-3.068812423781629,-1.8000297625875532,lower_limit,0.0002694142198910484,-0.1997305857801089,314,,-0.20071608751841077,0.0007160875184107629
hand_friction_sweep_joint10_joint_3_3_20260811_161208.csv,67,10,joint_3_3,1,0.2,0.2,1.691192388534546,-1.5741124523736856,1.4959217018843398,3.0700341542580256,1.815307457076646,upper_limit,0.000646791565134864,0.20064679156513485,312,,0.20006934559325903,-6.934559325902367e-05
hand_friction_sweep_joint10_joint_3_3_20260811_161208.csv,68,10,joint_3_3,-1,0.2,-0.2,1.7118263244628906,1.5732397877476885,-1.4957471689591402,-3.0689869567068286,-1.7928144420081669,lower_limit,0.0002528184295624214,-0.19974718157043755,316,,-0.20005196050688612,5.1960506886106206e-05
hand_friction_sweep_joint10_joint_3_3_20260811_161208.csv,69,10,joint_3_3,1,0.2,0.2,1.6812436580657957,-1.5639895427121189,1.4870205226991686,3.0510100654112877,1.8147340219093253,upper_limit,0.0006566924480170926,0.20065669244801707,310,,0.20001656432321208,-1.6564323212064913e-05
hand_friction_sweep_joint10_joint_3_3_20260811_161208.csv,70,10,joint_3_3,-1,0.2,-0.2,1.7088332176208496,1.558055423255338,-1.4915583787543538,-3.049613802009692,-1.7846175803251094,lower_limit,0.0002952988313386127,-0.19970470116866135,316,,-0.1992974885200139,-0.0007025114799861232
hand_friction_sweep_joint10_joint_3_3_20260811_161208.csv,71,10,joint_3_3,1,0.2,0.2,1.6796486377716064,-1.570621793869697,1.4870205226991686,3.0576423165688658,1.8204059157428583,upper_limit,0.0006362188379763065,0.20063621883797628,310,,0.20053862815390464,-0.0005386281539046245
hand_friction_sweep_joint10_joint_3_3_20260811_161208.csv,72,10,joint_3_3,-1,0.2,-0.2,1.7014009952545166,1.5587535549561355,-1.485798792222773,-3.044552347178908,-1.7894384425956367,lower_limit,0.00030061537735489625,-0.19969938462264508,314,,-0.1997412199963178,-0.00025878000368220744
hand_friction_sweep_joint10_joint_3_3_20260811_161208.csv,73,10,joint_3_3,1,0.2,0.2,1.681492805480957,-1.5606734171333294,1.4905111812031573,3.0511845983364867,1.8145689285085922,upper_limit,0.0006383709110806964,0.20063837091108067,310,,0.2000013684652256,-1.3684652255818719e-06
hand_friction_sweep_joint10_joint_3_3_20260811_161208.csv,74,10,joint_3_3,-1,0.2,-0.2,1.7076728343963623,1.5683528658421044,-1.4838789300455788,-3.0522317958876832,-1.7873633253448125,lower_limit,0.000254545612942215,-0.19974545438705776,315,,-0.19955021789139535,-0.0004497821086046627
hand_friction_sweep_joint10_joint_3_3_20260811_161208.csv,75,10,joint_3_3,1,0.2,0.2,1.685457468032837,-1.5652112731885146,1.5027284859671175,3.067939759155632,1.8202415767490971,upper_limit,0.0006085903136458481,0.20060859031364583,311,,0.2005235017345581,-0.0005235017345580906
hand_friction_sweep_joint10_joint_3_3_20260811_161208.csv,76,10,joint_3_3,-1,0.2,-0.2,1.7111945152282715,1.5756832487004806,-1.484751594671576,-3.0604348433720565,-1.7884786423382135,lower_limit,0.00022976136330807483,-0.19977023863669188,316,,-0.19965287613555519,-0.000347123864444826
hand_friction_sweep_joint10_joint_3_3_20260811_161208.csv,77,10,joint_3_3,1,0.2,0.2,1.680070161819458,-1.554041165975751,1.49888876161273,3.052929927588481,1.8171443056177268,upper_limit,0.0005966459089804764,0.20059664590898046,311,,0.20023841649160504,-0.00023841649160502576
hand_friction_sweep_joint10_joint_3_3_20260811_161208.csv,78,10,joint_3_3,-1,0.2,-0.2,1.7132959365844727,1.577952176728073,-1.4880677202503652,-3.066019896978438,-1.7895448366559938,lower_limit,0.00025964351098846215,-0.19974035648901153,316,,-0.19975101293185984,-0.00024898706814016625
hand_friction_sweep_joint10_joint_3_3_20260811_161208.csv,79,10,joint_3_3,1,0.2,0.2,1.6890516281127927,-1.569400063393301,1.5042992822939123,3.0736993456872135,1.8197782083911267,upper_limit,0.0006135029497597824,0.20061350294975974,312,,0.20048085145458397,-0.00048085145458395817
hand_friction_sweep_joint10_joint_3_3_20260811_161208.csv,80,10,joint_3_3,-1,0.2,-0.2,1.714268684387207,1.5751596499248823,-1.4905111812031573,-3.0656708311280396,-1.7883257502448708,lower_limit,0.00025283987273609236,-0.19974716012726385,316,,-0.19963880333478073,-0.0003611966652192766
hand_friction_sweep_joint10_joint_3_3_20260811_161208.csv,81,10,joint_3_3,1,0.25,0.25,1.3112661838531494,-1.570970859720096,1.5046483481443114,3.075619207864407,2.3455338402968,upper_limit,0.0008066778987980213,0.25080667789879796,242,,0.24887350605226263,0.001126493947737367
hand_friction_sweep_joint10_joint_3_3_20260811_161208.csv,82,10,joint_3_3,-1,0.25,-0.25,1.3316133022308352,1.5955800021732158,-1.507266342022303,-3.1028463441955187,-2.3301406939967926,lower_limit,5.6451415312959545e-05,-0.24994354858468695,246,,-0.24950962133022467,-0.0004903786697753321
hand_friction_sweep_joint10_joint_3_3_20260811_161208.csv,83,10,joint_3_3,1,0.25,0.25,1.3110392093658447,-1.586329757137646,1.4966198335851375,3.0829495907227837,2.351531188921512,upper_limit,0.000846220463319241,0.2508462204633192,242,,0.24942552604574436,0.0005744739542556387
hand_friction_sweep_joint10_joint_3_3_20260811_161208.csv,84,10,joint_3_3,-1,0.25,-0.25,1.3225529193878174,1.5901694814920335,-1.4885913190259634,-3.0787608005179967,-2.327892332613119,lower_limit,2.7328698566222134e-05,-0.24997267130143372,244,,-0.249302673141279,-0.0006973268587210091
hand_friction_sweep_joint10_joint_3_3_20260811_161208.csv,85,10,joint_3_3,1,0.25,0.25,1.3116936683654785,-1.5837117632596545,1.5097098029750948,3.093421566234749,2.358341464047401,upper_limit,0.0007985571780333361,0.2507985571780333,243,,0.2500523710510708,-5.237105107080975e-05
hand_friction_sweep_joint10_joint_3_3_20260811_161208.csv,86,10,joint_3_3,-1,0.25,-0.25,1.3298242092132568,1.5917402778188283,-1.5037756835183145,-3.095515961337143,-2.3277632787032014,lower_limit,0.00010870122593601437,-0.249891298774064,246,,-0.2492907945024055,-0.0007092054975945117
hand_friction_sweep_joint10_joint_3_3_20260811_161208.csv,87,10,joint_3_3,1,0.25,0.25,1.3131403923034668,-1.586329757137646,1.4950490372583425,3.0813787943959885,2.3465722419753896,upper_limit,0.0008442053022617984,0.25084420530226176,243,,0.2489690847027157,0.0010309152972843016
hand_friction_sweep_joint10_joint_3_3_20260811_161208.csv,88,10,joint_3_3,-1,0.25,-0.25,1.3328666687011719,1.5901694814920335,-1.5142476590302802,-3.1044171405223135,-2.329128046654097,lower_limit,5.8907080157736457e-05,-0.24994109291984226,246,,-0.24941641321202213,-0.0005835867879778744
hand_friction_sweep_joint10_joint_3_3_20260811_161208.csv,89,10,joint_3_3,1,0.25,0.25,1.3161013126373293,-1.5885986851652385,1.5100588688254937,3.098657553990732,2.3544217487188326,upper_limit,0.0007934631192630804,0.25079346311926304,243,,0.24969158474940228,0.0003084152505977156
hand_friction_sweep_joint10_joint_3_3_20260811_161208.csv,90,10,joint_3_3,-1,0.25,-0.25,1.3278162479400635,1.5901694814920335,-1.500459557939525,-3.0906290394315583,-2.327602967825008,lower_limit,7.732942473331554e-06,-0.24999226705752664,245,,-0.24927603884695287,-0.0007239611530471257
hand_friction_sweep_joint10_joint_3_3_20260811_161208.csv,91,10,joint_3_3,1,0.25,0.25,1.3087108135223389,-1.5894713497912358,1.4959217018843398,3.0853930516755756,2.357581995804996,upper_limit,0.0008245680740869325,0.25082456807408693,242,,0.24998246655152334,1.753344847665872e-05
hand_friction_sweep_joint10_joint_3_3_20260811_161208.csv,92,10,joint_3_3,-1,0.25,-0.25,1.329695701599121,1.5866788229880449,-1.517738317534269,-3.1044171405223135,-2.334682391459094,lower_limit,7.467230942369815e-05,-0.24992532769057624,246,,-0.2499276573592134,-7.234264078659347e-05
hand_friction_sweep_joint10_joint_3_3_20260811_161208.csv,93,10,joint_3_3,1,0.25,0.25,1.3077406883239746,-1.5879005534644408,1.4950490372583425,3.0829495907227833,2.357462468093694,upper_limit,0.0008157301543474111,0.2508157301543474,242,,0.24997146474213347,2.8535257866529884e-05
hand_friction_sweep_joint10_joint_3_3_20260811_161208.csv,94,10,joint_3_3,-1,0.25,-0.25,1.321245193481445,1.5901694814920335,-1.484751594671576,-3.0749210761636094,-2.327290264770066,lower_limit,-2.9638107869620205e-05,-0.2500296381078696,244,,-0.24924725640505188,-0.0007527435949481187
hand_friction_sweep_joint10_joint_3_3_20260811_161208.csv,95,10,joint_3_3,1,0.25,0.25,1.305509090423584,-1.5894713497912358,1.491209312903955,3.080680662695191,2.3597542792257666,upper_limit,0.0008448441215470471,0.250844844121547,241,,0.25018241221998644,-0.00018241221998643864
hand_friction_sweep_joint10_joint_3_3_20260811_161208.csv,96,10,joint_3_3,-1,0.25,-0.25,1.3253357410430908,1.5910421461180306,-1.5030775518175166,-3.094119697935547,-2.334593116382989,lower_limit,3.670219360216448e-05,-0.24996329780639778,245,,-0.24991944012356254,-8.055987643745821e-05
hand_friction_sweep_joint10_joint_3_3_20260811_161208.csv,97,10,joint_3_3,1,0.25,0.25,1.31020188331604,-1.5859806912872472,1.4959217018843398,3.081902393171587,2.352234745206962,upper_limit,0.0008088730611811553,0.2508088730611811,242,,0.249490284184784,0.0005097158152159997
hand_friction_sweep_joint10_joint_3_3_20260811_161208.csv,98,10,joint_3_3,-1,0.25,-0.25,1.3250758647918701,1.5920893436692272,-1.5001104920891262,-3.092199835758353,-2.3336021113357504,lower_limit,1.5163474674408067e-05,-0.24998483652532558,245,,-0.24982822404893537,-0.00017177595106462884
hand_friction_sweep_joint10_joint_3_3_20260811_161208.csv,99,10,joint_3_3,1,0.25,0.25,1.311314344406128,-1.5901694814920335,1.4969688994355363,3.08713838092757,2.3542321443343033,upper_limit,0.0008237450905472366,0.2508237450905472,242,,0.2496741328022734,0.00032586719772659256
hand_friction_sweep_joint10_joint_3_3_20260811_161208.csv,100,10,joint_3_3,-1,0.25,-0.25,1.3324677944183347,1.5924384095196262,-1.5111060663766904,-3.1035444758963164,-2.3291703476038714,lower_limit,6.300301380275799e-05,-0.2499369969861972,246,,-0.2494203067609018,-0.0005796932390982057
hand_friction_sweep_joint10_joint_3_3_20260811_161208.csv,101,10,joint_3_3,1,0.3,0.3,1.0707223415374756,-1.5889477510156376,1.4992378274631288,3.0881855784787664,2.8842076593305856,upper_limit,0.0009878076771688074,0.30098780767716876,198,,0.2984552023449451,0.0015447976550548859
hand_friction_sweep_joint10_joint_3_3_20260811_161208.csv,102,10,joint_3_3,-1,0.3,-0.3,1.0826973915100098,1.589122283940837,-1.5091862041994966,-3.0983084881403338,-2.8616569250427433,lower_limit,-0.00011303921151188556,-0.30011303921151183,200,,-0.2984325045503922,-0.0015674954496077698
hand_friction_sweep_joint10_joint_3_3_20260811_161208.csv,103,10,joint_3_3,1,0.3,0.3,1.0732972621917727,-1.5879005534644408,1.507266342022303,3.0951668954867437,2.883792779985412,upper_limit,0.0009314336057794401,0.30093143360577945,198,,0.2984170151879613,0.001582984812038668
hand_friction_sweep_joint10_joint_3_3_20260811_161208.csv,104,10,joint_3_3,-1,0.3,-0.3,1.0734009742736816,1.5901694814920335,-1.5081390066483,-3.0983084881403338,-2.8864409129466355,lower_limit,-0.00010378759599268054,-0.3001037875959926,198,,-0.3007137220845513,0.0007137220845513381
hand_friction_sweep_joint10_joint_3_3_20260811_161208.csv,105,10,joint_3_3,1,0.3,0.3,1.0606305599212644,-1.5866788229880449,1.4889403848763625,3.075619207864407,2.899802555276858,upper_limit,0.0010142774071662027,0.3010142774071662,196,,0.2998906190427735,0.00010938095722651253
hand_friction_sweep_joint10_joint_3_3_20260811_161208.csv,106,10,joint_3_3,-1,0.3,-0.3,1.0673167705535889,1.587551487614042,-1.4842279958959776,-3.07177948351002,-2.878039180361393,lower_limit,-0.00018027921538833216,-0.3001802792153883,197,,-0.29994039295910574,-5.960704089424951e-05
hand_friction_sweep_joint10_joint_3_3_20260811_161208.csv,107,10,joint_3_3,1,0.3,0.3,1.068117618560791,-1.5837117632596545,1.5027284859671175,3.086440249226772,2.889607095317387,upper_limit,0.000990611374287567,0.30099061137428756,198,,0.29895218806392726,0.001047811936072729
hand_friction_sweep_joint10_joint_3_3_20260811_161208.csv,108,10,joint_3_3,-1,0.3,-0.3,1.0714428424835203,1.5920893436692272,-1.5042992822939123,-3.0963886259631392,-2.8899242247826806,lower_limit,-0.00010480280768378778,-0.30010480280768376,198,,-0.30103434006048574,0.00103434006048575
hand_friction_sweep_joint10_joint_3_3_20260811_161208.csv,109,10,joint_3_3,1,0.3,0.3,1.064640283584595,-1.586329757137646,1.492081977529952,3.078411734667598,2.891504090285525,upper_limit,0.0009989714479746116,0.30099897144797455,197,,0.2991267950803731,0.000873204919626891
hand_friction_sweep_joint10_joint_3_3_20260811_161208.csv,110,10,joint_3_3,-1,0.3,-0.3,1.071901798248291,1.5905185473424324,-1.5091862041994966,-3.099704751541929,-2.89178053120863,lower_limit,-0.00012224932329451594,-0.3001222493232945,198,,-0.3012052019405056,0.001205201940505607
hand_friction_sweep_joint10_joint_3_3_20260811_161208.csv,111,10,joint_3_3,1,0.3,0.3,1.0616796016693115,-1.5840608291100533,1.4959217018843398,3.079982530994393,2.901047101358679,upper_limit,0.001025875138110778,0.30102587513811074,197,,0.30000517204993793,-5.172049937940404e-06
hand_friction_sweep_joint10_joint_3_3_20260811_161208.csv,112,10,joint_3_3,-1,0.3,-0.3,1.0691642761230467,1.5920893436692272,-1.495398103108741,-3.0874874467779683,-2.887757770932705,lower_limit,-0.00013153712003886693,-0.30013153712003887,198,,-0.30083493096907254,0.0008349309690725559
hand_friction_sweep_joint10_joint_3_3_20260811_161208.csv,113,10,joint_3_3,1,0.3,0.3,1.0643510818481445,-1.584758960810851,1.501681288415921,3.086440249226772,2.8998328670530986,upper_limit,0.0010205780969499826,0.30102057809694993,197,,0.2998934090600911,0.00010659093990889046
hand_friction_sweep_joint10_joint_3_3_20260811_161208.csv,114,10,joint_3_3,-1,0.3,-0.3,1.0730607509613035,1.5866788229880449,-1.5088371383490975,-3.095515961337142,-2.884753690379616,lower_limit,-5.273650800807995e-05,-0.3000527365080081,199,,-0.3005584233602766,0.0005584233602766164
hand_friction_sweep_joint10_joint_3_3_20260811_161208.csv,115,10,joint_3_3,1,0.3,0.3,1.060765266418457,-1.5885986851652385,1.4934782409315477,3.082076926096786,2.9055221015135975,upper_limit,0.0010394966344859078,0.30103949663448587,197,,0.3004170689915581,-0.0004170689915581338
hand_friction_sweep_joint10_joint_3_3_20260811_161208.csv,116,10,joint_3_3,-1,0.3,-0.3,1.0657150745391846,1.5910421461180306,-1.484751594671576,-3.0757937407896065,-2.886131400665023,lower_limit,-0.00014684564191400426,-0.30014684564191396,197,,-0.30068523333421016,0.0006852333342101669
hand_friction_sweep_joint10_joint_3_3_20260811_161208.csv,117,10,joint_3_3,1,0.3,0.3,1.0644464492797852,-1.5885986851652385,1.501681288415921,3.0902799735811595,2.903180310923178,upper_limit,0.0009417924808333897,0.30094179248083336,197,,0.3002015212041355,-0.0002015212041355241
hand_friction_sweep_joint10_joint_3_3_20260811_161208.csv,118,10,joint_3_3,-1,0.3,-0.3,1.0714607238769531,1.5920893436692272,-1.5187855150854654,-3.1108748587546926,-2.9033960736314834,lower_limit,-4.3864929780727235e-05,-0.30004386492978075,198,,-0.302274342998294,0.0022743429982939878
hand_friction_sweep_joint10_joint_3_3_20260811_161208.csv,119,10,joint_3_3,1,0.3,0.3,1.059908390045166,-1.5851080266612498,1.495398103108741,3.080506129769991,2.906389041451706,upper_limit,0.0010056083380989205,0.30100560833809886,196,,0.300496865616522,-0.0004968656165220131
hand_friction_sweep_joint10_joint_3_3_20260811_161208.csv,120,10,joint_3_3,-1,0.3,-0.3,1.0717661380767822,1.5933110741456231,-1.5191345809358645,-3.112445655081488,-2.904034326617725,lower_limit,-8.336657359037607e-05,-0.3000833665735903,198,,-0.302333090360062,0.002333090360062018
hand_friction_sweep_joint11_joint_3_4_20260811_162022.csv,21,11,joint_3_4,1,0.1,0.1,4.24999213218689,-1.6009905228543984,1.4854497263723738,3.086440249226772,0.7262225795318363,upper_limit,-0.0006462750277352675,0.09935372497226468,782,,0.10155113281159218,-0.001551132811592179
hand_friction_sweep_joint11_joint_3_4_20260811_162022.csv,22,11,joint_3_4,-1,0.1,-0.1,3.8929367065429688,1.513374994404283,-1.4885913190259634,-3.0019663134302466,-0.7711315491938918,lower_limit,-0.0006351334693422238,-0.1006351334693422,717,,-0.10054051496287897,0.0005405149628789629
hand_friction_sweep_joint11_joint_3_4_20260811_162022.csv,23,11,joint_3_4,1,0.1,0.1,4.185107469558716,-1.517738317534269,1.4845770617463765,3.0023153792806454,0.7173807127101599,upper_limit,-0.0007086166771546143,0.09929138332284533,771,,0.10072566941768224,-0.0007256694176822343
hand_friction_sweep_joint11_joint_3_4_20260811_162022.csv,24,11,joint_3_4,-1,0.1,-0.1,3.9034523963928223,1.5152948565814768,-1.4898130495023596,-3.005107906083836,-0.7698589865886041,lower_limit,-0.000637476182501549,-0.10063747618250152,720,,-0.10042171043117665,0.00042171043117664175
hand_friction_sweep_joint11_joint_3_4_20260811_162022.csv,25,11,joint_3_4,1,0.1,0.1,4.199459791183472,-1.5219271077390553,1.490336648277958,3.0122637560170133,0.7172979158750586,upper_limit,-0.0007089888315695124,0.09929101116843043,774,,0.10071793962963113,-0.0007179396296311258
hand_friction_sweep_joint11_joint_3_4_20260811_162022.csv,26,11,joint_3_4,-1,0.1,-0.1,3.916041851043701,1.5165165870578727,-1.4889403848763625,-3.005456971934235,-0.767473149229297,lower_limit,-0.0006387431157282257,-0.10063874311572821,723,,-0.10019897224209845,0.0001989722420984441
hand_friction_sweep_joint11_joint_3_4_20260811_162022.csv,27,11,joint_3_4,1,0.1,0.1,4.1676695346832275,-1.5219271077390553,1.4838789300455788,3.005806037784634,0.721219859869023,upper_limit,-0.000703264553228309,0.09929673544677163,769,,0.10108408642479048,-0.0010840864247904786
hand_friction_sweep_joint11_joint_3_4_20260811_162022.csv,28,11,joint_3_4,-1,0.1,-0.1,3.8838405609130864,1.507266342022303,-1.4840534629707782,-2.991319804993081,-0.7701963451068715,lower_limit,-0.0006404305867051317,-0.10064043058670513,716,,-0.10045320571526878,0.00045320571526877296
hand_friction_sweep_joint11_joint_3_4_20260811_162022.csv,29,11,joint_3_4,1,0.1,0.1,4.1869940757751465,-1.5154693895066762,1.4906857141283567,3.0061551036350327,0.7179745299922587,upper_limit,-0.000706841918011387,0.09929315808198856,770,,0.10078110730641429,-0.0007811073064142859
hand_friction_sweep_joint11_joint_3_4_20260811_162022.csv,30,11,joint_3_4,-1,0.1,-0.1,3.9411139488220215,1.519832712636662,-1.486322390998371,-3.0061551036350327,-0.7627678729090177,lower_limit,-0.0006497998227215201,-0.1006497998227215,725,,-0.09975969471858953,-0.00024030528141047447
hand_friction_sweep_joint11_joint_3_4_20260811_162022.csv,31,11,joint_3_4,1,0.1,0.1,4.218453407287598,-1.5243705686918472,1.4854497263723738,3.009820295064221,0.7134890455029324,upper_limit,-0.0006979414214378544,0.09930205857856207,778,,0.10036234921781556,-0.0003623492178155552
hand_friction_sweep_joint11_joint_3_4_20260811_162022.csv,32,11,joint_3_4,-1,0.1,-0.1,3.9389994144439697,1.514945790731078,-1.4905111812031573,-3.005456971934235,-0.7630001062994538,lower_limit,-0.000636573631189706,-0.10063657363118968,726,,-0.09978137567878886,-0.00021862432121114161
hand_friction_sweep_joint11_joint_3_4_20260811_162022.csv,33,11,joint_3_4,1,0.1,0.1,4.21252965927124,-1.5227997723650524,1.4877186543999663,3.0105184267650187,0.7146580962674652,upper_limit,-0.0007034967493678748,0.09929650325063206,776,,0.10047149003968121,-0.00047149003968120773
hand_friction_sweep_joint11_joint_3_4_20260811_162022.csv,34,11,joint_3_4,-1,0.1,-0.1,3.932475566864014,1.513025928553884,-1.4870205226991686,-3.000046451253053,-0.7628900422248435,lower_limit,-0.0006398630288319838,-0.10063986302883197,727,,-0.09977110026224983,-0.00022889973775017114
hand_friction_sweep_joint11_joint_3_4_20260811_162022.csv,35,11,joint_3_4,1,0.1,0.1,4.196089267730713,-1.51738925168387,1.488765851951163,3.006155103635033,0.7164182913727172,upper_limit,-0.0006980414916618553,0.09930195850833809,773,,0.10063581920849009,-0.0006358192084900821
hand_friction_sweep_joint11_joint_3_4_20260811_162022.csv,36,11,joint_3_4,-1,0.1,-0.1,3.9263668060302734,1.5084880724986989,-1.4856242592975732,-2.994112331796272,-0.7625656184740032,lower_limit,-0.0006340728079325328,-0.10063407280793252,724,,-0.09974081254859901,-0.000259187451400994
hand_friction_sweep_joint11_joint_3_4_20260811_162022.csv,37,11,joint_3_4,1,0.1,0.1,4.20051646232605,-1.5227997723650524,1.4880677202503652,3.0108674926154175,0.7167850714595556,upper_limit,-0.0006899081634844594,0.0993100918365155,774,,0.10067006124599262,-0.0006700612459926147
hand_friction_sweep_joint11_joint_3_4_20260811_162022.csv,38,11,joint_3_4,-1,0.1,-0.1,3.948063373565674,1.5172147187586704,-1.4889403848763625,-3.0061551036350327,-0.7614252404768362,lower_limit,-0.0006383809264419807,-0.10063838092644196,727,,-0.09963434857318898,-0.0003656514268110256
hand_friction_sweep_joint11_joint_3_4_20260811_162022.csv,39,11,joint_3_4,1,0.1,0.1,4.194943189620972,-1.516167521207474,1.4877186543999663,3.00388617560744,0.7160731480320363,upper_limit,-0.000693813404644788,0.09930618659535514,772,,0.10060359714508088,-0.0006035971450808753
hand_friction_sweep_joint11_joint_3_4_20260811_162022.csv,40,11,joint_3_4,-1,0.1,-0.1,3.9454207420349117,1.5152948565814768,-1.4905111812031573,-3.005806037784634,-0.7618467672561439,lower_limit,-0.0006406550490358857,-0.10064065504903585,728,,-0.09967370167959613,-0.00032629832040387274
hand_friction_sweep_joint11_joint_3_4_20260811_162022.csv,41,11,joint_3_4,1,0.15,0.15,2.447902679443359,-1.5208799101878585,1.4950490372583425,3.015928947446201,1.232046099206856,upper_limit,-0.0006394024894765221,0.14936059751052344,452,,0.14877405617058076,0.0012259438294192349
hand_friction_sweep_joint11_joint_3_4_20260811_162022.csv,42,11,joint_3_4,-1,0.15,-0.15,2.3603420257568355,1.538682268558201,-1.4978415640615337,-3.036523832619735,-1.2864761968749354,lower_limit,-0.0006732618185983613,-0.15067326181859833,436,,-0.14865231651877,-0.0013476834812299887
hand_friction_sweep_joint11_joint_3_4_20260811_162022.csv,43,11,joint_3_4,1,0.15,0.15,2.452187299728394,-1.5496778428457652,1.4861478580731715,3.0358257009189367,1.2380072685537467,upper_limit,-0.0006136731756852778,0.14938632682431469,452,,0.14933058197898727,0.0006694180210127243
hand_friction_sweep_joint11_joint_3_4_20260811_162022.csv,44,11,joint_3_4,-1,0.15,-0.15,2.344434976577759,1.5390313344085995,-1.4898130495023596,-3.0288443839109593,-1.2919293621579786,lower_limit,-0.0006804853990392208,-0.15068048539903922,432,,-0.14916141583149176,-0.0008385841685082385
hand_friction_sweep_joint11_joint_3_4_20260811_162022.csv,45,11,joint_3_4,1,0.15,0.15,2.4450891017913814,-1.5507250403969617,1.4880677202503652,3.038792760647327,1.2428147335902695,upper_limit,-0.0006188724415884423,0.1493811275584115,451,,0.14977939968741766,0.00022060031258233637
hand_friction_sweep_joint11_joint_3_4_20260811_162022.csv,46,11,joint_3_4,-1,0.15,-0.15,2.3512685298919678,1.537111472231406,-1.4990632945379294,-3.0361747667693355,-1.2912922229724382,lower_limit,-0.0006778296484936748,-0.15067782964849366,434,,-0.14910193347498307,-0.0008980665250169217
hand_friction_sweep_joint11_joint_3_4_20260811_162022.csv,47,11,joint_3_4,1,0.15,0.15,2.444333076477051,-1.5496778428457652,1.4845770617463765,3.0342549045921414,1.2413426524364382,upper_limit,-0.0006199533073256789,0.14938004669267427,452,,0.1496419684039727,0.00035803159602729173
hand_friction_sweep_joint11_joint_3_4_20260811_162022.csv,48,11,joint_3_4,-1,0.15,-0.15,2.3526961803436284,1.5357152088298105,-1.4924310433803512,-3.0281462522101616,-1.287096173959818,lower_limit,-0.0006817613039067303,-0.15068176130390673,433,,-0.14871019664736218,-0.0012898033526378139
hand_friction_sweep_joint11_joint_3_4_20260811_162022.csv,49,11,joint_3_4,1,0.15,0.15,2.44689679145813,-1.546536250192175,1.488765851951163,3.035302102143338,1.2404700160379758,upper_limit,-0.0006189116437865811,0.14938108835621336,450,,0.14956050038170413,0.0004394996182958688
hand_friction_sweep_joint11_joint_3_4_20260811_162022.csv,50,11,joint_3_4,-1,0.15,-0.15,2.346086025238037,1.5413002624361922,-1.4837043971203794,-3.0250046595565716,-1.2893835209003688,lower_limit,-0.0006854934568751242,-0.15068549345687512,432,,-0.14892373991901245,-0.0010762600809875456
hand_friction_sweep_joint11_joint_3_4_20260811_162022.csv,51,11,joint_3_4,1,0.15,0.15,2.4347047805786133,-1.5400785319597965,1.4861478580731715,3.026226390032968,1.2429541413697713,upper_limit,-0.0006233672901273432,0.14937663270987261,448,,0.14979241458813103,0.00020758541186896573
hand_friction_sweep_joint11_joint_3_4_20260811_162022.csv,52,11,joint_3_4,-1,0.15,-0.15,2.3448104858398438,1.5329226820266195,-1.4943509055575448,-3.0272735875841645,-1.2910525630389622,lower_limit,-0.0006753041141486041,-0.1506753041141486,432,,-0.14907955918389035,-0.0009204408161096467
hand_friction_sweep_joint11_joint_3_4_20260811_162022.csv,53,11,joint_3_4,1,0.15,0.15,2.4411094188690186,-1.5468853160425742,1.4854497263723738,3.032335042414948,1.2421954620206446,upper_limit,-0.0006251547493228915,0.14937484525067707,452,,0.1497215854246693,0.00027841457533070435
hand_friction_sweep_joint11_joint_3_4_20260811_162022.csv,54,11,joint_3_4,-1,0.15,-0.15,2.3519604206085205,1.5348425442038132,-1.494001839707146,-3.0288443839109593,-1.287795643741024,lower_limit,-0.000675829461661584,-0.15067582946166153,435,,-0.14877549809457652,-0.0012245019054234751
hand_friction_sweep_joint11_joint_3_4_20260811_162022.csv,55,11,joint_3_4,1,0.15,0.15,2.450841188430786,-1.552644902574155,1.4973179652859352,3.0499628678600903,1.244455529088324,upper_limit,-0.0006207716257470358,0.1493792283742529,455,,0.1499325818883999,6.74181116001038e-05
hand_friction_sweep_joint11_joint_3_4_20260811_162022.csv,56,11,joint_3_4,-1,0.15,-0.15,2.354506492614746,1.5390313344085995,-1.4994123603883285,-3.038443694796928,-1.2904800663440306,lower_limit,-0.0006773036823421202,-0.15067730368234208,437,,-0.14902611175312358,-0.0009738882468764143
hand_friction_sweep_joint11_joint_3_4_20260811_162022.csv,57,11,joint_3_4,1,0.15,0.15,2.4488723278045654,-1.556833692778942,1.4938273067819463,3.050660999560888,1.245741137634493,upper_limit,-0.000612190862494305,0.14938780913750566,452,,0.15005260436953008,-5.260436953008485e-05
hand_friction_sweep_joint11_joint_3_4_20260811_162022.csv,58,11,joint_3_4,-1,0.15,-0.15,2.3415493965148926,1.5421729270621891,-1.484402528821177,-3.026575455883366,-1.2925524699107567,lower_limit,-0.0006837306597868948,-0.15068373065978688,433,,-0.14921958823453213,-0.0007804117654678644
hand_friction_sweep_joint11_joint_3_4_20260811_162022.csv,59,11,joint_3_4,1,0.15,0.15,2.4383656978607178,-1.5411257295109928,1.4849261275967751,3.0260518571077677,1.2410164151188037,upper_limit,-0.0006218812197209253,0.149378118780279,451,,0.1496115113784524,0.00038848862154758357
hand_friction_sweep_joint11_joint_3_4_20260811_162022.csv,60,11,joint_3_4,-1,0.15,-0.15,2.3465170860290527,1.5348425442038132,-1.485973325147972,-3.020815869351785,-1.2873615484572627,lower_limit,-0.0006812525210053477,-0.15068125252100528,433,,-0.14873497161148863,-0.0012650283885113633
hand_friction_sweep_joint11_joint_3_4_20260811_162022.csv,61,11,joint_3_4,1,0.2,0.2,1.7210092544555662,-1.5426965258377878,1.4957471689591402,3.038443694796928,1.7655010784692884,upper_limit,-0.0005784194854203656,0.1994215805145796,319,,0.19857661105645388,0.0014233889435461278
hand_friction_sweep_joint11_joint_3_4_20260811_162022.csv,62,11,joint_3_4,-1,0.2,-0.2,1.6624994277954102,1.5409511965857934,-1.4878931873251655,-3.028844383910959,-1.821861910609748,lower_limit,-0.0007069181300358625,-0.20070691813003586,308,,-0.19863512187238402,-0.0013648781276159871
hand_friction_sweep_joint11_joint_3_4_20260811_162022.csv,63,11,joint_3_4,1,0.2,0.2,1.729142189025879,-1.5638150097869192,1.488765851951163,3.0525808617380825,1.7653729584018591,upper_limit,-0.0005610676627093258,0.19943893233729065,321,,0.19856464995957004,0.0014353500404299668
hand_friction_sweep_joint11_joint_3_4_20260811_162022.csv,64,11,joint_3_4,-1,0.2,-0.2,1.6457207202911377,1.538682268558201,-1.4917329116795532,-3.030415180237754,-1.841390913338963,lower_limit,-0.0006967522857351441,-0.20069675228573514,305,,-0.2004583202079452,0.0004583202079452009
hand_friction_sweep_joint11_joint_3_4_20260811_162022.csv,65,11,joint_3_4,1,0.2,0.2,1.7235610485076904,-1.5791739072044693,1.485798792222773,3.0649726994272424,1.7782791634105362,upper_limit,-0.0005456145574117896,0.1994543854425882,319,,0.19976955385643058,0.00023044614356942938
hand_friction_sweep_joint11_joint_3_4_20260811_162022.csv,66,11,joint_3_4,-1,0.2,-0.2,1.6414551734924316,1.5364133405306082,-1.4933037080063485,-3.0297170485369564,-1.8457507079470215,lower_limit,-0.0006996979745539156,-0.20069969797455392,303,,-0.20086534407818665,0.0008653440781866417
hand_friction_sweep_joint11_joint_3_4_20260811_162022.csv,67,11,joint_3_4,1,0.2,0.2,1.718066930770874,-1.577952176728073,1.4873695885495677,3.0653217652776408,1.7841690043485507,upper_limit,-0.000551544054954854,0.1994484559450451,318,,0.20031942055181712,-0.0003194205518171067
hand_friction_sweep_joint11_joint_3_4_20260811_162022.csv,68,11,joint_3_4,-1,0.2,-0.2,1.6399097442626953,1.537635071007004,-1.484751594671576,-3.02238666567858,-1.8430201273286824,lower_limit,-0.0007047016236459287,-0.2007047016236459,303,,-0.20061042117672054,0.000610421176720527
hand_friction_sweep_joint11_joint_3_4_20260811_162022.csv,69,11,joint_3_4,1,0.2,0.2,1.7155165672302246,-1.570621793869697,1.4934782409315477,3.0641000348012444,1.7861092648894472,upper_limit,-0.0005600691838603212,0.19943993081613964,316,,0.20050056035899352,-0.0005005603589935126
hand_friction_sweep_joint11_joint_3_4_20260811_162022.csv,70,11,joint_3_4,-1,0.2,-0.2,1.639333963394165,1.5406021307353943,-1.4990632945379294,-3.0396654252733235,-1.854207558159679,lower_limit,-0.000693514803338353,-0.2006935148033383,302,,-0.20165486290029946,0.001654862900299453
hand_friction_sweep_joint11_joint_3_4_20260811_162022.csv,71,11,joint_3_4,1,0.2,0.2,1.7227365970611572,-1.5845844278856516,1.4992378274631288,3.0838222553487804,1.7900718314160853,upper_limit,-0.0005498196280802634,0.19945018037191972,318,,0.20087049961273276,-0.0008704996127327502
hand_friction_sweep_joint11_joint_3_4_20260811_162022.csv,72,11,joint_3_4,-1,0.2,-0.2,1.6413488388061523,1.538682268558201,-1.4985396957623311,-3.037221964320532,-1.8504426923222967,lower_limit,-0.0007008242609912222,-0.2007008242609912,303,,-0.20130338068569267,0.0013033806856926622
hand_friction_sweep_joint11_joint_3_4_20260811_162022.csv,73,11,joint_3_4,1,0.2,0.2,1.7181949615478518,-1.5802211047556658,1.4941763726323454,3.074397477388011,1.7893181776172897,upper_limit,-0.0005496847468263893,0.19945031525317355,317,,0.20080013962709467,-0.0008001396270946592
hand_friction_sweep_joint11_joint_3_4_20260811_162022.csv,74,11,joint_3_4,-1,0.2,-0.2,1.6369314193725586,1.537984136857403,-1.4978415640615337,-3.0358257009189367,-1.8545833166807801,lower_limit,-0.0006909401021406676,-0.20069094010214067,303,,-0.2016899431509269,0.0016899431509268814
hand_friction_sweep_joint11_joint_3_4_20260811_162022.csv,75,11,joint_3_4,1,0.2,0.2,1.7155566215515137,-1.5776031108776742,1.4973179652859352,3.0749210761636094,1.7923751612364243,upper_limit,-0.0005544850607696033,0.19944551493923035,316,,0.2010855350220119,-0.001085535022011891
hand_friction_sweep_joint11_joint_3_4_20260811_162022.csv,76,11,joint_3_4,-1,0.2,-0.2,1.6417462825775146,1.5413002624361922,-1.4981906299119323,-3.0394908923481245,-1.8513767471890807,lower_limit,-0.0006909574683381689,-0.2006909574683382,302,,-0.20139058264382934,0.0013905826438293245
hand_friction_sweep_joint11_joint_3_4_20260811_162022.csv,77,11,joint_3_4,1,0.2,0.2,1.724790334701538,-1.5837117632596545,1.497667031136334,3.0813787943959885,1.7865236906775674,upper_limit,-0.0005542647428069945,0.19944573525719295,318,,0.2005392505275388,-0.0005392505275387816
hand_friction_sweep_joint11_joint_3_4_20260811_162022.csv,78,11,joint_3_4,-1,0.2,-0.2,1.6396405696868896,1.5393804002589986,-1.492081977529952,-3.0314623777889507,-1.848857873996035,lower_limit,-0.000698182001860148,-0.20069818200186015,302,,-0.20115542442931483,0.001155424429314822
hand_friction_sweep_joint11_joint_3_4_20260811_162022.csv,79,11,joint_3_4,1,0.2,0.2,1.7263312339782713,-1.5783012425784722,1.497667031136334,3.075968273714806,1.781794949412079,upper_limit,-0.0005517784677565874,0.19944822153224337,318,,0.20009778235202155,-9.778235202154151e-05
hand_friction_sweep_joint11_joint_3_4_20260811_162022.csv,80,11,joint_3_4,-1,0.2,-0.2,1.639848232269287,1.538682268558201,-1.4898130495023596,-3.0284953180605605,-1.8468143932256513,lower_limit,-0.0007031995552804493,-0.2007031995552805,302,,-0.2009646481366913,0.0009646481366912818
hand_friction_sweep_joint11_joint_3_4_20260811_162022.csv,81,11,joint_3_4,1,0.25,0.25,1.3317301273345947,-1.5756832487004806,1.4873695885495677,3.0630528372500483,2.3000552246877732,upper_limit,-0.0005218844038544694,0.2494781155961455,246,,0.24848178251689385,0.0015182174831061546
hand_friction_sweep_joint11_joint_3_4_20260811_162022.csv,82,11,joint_3_4,-1,0.25,-0.25,1.2761640548706055,1.5421729270621891,-1.4981906299119323,-3.040363556974121,-2.3824237529416967,lower_limit,-0.0007124029588452143,-0.2507124029588452,236,,-0.25096833274289143,0.0009683327428914312
hand_friction_sweep_joint11_joint_3_4_20260811_162022.csv,83,11,joint_3_4,1,0.25,0.25,1.3429348468780518,-1.5974998643504097,1.5088371383490975,3.106337002699507,2.3130958362729754,upper_limit,-0.000505738414645962,0.24949426158535398,248,,0.2496992344096765,0.0003007655903234929
hand_friction_sweep_joint11_joint_3_4_20260811_162022.csv,84,11,joint_3_4,-1,0.25,-0.25,1.2798902988433838,1.537635071007004,-1.4981906299119323,-3.035825700918936,-2.371942113837696,lower_limit,-0.0007121492605478697,-0.25071214926054786,236,,-0.24998978267388156,-1.0217326118444614e-05
hand_friction_sweep_joint11_joint_3_4_20260811_162022.csv,85,11,joint_3_4,1,0.25,0.25,1.3368158340454104,-1.601688654555196,1.4945254384827442,3.0962140930379403,2.316111175664579,upper_limit,-0.0005049208259095048,0.24949507917409044,247,,0.24998074196211797,1.925803788202507e-05
hand_friction_sweep_joint11_joint_3_4_20260811_162022.csv,86,11,joint_3_4,-1,0.25,-0.25,1.283264398574829,1.5409511965857934,-1.4882422531755646,-3.029193449761358,-2.360537277528721,lower_limit,-0.0007128445884951824,-0.2507128445884952,237,,-0.24892504430171855,-0.001074955698281449
hand_friction_sweep_joint11_joint_3_4_20260811_162022.csv,87,11,joint_3_4,1,0.25,0.25,1.3458311557769775,-1.6025613191811932,1.5011576896403227,3.103719008821516,2.3061726543473213,upper_limit,-0.000509165344898829,0.24949083465510113,248,,0.2490528965531736,0.0009471034468263861
hand_friction_sweep_joint11_joint_3_4_20260811_162022.csv,88,11,joint_3_4,-1,0.25,-0.25,1.2728633880615234,1.5402530648849957,-1.492081977529952,-3.032335042414948,-2.3822941808648994,lower_limit,-0.0007181535365125578,-0.25071815353651256,235,,-0.25095623608859585,0.0009562360885958521
hand_friction_sweep_joint11_joint_3_4_20260811_162022.csv,89,11,joint_3_4,1,0.25,0.25,1.3339035511016846,-1.5997687923780024,1.489289450726761,3.0890582431047635,2.315803298187098,upper_limit,-0.0005027417412615994,0.2494972582587384,246,,0.24995199898367285,4.800101632715381e-05
hand_friction_sweep_joint11_joint_3_4_20260811_162022.csv,90,11,joint_3_4,-1,0.25,-0.25,1.283158540725708,1.5406021307353943,-1.505870078620707,-3.0464722093561014,-2.374197819416085,lower_limit,-0.0006996746226220792,-0.2506996746226221,237,,-0.2502003719555289,0.00020037195552891074
hand_friction_sweep_joint11_joint_3_4_20260811_162022.csv,91,11,joint_3_4,1,0.25,0.25,1.3426601886749268,-1.6009905228543984,1.4915583787543538,3.092548901608752,2.3032997683954513,upper_limit,-0.000501027194681354,0.2494989728053186,248,,0.24878468823970604,0.0012153117602939634
hand_friction_sweep_joint11_joint_3_4_20260811_162022.csv,92,11,joint_3_4,-1,0.25,-0.25,1.280320405960083,1.5409511965857934,-1.49278010923075,-3.033731305816543,-2.3695094538008377,lower_limit,-0.0007084292931612649,-0.2507084292931613,236,,-0.24976267319001882,-0.0002373268099811754
hand_friction_sweep_joint11_joint_3_4_20260811_162022.csv,93,11,joint_3_4,1,0.25,0.25,1.3450860977172852,-1.5987215948268056,1.4992378274631288,3.0979594222899345,2.3031681225071097,upper_limit,-0.0005069590080108574,0.24949304099198907,248,,0.2487723979774824,0.0012276020225175932
hand_friction_sweep_joint11_joint_3_4_20260811_162022.csv,94,11,joint_3_4,-1,0.25,-0.25,1.2892019748687744,1.5413002624361922,-1.503252084742716,-3.044552347178908,-2.3615790283666045,lower_limit,-0.0007056295634785677,-0.2507056295634785,238,,-0.2490223005938106,-0.0009776994061893862
hand_friction_sweep_joint11_joint_3_4_20260811_162022.csv,95,11,joint_3_4,1,0.25,0.25,1.3474128246307373,-1.5990706606772045,1.507266342022303,3.106337002699507,2.3054085176536807,upper_limit,-0.0005076571680582169,0.24949234283194174,248,,0.24898155790023244,0.0010184420997675636
hand_friction_sweep_joint11_joint_3_4_20260811_162022.csv,96,11,joint_3_4,-1,0.25,-0.25,1.279120683670044,1.5364133405306082,-1.5062191444711062,-3.0426324850017146,-2.3786907082698523,lower_limit,-0.00070366634061517,-0.25070366634061514,236,,-0.25061982130446037,0.0006198213044603662
hand_friction_sweep_joint11_joint_3_4_20260811_162022.csv,97,11,joint_3_4,1,0.25,0.25,1.3460803031921387,-1.5987215948268056,1.5084880724986989,3.1072096673255043,2.308339004706455,upper_limit,-0.0005131524391768611,0.24948684756082312,248,,0.2492551437658849,0.0007448562341151044
hand_friction_sweep_joint11_joint_3_4_20260811_162022.csv,98,11,joint_3_4,-1,0.25,-0.25,1.2770307064056396,1.536762406381007,-1.5001104920891262,-3.036872898470133,-2.378073513218634,lower_limit,-0.0007121433587050719,-0.25071214335870506,236,,-0.2505622009023487,0.0005622009023487085
hand_friction_sweep_joint11_joint_3_4_20260811_162022.csv,99,11,joint_3_4,1,0.25,0.25,1.3375499248504639,-1.5997687923780024,1.4938273067819463,3.0935960991599485,2.3128827131486758,upper_limit,-0.0005053956700292966,0.24949460432997067,247,,0.24967933755519395,0.00032066244480605244
hand_friction_sweep_joint11_joint_3_4_20260811_162022.csv,100,11,joint_3_4,-1,0.25,-0.25,1.2681186199188232,1.5393804002589986,-1.485973325147972,-3.025353725406971,-2.38570247127247,lower_limit,-0.0007147518428064122,-0.2507147518428064,234,,-0.2512744289571388,0.0012744289571388068
hand_friction_sweep_joint11_joint_3_4_20260811_162022.csv,101,11,joint_3_4,1,0.3,0.3,1.0938715934753418,-1.5913912119684297,1.500808623789924,3.092199835758354,2.826839872433399,upper_limit,-0.0004830942045353583,0.29951690579546464,202,,0.2976616052803074,0.0023383947196926047
hand_friction_sweep_joint11_joint_3_4_20260811_162022.csv,102,11,joint_3_4,-1,0.3,-0.3,1.046557903289795,1.5390313344085995,-1.5051719469199096,-3.0442032813285094,-2.908776735390589,lower_limit,-0.0007283571295997864,-0.3007283571295998,194,,-0.3001078558831528,0.00010785588315281869
hand_friction_sweep_joint11_joint_3_4_20260811_162022.csv,103,11,joint_3_4,1,0.3,0.3,1.0844199657440186,-1.6009905228543984,1.4938273067819463,3.0948178296363444,2.853892336363427,upper_limit,-0.0004675500885145348,0.2995324499114854,200,,0.3001871826430608,-0.00018718264306083476
hand_friction_sweep_joint11_joint_3_4_20260811_162022.csv,104,11,joint_3_4,-1,0.3,-0.3,1.0409636497497559,1.537111472231406,-1.4974924982111346,-3.0346039704425407,-2.915187260546561,lower_limit,-0.0007286669971136021,-0.3007286669971136,192,,-0.30070633287434895,0.0007063328743489583
hand_friction_sweep_joint11_joint_3_4_20260811_162022.csv,105,11,joint_3_4,1,0.3,0.3,1.095224380493164,-1.5987215948268056,1.510233401750693,3.1089549965774985,2.838646629814413,upper_limit,-0.00047494850787030895,0.29952505149212966,203,,0.29876386639952146,0.0012361336004785284
hand_friction_sweep_joint11_joint_3_4_20260811_162022.csv,106,11,joint_3_4,-1,0.3,-0.3,1.046266794204712,1.537111472231406,-1.493652773856747,-3.030764246088153,-2.896741311944146,lower_limit,-0.0007346398062451653,-0.3007346398062451,193,,-0.2989842468438391,-0.0010157531561608701
hand_friction_sweep_joint11_joint_3_4_20260811_162022.csv,107,11,joint_3_4,1,0.3,0.3,1.083813190460205,-1.5997687923780024,1.4945254384827442,3.0942942308607466,2.8550069865332217,upper_limit,-0.0004715091031802267,0.2995284908968197,200,,0.3002912447071857,-0.0002912447071857227
hand_friction_sweep_joint11_joint_3_4_20260811_162022.csv,108,11,joint_3_4,-1,0.3,-0.3,1.0486023426055908,1.536762406381007,-1.499761426238727,-3.036523832619734,-2.8957820417170828,lower_limit,-0.0007245016272710522,-0.30072450162727105,194,,-0.2988946908175747,-0.0011053091824252959
hand_friction_sweep_joint11_joint_3_4_20260811_162022.csv,109,11,joint_3_4,1,0.3,0.3,1.0900471210479736,-1.594881870472418,1.5137240602546818,3.1086059307270997,2.851808761935428,upper_limit,-0.0004923001142236819,0.2995076998857763,201,,0.29999266326683777,7.336733162222053e-06
hand_friction_sweep_joint11_joint_3_4_20260811_162022.csv,110,11,joint_3_4,-1,0.3,-0.3,1.0506951808929443,1.5418238612117905,-1.499761426238727,-3.0415852874505176,-2.894831291474654,lower_limit,-0.0007260402900804877,-0.3007260402900805,194,,-0.2988059302042671,-0.0011940697957328883
hand_friction_sweep_joint11_joint_3_4_20260811_162022.csv,111,11,joint_3_4,1,0.3,0.3,1.0843400955200195,-1.5964526667992132,1.496445300659938,3.0928979674591512,2.85233201302575,upper_limit,-0.0004719630873023661,0.2995280369126976,200,,0.30004151320199235,-4.1513201992360305e-05
hand_friction_sweep_joint11_joint_3_4_20260811_162022.csv,112,11,joint_3_4,-1,0.3,-0.3,1.0421085357666016,1.535191610054212,-1.4856242592975732,-3.020815869351785,-2.8987535997194342,lower_limit,-0.0007409578829696103,-0.3007409578829696,193,,-0.29917211100533503,-0.0008278889946649604
hand_friction_sweep_joint11_joint_3_4_20260811_162022.csv,113,11,joint_3_4,1,0.3,0.3,1.0837173461914062,-1.5994197265276031,1.5098843359002942,3.1093040624278974,2.8691098037280396,upper_limit,-0.00047934786114940827,0.29952065213885054,200,,0.30160786251879834,-0.001607862518798353
hand_friction_sweep_joint11_joint_3_4_20260811_162022.csv,114,11,joint_3_4,-1,0.3,-0.3,1.0442347526550293,1.537111472231406,-1.5036011505931148,-3.040712622824521,-2.9119052158466543,lower_limit,-0.0007283955840585773,-0.30072839558405856,193,,-0.30039992611528,0.00039992611528000266
hand_friction_sweep_joint11_joint_3_4_20260811_162022.csv,115,11,joint_3_4,1,0.3,0.3,1.0725948810577393,-1.5994197265276031,1.4864969239235704,3.0859166504511735,2.8770570370501836,upper_limit,-0.00046991894763771845,0.29953008105236223,198,,0.3023498042741535,-0.0023498042741534886
hand_friction_sweep_joint11_joint_3_4_20260811_162022.csv,116,11,joint_3_4,-1,0.3,-0.3,1.048891544342041,1.5418238612117905,-1.5189600480106649,-3.0607839092224554,-2.91811286470276,lower_limit,-0.0007057764606552795,-0.30070577646065527,194,,-0.3009794628801179,0.0009794628801179095
hand_friction_sweep_joint11_joint_3_4_20260811_162022.csv,117,11,joint_3_4,1,0.3,0.3,1.0741801261901855,-1.594009205846421,1.489987582427559,3.0839967882739803,2.871023874936179,upper_limit,-0.0004634867481520961,0.2995365132518479,199,,0.3017865573292407,-0.0017865573292407122
hand_friction_sweep_joint11_joint_3_4_20260811_162022.csv,118,11,joint_3_4,-1,0.3,-0.3,1.0419602394104004,1.538682268558201,-1.4994123603883285,-3.0380946289465296,-2.9157490987042407,lower_limit,-0.0007325689431959635,-0.30073256894319594,193,,-0.3007587852401016,0.0007587852401015893
hand_friction_sweep_joint11_joint_3_4_20260811_162022.csv,119,11,joint_3_4,1,0.3,0.3,1.0913336277008057,-1.5964526667992132,1.513025928553884,3.1094785953530972,2.8492465699092118,upper_limit,-0.0004817221287456752,0.2995182778712543,202,,0.29975346087118254,0.0002465391288174468
hand_friction_sweep_joint11_joint_3_4_20260811_162022.csv,120,11,joint_3_4,-1,0.3,-0.3,1.041543960571289,1.535191610054212,-1.5023794201167189,-3.037571030170931,-2.916411736000866,lower_limit,-0.000721498021235939,-0.3007214980212359,192,,-0.30082064806192815,0.0008206480619281642
hand_friction_sweep_joint12_joint_4_1_20260811_140944.csv,2,12,joint_4_1,-1,0.05,-0.05,3.048107624053955,0.8477064176936457,-0.0703367688553714,-0.9180431865490172,-0.3011846364296114,lower_limit,-0.0069841751898195945,-0.05698417518981959,561,,-0.04641935491484922,-0.0035806450851507826
hand_friction_sweep_joint12_joint_4_1_20260811_140944.csv,4,12,joint_4_1,-1,0.05,-0.05,2.9953527450561523,0.8492772140204407,-0.0722566310325652,-0.9215338450530058,-0.30765453136496296,lower_limit,-0.006992789697571404,-0.056992789697571405,554,,-0.04704363414857769,-0.00295636585142231
hand_friction_sweep_joint12_joint_4_1_20260811_140944.csv,6,12,joint_4_1,-1,0.05,-0.05,2.99368953704834,0.8365363104808821,-0.0726056968829641,-0.9091420073638462,-0.30368613582429943,lower_limit,-0.006950406634583379,-0.056950406634583374,552,,-0.046660724232418085,-0.0033392757675819174
hand_friction_sweep_joint12_joint_4_1_20260811_140944.csv,8,12,joint_4_1,-1,0.05,-0.05,3.0755488872528076,0.8634143809615947,-0.0706858347057703,-0.934100215667365,-0.30371821418248934,lower_limit,-0.007093500402495591,-0.05709350040249559,567,,-0.046663819468595824,-0.0033361805314041787
hand_friction_sweep_joint12_joint_4_1_20260811_140944.csv,10,12,joint_4_1,-1,0.05,-0.05,2.9945178031921387,0.8293804605477053,-0.0722566310325652,-0.9016370915802705,-0.30109591955644094,lower_limit,-0.006855902427822315,-0.05685590242782231,552,,-0.046410794636489984,-0.003589205363510019
hand_friction_sweep_joint12_joint_4_1_20260811_140944.csv,12,12,joint_4_1,-1,0.05,-0.05,3.0339622497558594,0.8426449628628622,-0.0717330322569669,-0.9143779951198291,-0.3013808082791434,lower_limit,-0.0069071128926083535,-0.05690711289260835,560,,-0.04643828350845524,-0.0035617164915447627
hand_friction_sweep_joint12_joint_4_1_20260811_140944.csv,14,12,joint_4_1,-1,0.05,-0.05,3.0231714248657227,0.8438666933392582,-0.071383966406568,-0.9152506597458262,-0.30274520730708415,lower_limit,-0.006916972501270165,-0.05691697250127016,558,,-0.04656993417483758,-0.0034300658251624205
hand_friction_sweep_joint12_joint_4_1_20260811_140944.csv,16,12,joint_4_1,-1,0.05,-0.05,3.0135397911071777,0.8342673824532895,-0.0717330322569669,-0.9060004147102564,-0.3006432559423384,lower_limit,-0.006870763155282812,-0.056870763155282805,557,,-0.046367117189333215,-0.0036328828106667876
hand_friction_sweep_joint12_joint_4_1_20260811_140944.csv,18,12,joint_4_1,-1,0.05,-0.05,3.01224946975708,0.8419468311620645,-0.071383966406568,-0.9133307975686324,-0.3032055633965427,lower_limit,-0.006985883034235015,-0.05698588303423501,556,,-0.046614353867837396,-0.0033856461321626063
hand_friction_sweep_joint12_joint_4_1_20260811_140944.csv,20,12,joint_4_1,-1,0.05,-0.05,2.991514444351196,0.8442157591896571,-0.0717330322569669,-0.915948791446624,-0.3061823061480408,lower_limit,-0.006969986016993495,-0.05696998601699349,554,,-0.04690157934869616,-0.0030984206513038418
hand_friction_sweep_joint12_joint_4_1_20260811_140944.csv,21,12,joint_4_1,1,0.1,0.1,1.3268334865570068,-0.0797615468161408,0.7016223593017205,0.7813839061178612,0.5889087922746585,upper_limit,-0.006925216844176078,0.09307478315582382,247,,0.09656226212075712,0.003437737879242883
hand_friction_sweep_joint12_joint_4_1_20260811_140944.csv,22,12,joint_4_1,-1,0.1,-0.1,0.9278297424316405,0.7176793884200683,-0.0771435529381493,-0.7948229413582176,-0.8566474052396285,lower_limit,-0.007018054116807573,-0.10701805411680756,173,,-0.10001587775522652,1.5877755226517687e-05
hand_friction_sweep_joint12_joint_4_1_20260811_140944.csv,23,12,joint_4_1,1,0.1,0.1,1.3608350753784177,-0.1181587903600161,0.6988298324985295,0.8169886228585456,0.6003582929631347,upper_limit,-0.006646021026633059,0.09335397897336688,253,,0.09766702279891287,0.002332977201087133
hand_friction_sweep_joint12_joint_4_1_20260811_140944.csv,24,12,joint_4_1,-1,0.1,-0.1,0.919579267501831,0.713141532364883,-0.0722566310325652,-0.7853981633974482,-0.8540842439076458,lower_limit,-0.006988337106942024,-0.10698833710694206,171,,-0.09976855868617807,-0.00023144131382193955
hand_friction_sweep_joint12_joint_4_1_20260811_140944.csv,25,12,joint_4_1,1,0.1,0.1,1.3814897537231445,-0.1162389281828223,0.7000515629749255,0.8162904911577479,0.5908769782460039,upper_limit,-0.006735637685529725,0.09326436231447019,257,,0.0967521721026508,0.0032478278973492036
hand_friction_sweep_joint12_joint_4_1_20260811_140944.csv,26,12,joint_4_1,-1,0.1,-0.1,0.9171617031097412,0.7215191127744558,-0.0752236907609556,-0.7967428035354114,-0.8687048323474085,lower_limit,-0.007035086675732985,-0.10703508667573297,171,,-0.10117929716632904,0.0011792971663290297
hand_friction_sweep_joint12_joint_4_1_20260811_140944.csv,27,12,joint_4_1,1,0.1,0.1,1.380155086517334,-0.1162389281828223,0.7007496946757232,0.8169886228585456,0.5919542164787613,upper_limit,-0.006745807903131083,0.09325419209686885,257,,0.09685611466512029,0.0031438853348797202
hand_friction_sweep_joint12_joint_4_1_20260811_140944.csv,28,12,joint_4_1,-1,0.1,-0.1,0.9053554534912109,0.7169812567192705,-0.0703367688553714,-0.7873180255746419,-0.8696231105016314,lower_limit,-0.007133586981447346,-0.10713358698144734,169,,-0.10126790169363528,0.001267901693635276
hand_friction_sweep_joint12_joint_4_1_20260811_140944.csv,29,12,joint_4_1,1,0.1,0.1,1.3695492744445799,-0.1075122819228506,0.7012732934513215,0.8087855753741721,0.5905487231937491,upper_limit,-0.006910970518513708,0.09308902948148622,255,,0.09672049881977113,0.0032795011802288776
hand_friction_sweep_joint12_joint_4_1_20260811_140944.csv,30,12,joint_4_1,-1,0.1,-0.1,0.9171528816223143,0.7147123286916779,-0.0813323431429357,-0.7960446718346136,-0.8679519933759818,lower_limit,-0.006999106643540158,-0.10699910664354019,171,,-0.10110665584202636,0.0011066558420263495
hand_friction_sweep_joint12_joint_4_1_20260811_140944.csv,31,12,joint_4_1,1,0.1,0.1,1.3912384510040283,-0.119729586686811,0.7004006288253244,0.8201302155121354,0.5894965129236215,upper_limit,-0.0067716938850504275,0.09322830611494949,259,,0.0966189712018237,0.003381028798176311
hand_friction_sweep_joint12_joint_4_1_20260811_140944.csv,32,12,joint_4_1,-1,0.1,-0.1,0.9172525405883789,0.7189011188964642,-0.0736528944341607,-0.7925540133306249,-0.8640521320575846,lower_limit,-0.007034195661167254,-0.10703419566116727,171,,-0.10073035878313694,0.0007303587831369307
hand_friction_sweep_joint12_joint_4_1_20260811_140944.csv,33,12,joint_4_1,1,0.1,0.1,1.3693044185638428,-0.1178097245096172,0.7000515629749255,0.8178612874845428,0.5972822963226352,upper_limit,-0.006682222209320901,0.09331777779067903,255,,0.09737022032454967,0.0026297796754503333
hand_friction_sweep_joint12_joint_4_1_20260811_140944.csv,34,12,joint_4_1,-1,0.1,-0.1,0.9170372486114503,0.7180284542704671,-0.0748746249105567,-0.7929030791810239,-0.8646356299938889,lower_limit,-0.007002960961728974,-0.10700296096172897,171,,-0.10078666041526513,0.0007866604152651224
hand_friction_sweep_joint12_joint_4_1_20260811_140944.csv,35,12,joint_4_1,1,0.1,0.1,1.3753700256347656,-0.1171115928088195,0.7012732934513215,0.818384886260141,0.5950288802334754,upper_limit,-0.006774630706254115,0.09322536929374581,256,,0.09715278852952537,0.0028472114704746337
hand_friction_sweep_joint12_joint_4_1_20260811_140944.csv,36,12,joint_4_1,-1,0.1,-0.1,0.910428524017334,0.7189011188964642,-0.071383966406568,-0.7902850853030322,-0.8680363855647231,lower_limit,-0.007072937257598411,-0.10707293725759842,169,,-0.1011147988322057,0.0011147988322056934
hand_friction_sweep_joint12_joint_4_1_20260811_140944.csv,37,12,joint_4_1,1,0.1,0.1,1.3613617420196533,-0.1097812099504433,0.7000515629749255,0.8098327729253688,0.5948696426006055,upper_limit,-0.006735795091159885,0.09326420490884005,253,,0.09713742371318414,0.0028625762868158683
hand_friction_sweep_joint12_joint_4_1_20260811_140944.csv,38,12,joint_4_1,-1,0.1,-0.1,0.9167392253875734,0.7173303225696693,-0.0764454212373516,-0.793775743807021,-0.8658686372577037,lower_limit,-0.006976372980721568,-0.10697637298072156,171,,-0.10090563310918477,0.0009056331091847614
hand_friction_sweep_joint12_joint_4_1_20260811_140944.csv,39,12,joint_4_1,1,0.1,0.1,1.3702850341796875,-0.1216494488640047,0.7004006288253244,0.8220500776893291,0.5999117389335309,upper_limit,-0.0066315389485511606,0.09336846105144878,255,,0.09762393486468751,0.002376065135312494
hand_friction_sweep_joint12_joint_4_1_20260811_140944.csv,40,12,joint_4_1,-1,0.1,-0.1,0.917375087738037,0.7150613945420767,-0.0813323431429357,-0.7963937376850124,-0.8681222635429013,lower_limit,-0.007020460119373442,-0.10702046011937344,170,,-0.10112308518599461,0.0011230851859946045
hand_friction_sweep_joint12_joint_4_1_20260811_140944.csv,41,12,joint_4_1,1,0.15,0.15,0.7101681232452393,-0.1136209343048308,0.7000515629749255,0.8136724972797563,1.1457462967522893,upper_limit,-0.005935913058457976,0.14406408694154194,132,,0.15029143300839526,-0.0002914330083952643
hand_friction_sweep_joint12_joint_4_1_20260811_140944.csv,42,12,joint_4_1,-1,0.15,-0.15,0.5851857662200929,0.7400196028455956,-0.0736528944341607,-0.8136724972797563,-1.3904516210904005,lower_limit,-0.007737055260128043,-0.15773705526012802,109,,-0.15152256992908308,0.0015225699290830896
hand_friction_sweep_joint12_joint_4_1_20260811_140944.csv,43,12,joint_4_1,1,0.15,0.15,0.7251091003417969,-0.1392772743091475,0.7000515629749255,0.839328837284073,1.1575207605151225,upper_limit,-0.005677847602579435,0.14432215239742047,135,,0.1514275493269558,-0.001427549326955796
hand_friction_sweep_joint12_joint_4_1_20260811_140944.csv,44,12,joint_4_1,-1,0.15,-0.15,0.5856726169586182,0.7419394650227894,-0.0794124809657419,-0.8213519459885313,-1.4024079702646668,lower_limit,-0.007608879577760074,-0.1576088795777601,109,,-0.15267623634488792,0.0026762363448879223
hand_friction_sweep_joint12_joint_4_1_20260811_140944.csv,45,12,joint_4_1,1,0.15,0.15,0.744194507598877,-0.1469567230179225,0.7096508738608943,0.8566075968788168,1.151053371305625,upper_limit,-0.0057711219122089635,0.14422887808779095,138,,0.15080351187035537,-0.0008035118703553779
hand_friction_sweep_joint12_joint_4_1_20260811_140944.csv,46,12,joint_4_1,-1,0.15,-0.15,0.5976502895355226,0.7538077039363509,-0.0844739357965255,-0.8382816397328764,-1.4026290196970639,lower_limit,-0.007710562877205243,-0.15771056287720522,111,,-0.15269756537289408,0.0026975653728940896
hand_friction_sweep_joint12_joint_4_1_20260811_140944.csv,47,12,joint_4_1,1,0.15,0.15,0.7490930557250977,-0.1553343034274953,0.710349005561692,0.8656833089891873,1.1556418823709882,upper_limit,-0.0057274069040329275,0.14427259309596702,139,,0.15124625664449193,-0.0012462566444919332
hand_friction_sweep_joint12_joint_4_1_20260811_140944.csv,48,12,joint_4_1,-1,0.15,-0.15,0.586911678314209,0.7564256978143423,-0.0722566310325652,-0.8286823288469075,-1.4119370247106655,lower_limit,-0.007874912362409546,-0.1578749123624095,109,,-0.1535956934407367,0.003595693440736708
hand_friction_sweep_joint12_joint_4_1_20260811_140944.csv,49,12,joint_4_1,1,0.15,0.15,0.7352790832519531,-0.1408480706359423,0.7004006288253244,0.8412486994612667,1.1441216248674406,upper_limit,-0.00576112076743121,0.1442388792325687,137,,0.1501346686514052,-0.000134668651405212
hand_friction_sweep_joint12_joint_4_1_20260811_140944.csv,50,12,joint_4_1,-1,0.15,-0.15,0.58573317527771,0.7515387759087583,-0.0729547627333629,-0.8244935386421212,-1.4076264986206548,lower_limit,-0.007799107389161658,-0.15779910738916167,109,,-0.15317977139697445,0.003179771396974451
hand_friction_sweep_joint12_joint_4_1_20260811_140944.csv,51,12,joint_4_1,1,0.15,0.15,0.7339227199554443,-0.1446877949903299,0.7073819458333017,0.8520697408236316,1.1609801926766348,upper_limit,-0.005795074921586496,0.14420492507841345,137,,0.15176134943970943,-0.001761349439709431
hand_friction_sweep_joint12_joint_4_1_20260811_140944.csv,52,12,joint_4_1,-1,0.15,-0.15,0.5899777412414551,0.7490953149559662,-0.0822050077689329,-0.8313003227248991,-1.409036756159043,lower_limit,-0.007718359957859846,-0.15771835995785982,110,,-0.15331584694444805,0.0033158469444480587
hand_friction_sweep_joint12_joint_4_1_20260811_140944.csv,53,12,joint_4_1,1,0.15,0.15,0.7336082458496094,-0.1527163095495038,0.7051130178057091,0.8578293273552129,1.169328905731887,upper_limit,-0.005671098951217448,0.1443289010487825,136,,0.1525669155641721,-0.002566915564172101
hand_friction_sweep_joint12_joint_4_1_20260811_140944.csv,54,12,joint_4_1,-1,0.15,-0.15,0.5862185955047609,0.7518878417591571,-0.0851720674973232,-0.8370599092564803,-1.4278972309565405,lower_limit,-0.00764188409369632,-0.1576418840936963,109,,-0.15513569145073247,0.005135691450732477
hand_friction_sweep_joint12_joint_4_1_20260811_140944.csv,55,12,joint_4_1,1,0.15,0.15,0.7332251071929932,-0.1473057888683214,0.7042403531797119,0.8515461420480332,1.1613706809740991,upper_limit,-0.005686751170905827,0.1443132488290941,136,,0.1517990275994874,-0.0017990275994874128
hand_friction_sweep_joint12_joint_4_1_20260811_140944.csv,56,12,joint_4_1,-1,0.15,-0.15,0.587073802947998,0.744557458900781,-0.0832522053201295,-0.8278096642209105,-1.4100606432514182,lower_limit,-0.007670643663242586,-0.1576706436632426,109,,-0.15341464166303923,0.0034146416630392307
hand_friction_sweep_joint12_joint_4_1_20260811_140944.csv,57,12,joint_4_1,1,0.15,0.15,0.7399129867553712,-0.1457349925415265,0.7077310116837006,0.8534660042252271,1.1534680692223052,upper_limit,-0.00573897603871768,0.14426102396128224,137,,0.15103650572576932,-0.0010365057257693266
hand_friction_sweep_joint12_joint_4_1_20260811_140944.csv,58,12,joint_4_1,-1,0.15,-0.15,0.5825424194335938,0.7487462491055673,-0.0722566310325652,-0.8210028801381325,-1.4093443717564704,lower_limit,-0.00775985608435822,-0.15775985608435825,108,,-0.1533455287292937,0.0033455287292936953
hand_friction_sweep_joint12_joint_4_1_20260811_140944.csv,59,12,joint_4_1,1,0.15,0.15,0.7271690368652344,-0.1411971364863412,0.7058111495065068,0.847008285992848,1.164802464148131,upper_limit,-0.005733459212656105,0.14426654078734383,135,,0.15213015986540734,-0.0021301598654073495
hand_friction_sweep_joint12_joint_4_1_20260811_140944.csv,60,12,joint_4_1,-1,0.15,-0.15,0.5852565765380859,0.7487462491055673,-0.0787143492649442,-0.8274605983705114,-1.413842460797472,lower_limit,-0.00770817544639117,-0.15770817544639118,109,,-0.1537795486952773,0.0037795486952773016
hand_friction_sweep_joint12_joint_4_1_20260811_140944.csv,61,12,joint_4_1,1,0.2,0.2,0.5136134624481201,-0.1450368608407287,0.713141532364883,0.8581783932056117,1.6708642898788815,upper_limit,-0.00532984662163843,0.1946701533783615,96,,0.20095999279827498,-0.0009599927982749668
hand_friction_sweep_joint12_joint_4_1_20260811_140944.csv,62,12,joint_4_1,-1,0.2,-0.2,0.4513828754425048,0.7794640439406675,-0.0783652834145453,-0.8578293273552128,-1.900447212389827,lower_limit,-0.008251053623812551,-0.20825105362381255,84,,-0.20073197133708345,0.0007319713370834424
hand_friction_sweep_joint12_joint_4_1_20260811_140944.csv,63,12,joint_4_1,1,0.2,0.2,0.5274105072021484,-0.1844813019358006,0.703891287329313,0.8883725892651136,1.6844044195816787,upper_limit,-0.004895355585265,0.19510464441473496,98,,0.20226647796996766,-0.0022664779699676507
hand_friction_sweep_joint12_joint_4_1_20260811_140944.csv,64,12,joint_4_1,-1,0.2,-0.2,0.45142245292663574,0.7836528341454538,-0.0752236907609556,-0.8588765249064094,-1.902600367656042,lower_limit,-0.00837577970772854,-0.2083757797077285,84,,-0.20093972897969162,0.0009397289796916064
hand_friction_sweep_joint12_joint_4_1_20260811_140944.csv,65,12,joint_4_1,1,0.2,0.2,0.5153441429138185,-0.1710422666954442,0.7080800775340994,0.8791223442295436,1.7058937339597553,upper_limit,-0.0049869662524278996,0.19501303374757203,96,,0.2043399788300812,-0.0043399788300811926
hand_friction_sweep_joint12_joint_4_1_20260811_140944.csv,66,12,joint_4_1,-1,0.2,-0.2,0.4526042938232422,0.7810348402674624,-0.0902335223281068,-0.8712683625955692,-1.9250112614614963,lower_limit,-0.008152427111981818,-0.2081524271119819,85,,-0.2031021529064843,0.003102152906484301
hand_friction_sweep_joint12_joint_4_1_20260811_140944.csv,67,12,joint_4_1,1,0.2,0.2,0.5272254943847657,-0.1872738287389915,0.7161085920932734,0.9033824208322649,1.7134649793186638,upper_limit,-0.00485422739454303,0.19514577260545693,99,,0.20507052720810875,-0.005070527208108744
hand_friction_sweep_joint12_joint_4_1_20260811_140944.csv,68,12,joint_4_1,-1,0.2,-0.2,0.457899570465088,0.7871434926494425,-0.0966912405604858,-0.8838347332099283,-1.930193409686361,lower_limit,-0.008173317382811858,-0.2081733173828119,86,,-0.20360217764494015,0.003602177644940141
hand_friction_sweep_joint12_joint_4_1_20260811_140944.csv,69,12,joint_4_1,1,0.2,0.2,0.5318999290466309,-0.1879719604397892,0.7108726043372904,0.8988445647770795,1.6898753237063868,upper_limit,-0.004851268452889106,0.19514873154711082,99,,0.20279436472375603,-0.002794364723756021
hand_friction_sweep_joint12_joint_4_1_20260811_140944.csv,70,12,joint_4_1,-1,0.2,-0.2,0.44688510894775385,0.7843509658462516,-0.0816814089933346,-0.8660323748395863,-1.9379307063481404,lower_limit,-0.00833010887065796,-0.208330108870658,84,,-0.20434874828934937,0.004348748289349363
hand_friction_sweep_joint12_joint_4_1_20260811_140944.csv,71,12,joint_4_1,1,0.2,0.2,0.5171072483062744,-0.1687733386678516,0.7070328799829029,0.8758062186507545,1.6936645570514772,upper_limit,-0.004992613267129122,0.19500738673287085,97,,0.20315998730537882,-0.0031599873053788086
hand_friction_sweep_joint12_joint_4_1_20260811_140944.csv,72,12,joint_4_1,-1,0.2,-0.2,0.455312728881836,0.7813839061178612,-0.1005309649148733,-0.8819148710327346,-1.9369431493790097,lower_limit,-0.00810741960086756,-0.20810741960086754,85,,-0.20425345905913586,0.00425345905913585
hand_friction_sweep_joint12_joint_4_1_20260811_140944.csv,73,12,joint_4_1,1,0.2,0.2,0.5339386463165283,-0.1940806128217694,0.7112216701876892,0.9053022830094586,1.6955174330512486,upper_limit,-0.004763065549784949,0.195236934450215,99,,0.20333877104466505,-0.00333877104466504
hand_friction_sweep_joint12_joint_4_1_20260811_140944.csv,74,12,joint_4_1,-1,0.2,-0.2,0.4523477554321289,0.789761486527434,-0.0740019602845595,-0.8637634468119936,-1.9095119549932071,lower_limit,-0.008382535105902552,-0.20838253510590254,85,,-0.20160662704987772,0.0016066270498777124
hand_friction_sweep_joint12_joint_4_1_20260811_140944.csv,75,12,joint_4_1,1,0.2,0.2,0.5110700130462646,-0.1680752069670539,0.6984807666481306,0.8665559736151845,1.695571940231875,upper_limit,-0.0048912015716441265,0.19510879842835585,96,,0.20334403043470062,-0.0033440304347006067
hand_friction_sweep_joint12_joint_4_1_20260811_140944.csv,76,12,joint_4_1,-1,0.2,-0.2,0.4419996738433838,0.7710864635310947,-0.0752236907609556,-0.8463101542920503,-1.914730268764696,lower_limit,-0.008215671168348577,-0.2082156711683486,83,,-0.20211014139673672,0.002110141396736709
hand_friction_sweep_joint12_joint_4_1_20260811_140944.csv,77,12,joint_4_1,1,0.2,0.2,0.5168297290802003,-0.1715658654710425,0.7012732934513215,0.872839158922364,1.6888331104244954,upper_limit,-0.004857741631204008,0.19514225836879592,97,,0.2026938017137687,-0.0026938017137686787
hand_friction_sweep_joint12_joint_4_1_20260811_140944.csv,78,12,joint_4_1,-1,0.2,-0.2,0.4467964172363281,0.7686430025783026,-0.0841248699461266,-0.8527678725244292,-1.9086273739598205,lower_limit,-0.008231975434801909,-0.20823197543480196,84,,-0.20152127395292466,0.0015212739529246455
hand_friction_sweep_joint12_joint_4_1_20260811_140944.csv,79,12,joint_4_1,1,0.2,0.2,0.5185189247131348,-0.1773254520026238,0.7035422214789142,0.880867673481538,1.698814896618998,upper_limit,-0.004867305979451336,0.1951326940205486,97,,0.20365694283105285,-0.003656942831052834
hand_friction_sweep_joint12_joint_4_1_20260811_140944.csv,80,12,joint_4_1,-1,0.2,-0.2,0.44727563858032227,0.7801621756414653,-0.0874409955249159,-0.8676031711663812,-1.939750561689883,lower_limit,-0.008152869861902223,-0.20815286986190223,84,,-0.20452434587008167,0.0045243458700816586
hand_friction_sweep_joint12_joint_4_1_20260811_140944.csv,81,12,joint_4_1,1,0.25,0.25,0.4089927673339844,-0.1850049007113989,0.6981317007977318,0.8831366015091306,2.159296378920949,upper_limit,-0.004449355774101529,0.24555064422589834,77,,0.24808873496833758,0.001911265031662418
hand_friction_sweep_joint12_joint_4_1_20260811_140944.csv,82,12,joint_4_1,-1,0.25,-0.25,0.37298011779785156,0.806691180271779,-0.0925024503556994,-0.8991936306274784,-2.4108352904613133,lower_limit,-0.008600845777447182,-0.2586008457774473,70,,-0.24997924373738872,-2.075626261127672e-05
hand_friction_sweep_joint12_joint_4_1_20260811_140944.csv,83,12,joint_4_1,1,0.25,0.25,0.4235830307006836,-0.2122320370425104,0.720820981073658,0.9330530181161684,2.202762977951993,upper_limit,-0.004432679501774952,0.24556732049822494,79,,0.2522828208703536,-0.0022828208703535857
hand_friction_sweep_joint12_joint_4_1_20260811_140944.csv,84,12,joint_4_1,-1,0.25,-0.25,0.38020539283752436,0.8239699398665229,-0.0940732466824943,-0.9180431865490172,-2.414598014240504,lower_limit,-0.008936786353826404,-0.2589367863538264,71,,-0.2503423084148026,0.00034230841480259455
hand_friction_sweep_joint12_joint_4_1_20260811_140944.csv,85,12,joint_4_1,1,0.25,0.25,0.4203336238861085,-0.2090904443889206,0.7108726043372904,0.9199630487262109,2.1886496736113585,upper_limit,-0.004208341523521967,0.24579165847647796,79,,0.2509210301601202,-0.0009210301601201842
hand_friction_sweep_joint12_joint_4_1_20260811_140944.csv,86,12,joint_4_1,-1,0.25,-0.25,0.3660669326782227,0.8101818387757677,-0.0790634151153431,-0.8892452538911108,-2.429187600707896,lower_limit,-0.008846403562376728,-0.25884640356237676,69,,-0.2517500555190891,0.0017500555190890776
hand_friction_sweep_joint12_joint_4_1_20260811_140944.csv,87,12,joint_4_1,1,0.25,0.25,0.4107804298400879,-0.1982694030265558,0.7134905982152818,0.9117600012418376,2.219579938598281,upper_limit,-0.004387862733142062,0.2456121372668579,77,,0.25390548698948057,-0.0039054869894805666
hand_friction_sweep_joint12_joint_4_1_20260811_140944.csv,88,12,joint_4_1,-1,0.25,-0.25,0.3689651489257813,0.8140215631301552,-0.0797615468161408,-0.893783109946296,-2.4224052394880355,lower_limit,-0.00900307453696088,-0.2590030745369609,69,,-0.25109562645841466,0.0010956264584146558
hand_friction_sweep_joint12_joint_4_1_20260811_140944.csv,89,12,joint_4_1,1,0.25,0.25,0.4129302501678467,-0.2010619298297467,0.7119198018884869,0.9129817317182336,2.2109829235013114,upper_limit,-0.0044371491906216864,0.24556285080937826,77,,0.2530759622366499,-0.0030759622366499095
hand_friction_sweep_joint12_joint_4_1_20260811_140944.csv,90,12,joint_4_1,-1,0.25,-0.25,0.3692760467529298,0.8182103533349416,-0.0802851455917391,-0.8984954989266807,-2.4331269434538596,lower_limit,-0.008864417882259959,-0.25886441788226006,69,,-0.2521301621352578,0.002130162135257796
hand_friction_sweep_joint12_joint_4_1_20260811_140944.csv,91,12,joint_4_1,1,0.25,0.25,0.42123746871948237,-0.1994911335029518,0.7230899091012507,0.9225810426042025,2.1901685180303447,upper_limit,-0.004526071791837679,0.24547392820816227,79,,0.2510675832401179,-0.0010675832401179086
hand_friction_sweep_joint12_joint_4_1_20260811_140944.csv,92,12,joint_4_1,-1,0.25,-0.25,0.37431812286376953,0.8230972752405258,-0.0774926187885482,-0.900589894029074,-2.4059478796778357,lower_limit,-0.00893648784414148,-0.25893648784414147,70,,-0.24950765817235052,-0.000492341827649484
hand_friction_sweep_joint12_joint_4_1_20260811_140944.csv,93,12,joint_4_1,1,0.25,0.25,0.4176278114318847,-0.205599785884932,0.7134905982152818,0.9190903841002138,2.2007403696344054,upper_limit,-0.004334060284253759,0.24566593971574618,78,,0.2520876596840819,-0.0020876596840819217
hand_friction_sweep_joint12_joint_4_1_20260811_140944.csv,94,12,joint_4_1,-1,0.25,-0.25,0.3691945075988769,0.8134979643545569,-0.071383966406568,-0.8848819307611249,-2.3967906145628066,lower_limit,-0.008935556234108705,-0.2589355562341087,69,,-0.2486240749756864,-0.0013759250243136067
hand_friction_sweep_joint12_joint_4_1_20260811_140944.csv,95,12,joint_4_1,1,0.25,0.25,0.4123959541320801,-0.1956514091485643,0.7077310116837006,0.9033824208322648,2.190570522772234,upper_limit,-0.004355147088218966,0.24564485291178095,77,,0.25110637261996555,-0.0011063726199655455
hand_friction_sweep_joint12_joint_4_1_20260811_140944.csv,96,12,joint_4_1,-1,0.25,-0.25,0.3639028072357177,0.8028514559173915,-0.0703367688553714,-0.8731882247727629,-2.39950944980525,lower_limit,-0.008886596889850804,-0.25888659688985083,68,,-0.24888641499801234,-0.0011135850019876603
hand_friction_sweep_joint12_joint_4_1_20260811_140944.csv,97,12,joint_4_1,1,0.25,0.25,0.41813111305236816,-0.1987930018021541,0.721170046924057,0.919963048726211,2.2001784129634756,upper_limit,-0.004496207610010317,0.24550379238998965,78,,0.252033436565558,-0.002033436565557989
hand_friction_sweep_joint12_joint_4_1_20260811_140944.csv,98,12,joint_4_1,-1,0.25,-0.25,0.37992286682128906,0.8239699398665229,-0.0982620368872807,-0.9222319767538036,-2.4274189770936054,lower_limit,-0.008709362876955822,-0.2587093628769558,71,,-0.25157940128038564,0.0015794012803856394
hand_friction_sweep_joint12_joint_4_1_20260811_140944.csv,99,12,joint_4_1,1,0.25,0.25,0.4237420558929444,-0.2094395102393195,0.7180284542704671,0.9274679645097866,2.1887559934435803,upper_limit,-0.004419752548172475,0.24558024745182758,79,,0.25093128894547184,-0.000931288945471842
hand_friction_sweep_joint12_joint_4_1_20260811_140944.csv,100,12,joint_4_1,-1,0.25,-0.25,0.37386012077331543,0.8307767239493008,-0.0717330322569669,-0.9025097562062677,-2.41403055864707,lower_limit,-0.009167717957042881,-0.2591677179570429,70,,-0.2502875547060355,0.0002875547060354755
hand_friction_sweep_joint12_joint_4_1_20260811_140944.csv,101,12,joint_4_1,1,0.3,0.3,0.34225344657897944,-0.1979203371761569,0.7096508738608943,0.9075712110370512,2.651751852636544,upper_limit,-0.004056016396330232,0.2959439836036697,64,,0.2956056929480976,0.004394307051902413
hand_friction_sweep_joint12_joint_4_1_20260811_140944.csv,102,12,joint_4_1,-1,0.3,-0.3,0.3256883621215821,0.8580038602804123,-0.0925024503556994,-0.9505063106361117,-2.9184534087873857,lower_limit,-0.009342208023397596,-0.30934220802339746,61,,-0.298959243119414,-0.001040756880585969
hand_friction_sweep_joint12_joint_4_1_20260811_140944.csv,103,12,joint_4_1,1,0.3,0.3,0.344712495803833,-0.2075196480621257,0.7070328799829029,0.9145525280450286,2.653087831679525,upper_limit,-0.0038212970765719445,0.29617870292342807,65,,0.2957346013742101,0.004265398625789896
hand_friction_sweep_joint12_joint_4_1_20260811_140944.csv,104,12,joint_4_1,-1,0.3,-0.3,0.3201460838317871,0.8374089751068793,-0.0860447321233204,-0.9234537072301997,-2.8844760372436906,lower_limit,-0.009272481166149404,-0.3092724811661494,60,,-0.29568077141572274,-0.004319228584277246
hand_friction_sweep_joint12_joint_4_1_20260811_140944.csv,105,12,joint_4_1,1,0.3,0.3,0.3473589420318604,-0.213279234593707,0.7093018080104955,0.9225810426042025,2.6559875994773776,upper_limit,-0.0038523511594184432,0.29614764884058153,65,,0.2960143995528393,0.003985600447160675
hand_friction_sweep_joint12_joint_4_1_20260811_140944.csv,106,12,joint_4_1,-1,0.3,-0.3,0.32610893249511724,0.838107106807677,-0.1036725575684631,-0.94177966437614,-2.8879296778852908,lower_limit,-0.009083153563379643,-0.3090831535633797,61,,-0.2960140127055513,-0.003985987294448712
hand_friction_sweep_joint12_joint_4_1_20260811_140944.csv,107,12,joint_4_1,1,0.3,0.3,0.3463375568389893,-0.2094395102393195,0.721170046924057,0.9306095571633765,2.687001564765361,upper_limit,-0.0040243619298097905,0.2959756380701902,65,,0.29900693261223615,0.0009930673877638352
hand_friction_sweep_joint12_joint_4_1_20260811_140944.csv,108,12,joint_4_1,-1,0.3,-0.3,0.325347900390625,0.8496262798708395,-0.0963421747100869,-0.9459684545809264,-2.9075597335810706,lower_limit,-0.009235975671004072,-0.3092359756710041,61,,-0.2979081139622578,-0.0020918860377421855
hand_friction_sweep_joint12_joint_4_1_20260811_140944.csv,109,12,joint_4_1,1,0.3,0.3,0.3518037796020507,-0.2136283004441059,0.7093018080104955,0.9229301084546013,2.6234229475834243,upper_limit,-0.003866532681841617,0.29613346731815837,66,,0.2928722409653928,0.007127759034607162
hand_friction_sweep_joint12_joint_4_1_20260811_140944.csv,110,12,joint_4_1,-1,0.3,-0.3,0.3240709304809571,0.8480554835440447,-0.0890117918517107,-0.9370672753957554,-2.8915499270639424,lower_limit,-0.009359662583595177,-0.3093596625835952,61,,-0.2963633300292076,-0.003636669970792372
hand_friction_sweep_joint12_joint_4_1_20260811_140944.csv,111,12,joint_4_1,1,0.3,0.3,0.34720206260681147,-0.2090904443889206,0.7279768310068347,0.9370672753957554,2.698910451050333,upper_limit,-0.0040431271301531934,0.2959568728698467,65,,0.300156019340665,-0.00015601934066500345
hand_friction_sweep_joint12_joint_4_1_20260811_140944.csv,112,12,joint_4_1,-1,0.3,-0.3,0.3235609531402588,0.8546877347016231,-0.0809832772925368,-0.9356710119941599,-2.8917921118515206,lower_limit,-0.009468820085332183,-0.3094688200853323,61,,-0.2963866984046018,-0.0036133015953981884
hand_friction_sweep_joint12_joint_4_1_20260811_140944.csv,113,12,joint_4_1,1,0.3,0.3,0.3435289859771728,-0.2113593724165132,0.7004006288253244,0.9117600012418376,2.654099183649159,upper_limit,-0.003698940289366601,0.29630105971063336,65,,0.295832186580607,0.004167813419392985
hand_friction_sweep_joint12_joint_4_1_20260811_140944.csv,114,12,joint_4_1,-1,0.3,-0.3,0.32473444938659674,0.8326965861264946,-0.0944223125328932,-0.9271188986593878,-2.855006299487652,lower_limit,-0.00919552135592465,-0.30919552135592465,61,,-0.29283724064924993,-0.007162759350750059
hand_friction_sweep_joint12_joint_4_1_20260811_140944.csv,115,12,joint_4_1,1,0.3,0.3,0.34709334373474116,-0.2106612407157155,0.7157595262428744,0.9264207669585899,2.6690824923067025,upper_limit,-0.0038750724025274855,0.2961249275974725,65,,0.29727792388251273,0.00272207611748726
hand_friction_sweep_joint12_joint_4_1_20260811_140944.csv,116,12,joint_4_1,-1,0.3,-0.3,0.3204452991485595,0.8477064176936457,-0.0759218224617533,-0.923628240155399,-2.8823273195441756,lower_limit,-0.009403244585554875,-0.3094032445855549,60,,-0.29547344195328856,-0.004526558046711426
hand_friction_sweep_joint12_joint_4_1_20260811_140944.csv,117,12,joint_4_1,1,0.3,0.3,0.3475735187530518,-0.213279234593707,0.7199483164476609,0.9332275510413679,2.684978862570996,upper_limit,-0.0038743390945808853,0.2961256609054191,65,,0.29881176236780765,0.001188237632192335
hand_friction_sweep_joint12_joint_4_1_20260811_140944.csv,118,12,joint_4_1,-1,0.3,-0.3,0.3227953910827637,0.845786555516452,-0.0890117918517107,-0.9347983473681627,-2.8959470091333595,lower_limit,-0.009303555878173931,-0.309303555878174,61,,-0.2967876038469999,-0.0032123961530000633
hand_friction_sweep_joint12_joint_4_1_20260811_140944.csv,119,12,joint_4_1,1,0.3,0.3,0.3469688892364502,-0.2113593724165132,0.7169812567192705,0.9283406291357836,2.6755731073720095,upper_limit,-0.003941542590951972,0.29605845740904796,65,,0.29790420239860677,0.0020957976013932234
hand_friction_sweep_joint12_joint_4_1_20260811_140944.csv,120,12,joint_4_1,-1,0.3,-0.3,0.3301546573638916,0.844564825040056,-0.1085594794740472,-0.9531243045141032,-2.8869024963157908,lower_limit,-0.009221232336321593,-0.30922123233632154,62,,-0.29591490010333515,-0.004085099896664834
hand_friction_sweep_joint13_joint_4_2_20260811_163051.csv,2,13,joint_4_2,-1,0.05,-0.05,5.742990016937256,2.1411699263466435,0.087091929674517,-2.0540779966721265,-0.3576669976117369,lower_limit,-0.005526105086139321,-0.055526105086139296,1049,,-0.048027233713834355,-0.0019727662861656475
hand_friction_sweep_joint13_joint_4_2_20260811_163051.csv,4,13,joint_4_2,-1,0.05,-0.05,5.7237548828125,2.135759405665461,0.0867428638241181,-2.049016541841343,-0.3579846768061652,lower_limit,-0.005462599586001891,-0.05546259958600186,1047,,-0.048057942915845434,-0.0019420570841545692
hand_friction_sweep_joint13_joint_4_2_20260811_163051.csv,6,13,joint_4_2,-1,0.05,-0.05,5.8033506870269775,2.143089788523837,0.0851720674973232,-2.057917721026514,-0.35460854117033774,lower_limit,-0.0055044109844781305,-0.05550441098447809,1063,,-0.04773158087175866,-0.002268419128241342
hand_friction_sweep_joint13_joint_4_2_20260811_163051.csv,8,13,joint_4_2,-1,0.05,-0.05,5.783056974411011,2.1404717946458454,0.0863937979737193,-2.054077996672126,-0.35518896074533807,lower_limit,-0.0054950779592024815,-0.05549507795920246,1057,,-0.047787688486901514,-0.002212311513098489
hand_friction_sweep_joint13_joint_4_2_20260811_163051.csv,10,13,joint_4_2,-1,0.05,-0.05,5.772909879684448,2.1389009983190506,0.085870199198121,-2.0530307991209296,-0.3556318809593386,lower_limit,-0.005432297137505041,-0.05543229713750501,1055,,-0.047830504404862445,-0.0021694955951375577
hand_friction_sweep_joint13_joint_4_2_20260811_163051.csv,12,13,joint_4_2,-1,0.05,-0.05,5.784882545471191,2.143438854374236,0.085870199198121,-2.057568655176115,-0.3556802820114166,lower_limit,-0.005437266911989068,-0.05543726691198905,1059,,-0.04783518320571527,-0.002164816794284735
hand_friction_sweep_joint13_joint_4_2_20260811_163051.csv,14,13,joint_4_2,-1,0.05,-0.05,5.7841644287109375,2.138551932468652,0.0855211333477221,-2.05303079912093,-0.35493990954514926,lower_limit,-0.005347863049332909,-0.055347863049332875,1057,,-0.047763613370394545,-0.002236386629605458
hand_friction_sweep_joint13_joint_4_2_20260811_163051.csv,16,13,joint_4_2,-1,0.05,-0.05,5.828687429428101,2.151990967709008,0.0851720674973232,-2.066818900211685,-0.35459422472659113,lower_limit,-0.0055304165788274155,-0.05553041657882739,1067,,-0.0477301969392544,-0.002269803060745604
hand_friction_sweep_joint13_joint_4_2_20260811_163051.csv,18,13,joint_4_2,-1,0.05,-0.05,5.778003931045532,2.1315706154606744,0.087091929674517,-2.0444786857861574,-0.35383823032744255,lower_limit,-0.0053938884091032984,-0.05539388840910327,1057,,-0.047657116973270214,-0.002342883026729789
hand_friction_sweep_joint13_joint_4_2_20260811_163051.csv,20,13,joint_4_2,-1,0.05,-0.05,5.794970273971558,2.143438854374236,0.0855211333477221,-2.057917721026514,-0.35512135933980016,lower_limit,-0.005425508477750975,-0.05542550847775095,1061,,-0.047781153638994225,-0.0022188463610057774
hand_friction_sweep_joint13_joint_4_2_20260811_163051.csv,21,13,joint_4_2,1,0.1,0.1,2.8249852657318115,0.0801106126665397,2.025454596939419,1.9453439842728795,0.6886209311852601,upper_limit,-0.008369286211629468,0.09163071378837047,518,,0.09684504756452286,0.003154952435477143
hand_friction_sweep_joint13_joint_4_2_20260811_163051.csv,22,13,joint_4_2,-1,0.1,-0.1,2.169260025024414,2.035053907825388,0.0809832772925368,-1.9540706305328515,-0.900800553179815,lower_limit,-0.006656876099417919,-0.1066568760994179,398,,-0.10053050861969308,0.0005305086196930736
hand_friction_sweep_joint13_joint_4_2_20260811_163051.csv,23,13,joint_4_2,1,0.1,0.1,2.8176329135894775,0.0528834763354281,2.027723524967012,1.974840048631584,0.7008862081028748,upper_limit,-0.008191232168722843,0.0918087678312771,516,,0.09803069923196304,0.0019693007680369606
hand_friction_sweep_joint13_joint_4_2_20260811_163051.csv,24,13,joint_4_2,-1,0.1,-0.1,2.153153657913208,2.0361011053765847,0.0851720674973232,-1.9509290378792614,-0.9060798009976034,lower_limit,-0.006666436634378786,-0.10666643663437876,394,,-0.1010408394520122,0.0010408394520121933
hand_friction_sweep_joint13_joint_4_2_20260811_163051.csv,25,13,joint_4_2,1,0.1,0.1,2.802399158477783,0.0548033385126219,2.025454596939419,1.9706512584267972,0.7032014880768171,upper_limit,-0.008203756383534771,0.09179624361646516,514,,0.09825451118338774,0.0017454888166122673
hand_friction_sweep_joint13_joint_4_2_20260811_163051.csv,26,13,joint_4_2,-1,0.1,-0.1,2.165367841720581,2.0457004162625534,0.0790634151153431,-1.9666370011472103,-0.9082230571894606,lower_limit,-0.006663499325116624,-0.10666349932511661,396,,-0.10124802232237834,0.0012480223223783338
hand_friction_sweep_joint13_joint_4_2_20260811_163051.csv,27,13,joint_4_2,1,0.1,0.1,2.810418605804443,0.0514872129338327,2.0284216566678097,1.976934443733977,0.7034305991466732,upper_limit,-0.008177439753610275,0.09182256024638967,514,,0.09827665874057934,0.0017233412594206687
hand_friction_sweep_joint13_joint_4_2_20260811_163051.csv,28,13,joint_4_2,-1,0.1,-0.1,2.1641225814819336,2.042209757758565,0.0790634151153431,-1.9631463426432219,-0.9071326917622714,lower_limit,-0.006629722226767266,-0.10662972222676725,396,,-0.10114261959926417,0.0011426195992641636
hand_friction_sweep_joint13_joint_4_2_20260811_163051.csv,29,13,joint_4_2,1,0.1,0.1,2.8013224601745605,0.0460766922526502,2.024930998163821,1.9788543059111707,0.706400042852568,upper_limit,-0.008199266923429531,0.0918007330765704,512,,0.09856370695848038,0.0014362930415196262
hand_friction_sweep_joint13_joint_4_2_20260811_163051.csv,30,13,joint_4_2,-1,0.1,-0.1,2.160515546798706,2.040289895581371,0.0832522053201295,-1.9570376902612414,-0.9058197674906977,lower_limit,-0.006664541756690425,-0.1066645417566904,396,,-0.10101570270515162,0.001015702705151611
hand_friction_sweep_joint13_joint_4_2_20260811_163051.csv,31,13,joint_4_2,1,0.1,0.1,2.79671573638916,0.0553269372882202,2.028770722518209,1.9734437852299889,0.7056290203372267,upper_limit,-0.008165732870435427,0.0918342671295645,512,,0.09848917426451116,0.0015108257354888438
hand_friction_sweep_joint13_joint_4_2_20260811_163051.csv,32,13,joint_4_2,-1,0.1,-0.1,2.1622354984283447,2.041860691908166,0.0781907504893459,-1.9636699414188201,-0.9081665446923542,lower_limit,-0.006605100119188724,-0.1066051001191887,396,,-0.10124255940972864,0.0012425594097286302
hand_friction_sweep_joint13_joint_4_2_20260811_163051.csv,33,13,joint_4_2,1,0.1,0.1,2.805912256240845,0.0448549617762542,2.0284216566678097,1.9835666948915556,0.7069239925374545,upper_limit,-0.008161490901609662,0.09183850909839027,514,,0.09861435577967807,0.0013856442203219327
hand_friction_sweep_joint13_joint_4_2_20260811_163051.csv,34,13,joint_4_2,-1,0.1,-0.1,2.1604273319244385,2.0388936321797755,0.0809832772925368,-1.9579103548872387,-0.9062606855390947,lower_limit,-0.006618628319937024,-0.106618628319937,396,,-0.10105832507909374,0.0010583250790937304
hand_friction_sweep_joint13_joint_4_2_20260811_163051.csv,35,13,joint_4_2,1,0.1,0.1,2.804103136062622,0.0438077642250576,2.026850860341015,1.9830430961159573,0.707193351989344,upper_limit,-0.008126386680101112,0.09187361331989882,514,,0.09864039404081304,0.0013596059591869658
hand_friction_sweep_joint13_joint_4_2_20260811_163051.csv,36,13,joint_4_2,-1,0.1,-0.1,2.157870292663574,2.0380209675537784,0.0820304748437334,-1.9559904927100449,-0.9064448865903157,lower_limit,-0.0066296146615079906,-0.10662961466150798,396,,-0.10107613130434177,0.001076131304341768
hand_friction_sweep_joint13_joint_4_2_20260811_163051.csv,37,13,joint_4_2,1,0.1,0.1,2.7995676994323735,0.0460766922526502,2.026501794490616,1.980425102237966,0.7074038976230177,upper_limit,-0.00813569710621852,0.09186430289378142,514,,0.09866074692671314,0.0013392530732868613
hand_friction_sweep_joint13_joint_4_2_20260811_163051.csv,38,13,joint_4_2,-1,0.1,-0.1,2.1517112255096436,2.0388936321797755,0.0839503370209272,-1.9549432951588483,-0.9085528169310035,lower_limit,-0.006661792926968641,-0.10666179292696863,394,,-0.1012798993187186,0.0012798993187185942
hand_friction_sweep_joint13_joint_4_2_20260811_163051.csv,39,13,joint_4_2,1,0.1,0.1,2.803980588912964,0.0422369678982627,2.025803662789818,1.9835666948915551,0.7074109937617423,upper_limit,-0.008088407418463818,0.09191159258153613,514,,0.09866143289155256,0.0013385671084474443
hand_friction_sweep_joint13_joint_4_2_20260811_163051.csv,40,13,joint_4_2,-1,0.1,-0.1,2.158696413040161,2.0361011053765847,0.0801106126665397,-1.955990492710045,-0.9060979954820795,lower_limit,-0.006607573244666751,-0.10660757324466673,396,,-0.10104259826438979,0.0010425982643897796
hand_friction_sweep_joint13_joint_4_2_20260811_163051.csv,41,13,joint_4_2,1,0.15,0.15,1.6051447391510008,0.0490437519810406,2.025454596939419,1.9764108449583786,1.2312975875332897,upper_limit,-0.007242456516913272,0.1427575434830867,294,,0.1493041552391204,0.0006958447608795826
hand_friction_sweep_joint13_joint_4_2_20260811_163051.csv,42,13,joint_4_2,-1,0.15,-0.15,1.3925399780273438,2.0568705234753173,0.0813323431429357,-1.9755381803323815,-1.4186581437546277,lower_limit,-0.00724703705385038,-0.15724703705385037,256,,-0.1505904232784313,0.0005904232784313124
hand_friction_sweep_joint13_joint_4_2_20260811_163051.csv,43,13,joint_4_2,1,0.15,0.15,1.625377893447876,0.0092502450355699,2.028770722518209,2.019520477482639,1.2424928908062591,upper_limit,-0.007035648105767329,0.14296435189423262,298,,0.1503863754027787,-0.00038637540277869364
hand_friction_sweep_joint13_joint_4_2_20260811_163051.csv,44,13,joint_4_2,-1,0.15,-0.15,1.3934381008148193,2.065597169735289,0.0740019602845595,-1.9915952094507294,-1.429267082826381,lower_limit,-0.007261097801373798,-0.15726109780137376,256,,-0.151615961175756,0.0016159611757559922
hand_friction_sweep_joint13_joint_4_2_20260811_163051.csv,45,13,joint_4_2,1,0.15,0.15,1.6131117343902588,0.0195476876223364,2.028770722518209,2.0092230348958724,1.245557261819399,upper_limit,-0.007117620110668911,0.14288237988933103,296,,0.15068259999075898,-0.0006825999907589808
hand_friction_sweep_joint13_joint_4_2_20260811_163051.csv,46,13,joint_4_2,-1,0.15,-0.15,1.3845484256744385,2.0610593136801034,0.0855211333477221,-1.9755381803323813,-1.4268465758935525,lower_limit,-0.007351767533321214,-0.1573517675333212,254,,-0.15138197721434724,0.0013819772143472409
hand_friction_sweep_joint13_joint_4_2_20260811_163051.csv,47,13,joint_4_2,1,0.15,0.15,1.602161169052124,0.0280998009571087,2.027374459116613,1.9992746581595044,1.24786113705547,upper_limit,-0.007107312956670001,0.1428926870433299,294,,0.15090530947653494,-0.0009053094765349434
hand_friction_sweep_joint13_joint_4_2_20260811_163051.csv,48,13,joint_4_2,-1,0.15,-0.15,1.37941837310791,2.0687387623888784,0.087091929674517,-1.9816468327143615,-1.4365814399365986,lower_limit,-0.007407211140082559,-0.15740721114008255,254,,-0.15232302060557837,0.002323020605578374
hand_friction_sweep_joint13_joint_4_2_20260811_163051.csv,49,13,joint_4_2,1,0.15,0.15,1.602351188659668,0.0342084533390888,2.035053907825388,2.0008454544862992,1.2486934628606374,upper_limit,-0.007184093557748056,0.1428159064422519,294,,0.1509857681963322,-0.0009857681963321985
hand_friction_sweep_joint13_joint_4_2_20260811_163051.csv,50,13,joint_4_2,-1,0.15,-0.15,1.3847832679748535,2.072578486743266,0.0781907504893459,-1.9943877362539202,-1.4402165179036064,lower_limit,-0.007291751575766185,-0.15729175157576616,254,,-0.15267441391547326,0.002674413915473267
hand_friction_sweep_joint13_joint_4_2_20260811_163051.csv,51,13,joint_4_2,1,0.15,0.15,1.5993332862854002,0.0188495559215387,2.028770722518209,2.00992116659667,1.2567244012440324,upper_limit,-0.007061031395994387,0.14293896860400554,294,,0.15176209763017537,-0.0017620976301753744
hand_friction_sweep_joint13_joint_4_2_20260811_163051.csv,52,13,joint_4_2,-1,0.15,-0.15,1.3857448101043701,2.064899038034491,0.0755727566113544,-1.9893262814231367,-1.4355646630733596,lower_limit,-0.007243991207510381,-0.15724399120751037,254,,-0.15222473149303642,0.002224731493036425
hand_friction_sweep_joint13_joint_4_2_20260811_163051.csv,53,13,joint_4_2,1,0.15,0.15,1.6037659645080566,0.0160570291183478,2.030690584695402,2.0146335555770545,1.256189244666399,upper_limit,-0.007077959812094334,0.14292204018790564,294,,0.15171036546849043,-0.0017103654684904324
hand_friction_sweep_joint13_joint_4_2_20260811_163051.csv,54,13,joint_4_2,-1,0.15,-0.15,1.3819053173065186,2.06838969653848,0.0844739357965255,-1.9839157607419546,-1.4356379817749156,lower_limit,-0.00732152152840049,-0.15732152152840048,254,,-0.15223181901672939,0.0022318190167293916
hand_friction_sweep_joint13_joint_4_2_20260811_163051.csv,55,13,joint_4_2,1,0.15,0.15,1.6040549278259277,0.0218166156499291,2.0315632493213998,2.0097466336714707,1.2529163427061698,upper_limit,-0.007120309528646212,0.1428796904713537,294,,0.1513939827489987,-0.0013939827489987122
hand_friction_sweep_joint13_joint_4_2_20260811_163051.csv,56,13,joint_4_2,-1,0.15,-0.15,1.382800817489624,2.0626301100068987,0.0839503370209272,-1.9786797729859715,-1.4309217552952587,lower_limit,-0.007340721924521516,-0.15734072192452148,254,,-0.15177591395831197,0.0017759139583119754
hand_friction_sweep_joint13_joint_4_2_20260811_163051.csv,57,13,joint_4_2,1,0.15,0.15,1.6133599281311035,0.0195476876223364,2.033483111498593,2.0139354238762563,1.2482865036874782,upper_limit,-0.0070770939713484995,0.14292290602865143,296,,0.15094642853645518,-0.000946428536455185
hand_friction_sweep_joint13_joint_4_2_20260811_163051.csv,58,13,joint_4_2,-1,0.15,-0.15,1.3846089839935303,2.0690878282392773,0.0790634151153431,-1.9900244131239342,-1.4372464978410344,lower_limit,-0.007324719279007499,-0.15732471927900746,254,,-0.1523873099827066,0.0023873099827066147
hand_friction_sweep_joint13_joint_4_2_20260811_163051.csv,59,13,joint_4_2,1,0.15,0.15,1.6116700172424316,0.0230383461263251,2.0299924529946045,2.0069541068682795,1.2452636615416965,upper_limit,-0.007116887647879462,0.14288311235212045,296,,0.15065421843352572,-0.0006542184335257273
hand_friction_sweep_joint13_joint_4_2_20260811_163051.csv,60,13,joint_4_2,-1,0.15,-0.15,1.3894171714782715,2.073800217219662,0.0748746249105567,-1.9989255923091054,-1.4386792054558726,lower_limit,-0.007302503990185467,-0.15730250399018544,256,,-0.15252580601372956,0.0025258060137295646
hand_friction_sweep_joint13_joint_4_2_20260811_163051.csv,61,13,joint_4_2,1,0.2,0.2,1.1433632373809814,0.0127409035395586,2.029294321293807,2.016553417754248,1.7637032150634995,upper_limit,-0.006508814203032572,0.1934911857969674,210,,0.20077038990106835,-0.0007703899010683413
hand_friction_sweep_joint13_joint_4_2_20260811_163051.csv,62,13,joint_4_2,-1,0.2,-0.2,1.031904935836792,2.0847957915072266,0.0801106126665397,-2.004685178840687,-1.94270335301289,lower_limit,-0.007711499973705046,-0.20771149997370505,190,,-0.20124847856283937,0.0012484785628393558
hand_friction_sweep_joint13_joint_4_2_20260811_163051.csv,63,13,joint_4_2,1,0.2,0.2,1.1538145542144775,-0.0120427718387608,2.0296433871442057,2.0416861589829667,1.7695097981953922,upper_limit,-0.006350687758385372,0.19364931224161458,212,,0.20133169683434854,-0.001331696834348528
hand_friction_sweep_joint13_joint_4_2_20260811_163051.csv,64,13,joint_4_2,-1,0.2,-0.2,1.0335280895233154,2.088286450011215,0.0829031394697306,-2.005383310541484,-1.9403278255034253,lower_limit,-0.007699237989205915,-0.20769923798920592,190,,-0.20101884264254455,0.0010188426425445374
hand_friction_sweep_joint13_joint_4_2_20260811_163051.csv,65,13,joint_4_2,1,0.2,0.2,1.1559782028198244,-0.0097738438111682,2.039940829730972,2.04971467354214,1.773143013027571,upper_limit,-0.006473155506746407,0.19352684449325352,212,,0.20168291003995947,-0.001682910039959462
hand_friction_sweep_joint13_joint_4_2_20260811_163051.csv,66,13,joint_4_2,-1,0.2,-0.2,1.0421545505523682,2.096314964570389,0.0767944870877505,-2.0195204774826383,-1.9378320388393848,lower_limit,-0.0077427997560159,-0.20774279975601587,192,,-0.2007775815899266,0.0007775815899265792
hand_friction_sweep_joint13_joint_4_2_20260811_163051.csv,67,13,joint_4_2,1,0.2,0.2,1.1519668102264404,-0.0104719755119659,2.031912315171798,2.042384290683764,1.7729541099211839,upper_limit,-0.006352372140135888,0.19364762785986406,212,,0.20166464927955619,-0.001664649279556174
hand_friction_sweep_joint13_joint_4_2_20260811_163051.csv,68,13,joint_4_2,-1,0.2,-0.2,1.0343875885009766,2.085144857357625,0.0781907504893459,-2.006954106868279,-1.940234133876969,lower_limit,-0.007707390593613711,-0.2077073905936137,190,,-0.20100978572243755,0.0010097857224375395
hand_friction_sweep_joint13_joint_4_2_20260811_163051.csv,69,13,joint_4_2,1,0.2,0.2,1.142155647277832,-0.0033161255787892,2.0296433871442057,2.0329595127229947,1.7799321113267432,upper_limit,-0.006320898362781028,0.1936791016372189,210,,0.20233919409884352,-0.0023391940988435056
hand_friction_sweep_joint13_joint_4_2_20260811_163051.csv,70,13,joint_4_2,-1,0.2,-0.2,1.0349609851837158,2.0837485939560296,0.0671951762017816,-2.016553417754248,-1.9484342372541608,lower_limit,-0.007602296131185045,-0.20760229613118497,190,,-0.20180246788588602,0.0018024678858860055
hand_friction_sweep_joint13_joint_4_2_20260811_163051.csv,71,13,joint_4_2,1,0.2,0.2,1.1506216526031494,-0.0113446401379631,2.030341518845004,2.0416861589829667,1.774420074890722,upper_limit,-0.006344469441769817,0.19365553055823015,212,,0.20180636021052142,-0.0018063602105214127
hand_friction_sweep_joint13_joint_4_2_20260811_163051.csv,72,13,joint_4_2,-1,0.2,-0.2,1.032265901565552,2.0847957915072266,0.077841684638947,-2.0069541068682795,-1.9442220302196351,lower_limit,-0.007721776427186159,-0.20772177642718614,190,,-0.20139528504544674,0.0013952850454467258
hand_friction_sweep_joint13_joint_4_2_20260811_163051.csv,73,13,joint_4_2,1,0.2,0.2,1.1461007595062256,0.0038397243543875,2.035053907825388,2.031214183471001,1.7722823814776185,upper_limit,-0.0064537400489752175,0.19354625995102473,208,,0.20159971507916838,-0.0015997150791683679
hand_friction_sweep_joint13_joint_4_2_20260811_163051.csv,74,13,joint_4_2,-1,0.2,-0.2,1.035952091217041,2.0863665878340214,0.0755727566113544,-2.010793831222667,-1.9410104465935079,lower_limit,-0.007732807689639798,-0.20773280768963973,190,,-0.20108482980607315,0.0010848298060731343
hand_friction_sweep_joint13_joint_4_2_20260811_163051.csv,75,13,joint_4_2,1,0.2,0.2,1.1526472568511963,-0.0085521133347722,2.033483111498593,2.042035224833365,1.7716046368008547,upper_limit,-0.00639821256956993,0.19360178743043002,212,,0.20153419930553348,-0.0015341993055334735
hand_friction_sweep_joint13_joint_4_2_20260811_163051.csv,76,13,joint_4_2,-1,0.2,-0.2,1.0440223217010498,2.098583892597982,0.0759218224617533,-2.0226620701362283,-1.93737435310833,lower_limit,-0.007725613012450201,-0.2077256130124502,192,,-0.20073333832874027,0.0007333383287402573
hand_friction_sweep_joint13_joint_4_2_20260811_163051.csv,77,13,joint_4_2,1,0.2,0.2,1.1553349494934082,-0.0071558499331767,2.032261381022197,2.0394172309553737,1.76521729204991,upper_limit,-0.006401591593777146,0.1935984084062228,212,,0.20091675169262255,-0.0009167516926225361
hand_friction_sweep_joint13_joint_4_2_20260811_163051.csv,78,13,joint_4_2,-1,0.2,-0.2,1.0311660766601562,2.096314964570389,0.0844739357965255,-2.0118410287738633,-1.9510349247426904,lower_limit,-0.007824421851035055,-0.20782442185103503,190,,-0.2020538694219441,0.0020538694219440767
hand_friction_sweep_joint13_joint_4_2_20260811_163051.csv,79,13,joint_4_2,1,0.2,0.2,1.1449096202850342,0.0066322511575784,2.025803662789818,2.0191714116322395,1.763607690823273,upper_limit,-0.006433741423023675,0.1935662585769763,210,,0.20076115582706688,-0.0007611558270668728
hand_friction_sweep_joint13_joint_4_2_20260811_163051.csv,80,13,joint_4_2,-1,0.2,-0.2,1.033646583557129,2.0902063121884087,0.0771435529381493,-2.0130627592502592,-1.9475348646948811,lower_limit,-0.007748359050569526,-0.20774835905056951,190,,-0.20171552793485822,0.001715527934858213
hand_friction_sweep_joint13_joint_4_2_20260811_163051.csv,81,13,joint_4_2,1,0.25,0.25,0.8943634033203125,-0.0062831853071795,2.0312141834710005,2.03749736877818,2.2781537809060586,upper_limit,-0.0060205379213763245,0.24397946207862362,164,,0.2505009565490001,-0.00050095654900012
hand_friction_sweep_joint13_joint_4_2_20260811_163051.csv,82,13,joint_4_2,-1,0.25,-0.25,0.837662935256958,2.107136005932754,0.0652753140245879,-2.041860691908166,-2.4375683893448303,lower_limit,-0.007982553132267547,-0.25798255313226753,154,,-0.2490857642128823,-0.0009142357871176898
hand_friction_sweep_joint13_joint_4_2_20260811_163051.csv,83,13,joint_4_2,1,0.25,0.25,0.9020662307739258,-0.0090757121103705,2.041860691908166,2.0509364040185365,2.2735984720977083,upper_limit,-0.006130010471785694,0.24386998952821423,166,,0.2500606069734786,-6.060697347859412e-05
hand_friction_sweep_joint13_joint_4_2_20260811_163051.csv,84,13,joint_4_2,-1,0.25,-0.25,0.8365402221679688,2.121273172873908,0.0832522053201295,-2.0380209675537784,-2.4362498222405433,lower_limit,-0.008090521946420544,-0.25809052194642057,154,,-0.2489583018411535,-0.001041698158846499
hand_friction_sweep_joint13_joint_4_2_20260811_163051.csv,85,13,joint_4_2,1,0.25,0.25,0.903724431991577,-0.0109955742875642,2.04378055408536,2.0547761283729242,2.273675531649315,upper_limit,-0.006100879651914095,0.24389912034808586,166,,0.25006805611518723,-6.805611518723165e-05
hand_friction_sweep_joint13_joint_4_2_20260811_163051.csv,86,13,joint_4_2,-1,0.25,-0.25,0.8375935554504395,2.1247638313778965,0.0755727566113544,-2.0491910747665423,-2.4465220170713136,lower_limit,-0.00810781550557721,-0.25810781550557726,154,,-0.24995128756917095,-4.871243082904542e-05
hand_friction_sweep_joint13_joint_4_2_20260811_163051.csv,87,13,joint_4_2,1,0.25,0.25,0.9024636745452882,-0.0071558499331767,2.047271212589348,2.054427062522525,2.276465103770144,upper_limit,-0.006131101601713711,0.24386889839828627,166,,0.25033771662580767,-0.00033771662580767137
hand_friction_sweep_joint13_joint_4_2_20260811_163051.csv,88,13,joint_4_2,-1,0.25,-0.25,0.8368525505065918,2.125461963078694,0.0839503370209272,-2.041511626057767,-2.4395117453151456,lower_limit,-0.00811532438304829,-0.2581153243830483,154,,-0.24927362326099928,-0.0007263767390007225
hand_friction_sweep_joint13_joint_4_2_20260811_163051.csv,89,13,joint_4_2,1,0.25,0.25,0.9006950855255128,-0.0123918376891597,2.0441296199357586,2.0565214576249184,2.283260440379816,upper_limit,-0.00610853229958102,0.24389146770041895,166,,0.2509946037255603,-0.0009946037255603168
hand_friction_sweep_joint13_joint_4_2_20260811_163051.csv,90,13,joint_4_2,-1,0.25,-0.25,0.8360254764556885,2.1205750411731104,0.0752236907609556,-2.0453513504121545,-2.4465179686669076,lower_limit,-0.008053534627493598,-0.25805353462749353,154,,-0.24995089622069455,-4.910377930544829e-05
hand_friction_sweep_joint13_joint_4_2_20260811_163051.csv,91,13,joint_4_2,1,0.25,0.25,0.9035568237304688,-0.0113446401379631,2.045002284561756,2.056346924699719,2.2758357534280855,upper_limit,-0.006185712303211528,0.2438142876967884,166,,0.25027687900367507,-0.0002768790036750679
hand_friction_sweep_joint13_joint_4_2_20260811_163051.csv,92,13,joint_4_2,-1,0.25,-0.25,0.8378279209136963,2.1296507532834807,0.080634211442138,-2.049016541841343,-2.4456293359223222,lower_limit,-0.00807839689758298,-0.25807839689758294,154,,-0.2498649944589621,-0.00013500554103790252
hand_friction_sweep_joint13_joint_4_2_20260811_163051.csv,93,13,joint_4_2,1,0.25,0.25,0.9017961025238037,-0.0139626340159546,2.041860691908166,2.0558233259241208,2.2796986149869234,upper_limit,-0.006086167294411759,0.24391383270558822,166,,0.25065029154699475,-0.0006502915469947523
hand_friction_sweep_joint13_joint_4_2_20260811_163051.csv,94,13,joint_4_2,-1,0.25,-0.25,0.8365893363952637,2.115164520491928,0.0771435529381493,-2.0380209675537784,-2.4361067956415763,lower_limit,-0.008068694273239502,-0.2580686942732395,154,,-0.2489444758405917,-0.0010555241594082942
hand_friction_sweep_joint13_joint_4_2_20260811_163051.csv,95,13,joint_4_2,1,0.25,0.25,0.9062304496765138,-0.011693705988362,2.04378055408536,2.0554742600737224,2.2681584588196526,upper_limit,-0.006120885094309774,0.24387911490569023,166,,0.24953473537209955,0.00046526462790044687
hand_friction_sweep_joint13_joint_4_2_20260811_163051.csv,96,13,joint_4_2,-1,0.25,-0.25,0.8366215229034424,2.1231930350511017,0.0825540736193317,-2.04063896143177,-2.4391423189184294,lower_limit,-0.008183540716363211,-0.2581835407163632,154,,-0.2492379117947026,-0.0007620882052974121
hand_friction_sweep_joint13_joint_4_2_20260811_163051.csv,97,13,joint_4_2,1,0.25,0.25,0.903918981552124,-0.0123918376891597,2.0415116260577677,2.0539034637469276,2.272220747284407,upper_limit,-0.006104513646571288,0.24389548635342864,166,,0.24992742598350695,7.257401649304884e-05
hand_friction_sweep_joint13_joint_4_2_20260811_163051.csv,98,13,joint_4_2,-1,0.25,-0.25,0.8361039161682129,2.127730891106287,0.080634211442138,-2.047096679664149,-2.448375901701076,lower_limit,-0.008110656253117552,-0.2581106562531176,154,,-0.2501304976609841,0.00013049766098410798
hand_friction_sweep_joint13_joint_4_2_20260811_163051.csv,99,13,joint_4_2,1,0.25,0.25,0.9021067619323729,-0.0123918376891597,2.0453513504121545,2.0577431881013144,2.2810417513039045,upper_limit,-0.006119996554516669,0.2438800034454833,166,,0.2507801289591074,-0.0007801289591073957
hand_friction_sweep_joint13_joint_4_2_20260811_163051.csv,100,13,joint_4_2,-1,0.25,-0.25,0.8368980884552002,2.1273818252558883,0.0736528944341607,-2.0537289308217277,-2.453977323108279,lower_limit,-0.008071133724504811,-0.2580711337245048,154,,-0.2506719721565128,0.0006719721565128234
hand_friction_sweep_joint13_joint_4_2_20260811_163051.csv,101,13,joint_4_2,1,0.3,0.3,0.7381255626678467,-0.0104719755119659,2.039591763880573,2.050063739392539,2.777391602565401,upper_limit,-0.005836475017552545,0.2941635249824474,136,,0.2987609477155688,0.0012390522844311636
hand_friction_sweep_joint13_joint_4_2_20260811_163051.csv,102,13,joint_4_2,-1,0.3,-0.3,0.7056121826171875,2.147802177504221,0.071383966406568,-2.076418211097653,-2.9427187657049885,lower_limit,-0.008413716910010338,-0.3084137169100104,130,,-0.29791730630218527,-0.0020826936978147192
hand_friction_sweep_joint13_joint_4_2_20260811_163051.csv,103,13,joint_4_2,1,0.3,0.3,0.7371277809143068,-0.0109955742875642,2.0284216566678097,2.0394172309553737,2.766707867699348,upper_limit,-0.005664284618370837,0.2943357153816291,136,,0.29772817950792796,0.0022718204920720297
hand_friction_sweep_joint13_joint_4_2_20260811_163051.csv,104,13,joint_4_2,-1,0.3,-0.3,0.7062537670135498,2.136981136141857,0.0591666616426077,-2.0778144744992493,-2.9420225017495523,lower_limit,-0.008224590607184858,-0.3082245906071848,130,,-0.2978500003191825,-0.0021499996808174715
hand_friction_sweep_joint13_joint_4_2_20260811_163051.csv,105,13,joint_4_2,1,0.3,0.3,0.7382440567016602,-0.0059341194567807,2.0361011053765847,2.0420352248333655,2.7660706595550617,upper_limit,-0.005761504892142392,0.29423849510785755,136,,0.2976665822929727,0.0023334177070272744
hand_friction_sweep_joint13_joint_4_2_20260811_163051.csv,106,13,joint_4_2,-1,0.3,-0.3,0.7061028480529785,2.143438854374236,0.0614355896702003,-2.082003264704036,-2.948583581619861,lower_limit,-0.00823734000692852,-0.30823734000692854,130,,-0.29848424244357086,-0.0015157575564291315
hand_friction_sweep_joint13_joint_4_2_20260811_163051.csv,107,13,joint_4_2,1,0.3,0.3,0.736015796661377,-0.0059341194567807,2.033483111498593,2.0394172309553737,2.7708878535030412,upper_limit,-0.005718207791679554,0.2942817922083204,136,,0.29813224760776086,0.0018677523922391304
hand_friction_sweep_joint13_joint_4_2_20260811_163051.csv,108,13,joint_4_2,-1,0.3,-0.3,0.7048327922821045,2.143089788523837,0.0553269372882202,-2.087762851235617,-2.9620682722151273,lower_limit,-0.008254088483335162,-0.3082540884833352,130,,-0.2997877715849498,-0.0002122284150501974
hand_friction_sweep_joint13_joint_4_2_20260811_163051.csv,109,13,joint_4_2,1,0.3,0.3,0.7388834953308105,-0.0071558499331767,2.0488420089161434,2.05599785884932,2.7825738047225097,upper_limit,-0.005811395007584384,0.2941886049924156,136,,0.2992618974022216,0.0007381025977784006
hand_friction_sweep_joint13_joint_4_2_20260811_163051.csv,110,13,joint_4_2,-1,0.3,-0.3,0.7053544521331788,2.143089788523837,0.0694641042293743,-2.0736256842944627,-2.9398349695295307,lower_limit,-0.008366806959365435,-0.30836680695936547,130,,-0.2976385374030438,-0.0023614625969561875
hand_friction_sweep_joint13_joint_4_2_20260811_163051.csv,111,13,joint_4_2,1,0.3,0.3,0.7375168800354004,-0.0071558499331767,2.0441296199357586,2.0512854698689353,2.7813403671119703,upper_limit,-0.0057798805924580065,0.29422011940754195,136,,0.2991426642720246,0.0008573357279753613
hand_friction_sweep_joint13_joint_4_2_20260811_163051.csv,112,13,joint_4_2,-1,0.3,-0.3,0.7140536308288574,2.1500711055318145,0.0432841654494593,-2.106786940082355,-2.950460370374203,lower_limit,-0.008235059739707925,-0.30823505973970794,132,,-0.2986656666161326,-0.0013343333838674032
hand_friction_sweep_joint13_joint_4_2_20260811_163051.csv,113,13,joint_4_2,1,0.3,0.3,0.7380938529968262,-0.0113446401379631,2.0457004162625534,2.0570450564005163,2.7869694999469963,upper_limit,-0.005817248659971436,0.2941827513400285,136,,0.29968681755750864,0.0003131824424913443
hand_friction_sweep_joint13_joint_4_2_20260811_163051.csv,114,13,joint_4_2,-1,0.3,-0.3,0.7041547298431396,2.152689099409806,0.0787143492649442,-2.0739747501448615,-2.945339514522424,lower_limit,-0.00851164483023814,-0.3085116448302382,130,,-0.2981706471135021,-0.0018293528864978814
hand_friction_sweep_joint13_joint_4_2_20260811_163051.csv,115,13,joint_4_2,1,0.3,0.3,0.737299919128418,-0.0109955742875642,2.046398547963351,2.057394122250915,2.790443981986348,upper_limit,-0.005813644479923344,0.2941863555200766,136,,0.3000226864866098,-2.2686486609801992e-05
hand_friction_sweep_joint13_joint_4_2_20260811_163051.csv,116,13,joint_4_2,-1,0.3,-0.3,0.7040472030639648,2.1530381652602046,0.080634211442138,-2.0724039538180667,-2.9435582512068903,lower_limit,-0.00846262368953656,-0.3084626236895366,130,,-0.2979984571308056,-0.002001542869194406
hand_friction_sweep_joint13_joint_4_2_20260811_163051.csv,117,13,joint_4_2,1,0.3,0.3,0.7380092144012451,-0.0109955742875642,2.042209757758565,2.053205332046129,2.7820863100089026,upper_limit,-0.005725049477007564,0.29427495052299235,136,,0.29921477258604834,0.0007852274139516502
hand_friction_sweep_joint13_joint_4_2_20260811_163051.csv,118,13,joint_4_2,-1,0.3,-0.3,0.7058944702148438,2.1472785787286237,0.071383966406568,-2.0758946123220556,-2.940800218608092,lower_limit,-0.008319075132749909,-0.3083190751327499,130,,-0.2977318454618164,-0.0022681545381835755
hand_friction_sweep_joint13_joint_4_2_20260811_163051.csv,119,13,joint_4_2,1,0.3,0.3,0.7280128002166748,-0.012915436464758,2.026501794490616,2.039417230955374,2.801348039963573,upper_limit,-0.005694096785661959,0.29430590321433797,134,,0.3010767527428713,-0.0010767527428713342
hand_friction_sweep_joint13_joint_4_2_20260811_163051.csv,120,13,joint_4_2,-1,0.3,-0.3,0.7046473026275635,2.135759405665461,0.0598647933434055,-2.0758946123220556,-2.9460051923582764,lower_limit,-0.008189403721074006,-0.30818940372107406,130,,-0.29823499641775003,-0.0017650035822499577
hand_friction_sweep_joint14_joint_4_3_20260811_163616.csv,21,14,joint_4_3,1,0.1,0.1,4.322760105133057,-1.589994948566834,1.487544121474767,3.0775390700416008,0.7119384363678152,upper_limit,0.0014801080226713632,0.10148010802267134,791,,0.09803429958337626,0.00196570041662375
hand_friction_sweep_joint14_joint_4_3_20260811_163616.csv,22,14,joint_4_3,-1,0.1,-0.1,4.555152177810669,1.5166911199830722,-1.4894639836519608,-3.0061551036350327,-0.6599461414876095,lower_limit,0.002368021272126138,-0.0976319787278738,834,,-0.10027336883592708,0.0002733688359270736
hand_friction_sweep_joint14_joint_4_3_20260811_163616.csv,23,14,joint_4_3,1,0.1,0.1,3.904688119888305,-1.502903018892317,1.4856242592975732,2.98852727818989,0.7653690093628728,upper_limit,0.0012261426599470449,0.10122614265994702,714,,0.10277307043597564,-0.002773070435975633
hand_friction_sweep_joint14_joint_4_3_20260811_163616.csv,24,14,joint_4_3,-1,0.1,-0.1,4.511277675628663,1.5154693895066762,-1.488416786100764,-3.00388617560744,-0.6658615123239643,lower_limit,0.0025750928871197333,-0.09742490711288021,826,,-0.10079800455159171,0.0007980045515917078
hand_friction_sweep_joint14_joint_4_3_20260811_163616.csv,25,14,joint_4_3,1,0.1,0.1,3.909735441207886,-1.5002850250143256,1.4878931873251655,2.9881782123394913,0.764291665580399,upper_limit,0.0011957018400621574,0.10119570184006212,716,,0.10267752054705553,-0.0026775205470555286
hand_friction_sweep_joint14_joint_4_3_20260811_163616.csv,26,14,joint_4_3,-1,0.1,-0.1,4.573364019393921,1.5193091138610637,-1.4880677202503652,-3.0073768341114286,-0.6575852745065278,lower_limit,0.0025671208654238346,-0.09743287913457611,838,,-0.10006398295421756,6.398295421755629e-05
hand_friction_sweep_joint14_joint_4_3_20260811_163616.csv,27,14,joint_4_3,1,0.1,0.1,3.938762903213501,-1.5022048871915192,1.4901621153527584,2.9923670025442775,0.7597225514901921,upper_limit,0.001181462375435981,0.10118146237543593,722,,0.10227228467816682,-0.002272284678166814
hand_friction_sweep_joint14_joint_4_3_20260811_163616.csv,28,14,joint_4_3,-1,0.1,-0.1,4.546036005020142,1.5217525748138558,-1.4864969239235704,-3.008249498737426,-0.6617302404590387,lower_limit,0.00249654207994503,-0.09750345792005492,834,,-0.10043160101892731,0.00043160101892730784
hand_friction_sweep_joint14_joint_4_3_20260811_163616.csv,29,14,joint_4_3,1,0.1,0.1,3.932053089141846,-1.5022048871915192,1.489114917801562,2.991319804993081,0.7607526493610807,upper_limit,0.0011852317712845624,0.10118523177128454,720,,0.10236364431539816,-0.00236364431539815
hand_friction_sweep_joint14_joint_4_3_20260811_163616.csv,30,14,joint_4_3,-1,0.1,-0.1,4.5491414070129395,1.5154693895066762,-1.4845770617463765,-3.000046451253053,-0.6594753125563854,lower_limit,0.0025221764564775173,-0.09747782354352244,832,,-0.10023161090052084,0.00023161090052083166
hand_friction_sweep_joint14_joint_4_3_20260811_163616.csv,31,14,joint_4_3,1,0.1,0.1,3.931853771209717,-1.5034266176679154,1.4852751934471744,2.9887018111150896,0.760125372158882,upper_limit,0.0011550141878302704,0.10115501418783027,720,,0.10230801094379732,-0.0023080109437973173
hand_friction_sweep_joint14_joint_4_3_20260811_163616.csv,32,14,joint_4_3,-1,0.1,-0.1,4.566957712173462,1.512153263927887,-1.4837043971203794,-2.9958576610482663,-0.6559854173956227,lower_limit,0.0024862710718185194,-0.09751372892818143,836,,-0.099922091227805,-7.790877219500392e-05
hand_friction_sweep_joint14_joint_4_3_20260811_163616.csv,33,14,joint_4_3,1,0.1,0.1,3.9317705631256104,-1.4990632945379294,1.4852751934471744,2.984338487985104,0.7590316983330448,upper_limit,0.001134948888392159,0.10113494888839211,720,,0.10221101273925615,-0.0022110127392561407
hand_friction_sweep_joint14_joint_4_3_20260811_163616.csv,34,14,joint_4_3,-1,0.1,-0.1,4.533163785934448,1.5154693895066762,-1.4849261275967751,-3.0003955171034513,-0.6618767065979642,lower_limit,0.002479759817775311,-0.09752024018222463,830,,-0.10044459113733942,0.0004445911373394118
hand_friction_sweep_joint14_joint_4_3_20260811_163616.csv,35,14,joint_4_3,1,0.1,0.1,3.933419942855835,-1.5015067554907215,1.4913838458291544,2.9928906013198757,0.7608876358995897,upper_limit,0.0011287525627524453,0.10112875256275243,720,,0.1023756163051846,-0.002375616305184597
hand_friction_sweep_joint14_joint_4_3_20260811_163616.csv,36,14,joint_4_3,-1,0.1,-0.1,4.578584909439088,1.5201817784870608,-1.4864969239235704,-3.006678702410631,-0.6566829625048872,lower_limit,0.0024866221200511474,-0.09751337787994878,838,,-0.09998395667761895,-1.6043322381059655e-05
hand_friction_sweep_joint14_joint_4_3_20260811_163616.csv,37,14,joint_4_3,1,0.1,0.1,3.9311933517456055,-1.4999359591639267,1.4852751934471744,2.985211152611101,0.7593651305107009,upper_limit,0.0011816143694673958,0.10118161436946735,720,,0.10224058492230087,-0.0022405849223008645
hand_friction_sweep_joint14_joint_4_3_20260811_163616.csv,38,14,joint_4_3,-1,0.1,-0.1,4.53975510597229,1.512153263927887,-1.4864969239235704,-2.9986501878514575,-0.6605312660822988,lower_limit,0.0025453843351214683,-0.09745461566487848,832,,-0.10032526368224866,0.00032526368224865265
hand_friction_sweep_joint14_joint_4_3_20260811_163616.csv,39,14,joint_4_3,1,0.1,0.1,3.934783935546875,-1.5018558213411204,1.4856242592975732,2.9874800806386936,0.7592488252403825,upper_limit,0.0011497748919913659,0.10114977489199133,722,,0.10223026977885222,-0.002230269778852212
hand_friction_sweep_joint14_joint_4_3_20260811_163616.csv,40,14,joint_4_3,-1,0.1,-0.1,4.521517515182495,1.5128513956286846,-1.4906857141283567,-3.0035371097570414,-0.6642763407797645,lower_limit,0.0024762450103939277,-0.09752375498960603,828,,-0.10065741529175506,0.0006574152917550591
hand_friction_sweep_joint14_joint_4_3_20260811_163616.csv,41,14,joint_4_3,1,0.15,0.15,2.247162103652954,-1.5018558213411204,1.4974924982111346,2.9993483195522552,1.3347271719634992,upper_limit,0.0014133093406193452,0.1514133093406193,412,,0.15326958796108178,-0.003269587961081788
hand_friction_sweep_joint14_joint_4_3_20260811_163616.csv,42,14,joint_4_3,-1,0.15,-0.15,2.4473769664764404,1.5496778428457652,-1.490336648277958,-3.0400144911237232,-1.2421521215428126,lower_limit,0.0017197672232014945,-0.14828023277679844,448,,-0.15190936249726888,0.0019093624972688905
hand_friction_sweep_joint14_joint_4_3_20260811_163616.csv,43,14,joint_4_3,1,0.15,0.15,2.2819366455078125,-1.5301301552234283,1.4901621153527584,3.0202922705761868,1.3235653481098568,upper_limit,0.0014883385592335935,0.15148833855923358,418,,0.15227964301805486,-0.002279643018054861
hand_friction_sweep_joint14_joint_4_3_20260811_163616.csv,44,14,joint_4_3,-1,0.15,-0.15,2.450455904006958,1.5496778428457652,-1.497667031136334,-3.047344873982099,-1.2435828243222475,lower_limit,0.0017082458818014038,-0.1482917541181985,444,,-0.15203625188381067,0.0020362518838106802
hand_friction_sweep_joint14_joint_4_3_20260811_163616.csv,45,14,joint_4_3,1,0.15,0.15,2.302631139755249,-1.533969879577816,1.4856242592975732,3.019594138875389,1.311366847577831,upper_limit,0.0015750507990579966,0.15157505079905798,420,,0.1511977549617181,-0.0011977549617181171
hand_friction_sweep_joint14_joint_4_3_20260811_163616.csv,46,14,joint_4_3,-1,0.15,-0.15,2.4567058086395264,1.5393804002589986,-1.490336648277958,-3.0297170485369564,-1.2332437355267833,lower_limit,0.0017122313852371757,-0.14828776861476275,450,,-0.15111927551840815,0.0011192755184081526
hand_friction_sweep_joint14_joint_4_3_20260811_163616.csv,47,14,joint_4_3,1,0.15,0.15,2.279724597930908,-1.5306537539990268,1.4933037080063485,3.0239574620053755,1.3264573557481187,upper_limit,0.00149549529669505,0.151495495296695,418,,0.1525361358971965,-0.0025361358971965065
hand_friction_sweep_joint14_joint_4_3_20260811_163616.csv,48,14,joint_4_3,-1,0.15,-0.15,2.4770441055297856,1.54199839413699,-1.4861478580731715,-3.0281462522101616,-1.222483784382397,lower_limit,0.0017638490546532785,-0.14823615094534667,454,,-0.15016497276625296,0.0001649727662529632
hand_friction_sweep_joint14_joint_4_3_20260811_163616.csv,49,14,joint_4_3,1,0.15,0.15,2.268484592437744,-1.5310028198494257,1.494001839707146,3.0250046595565716,1.3334913843544605,upper_limit,0.0015001884185338898,0.15150018841853383,416,,0.15315998564964375,-0.0031599856496437595
hand_friction_sweep_joint14_joint_4_3_20260811_163616.csv,50,14,joint_4_3,-1,0.15,-0.15,2.4570858478546143,1.5446163880149817,-1.4945254384827442,-3.039141826497726,-1.2368887432855997,lower_limit,0.0017566143876019242,-0.148243385612398,450,,-0.1514425521661539,0.0014425521661539098
hand_friction_sweep_joint14_joint_4_3_20260811_163616.csv,51,14,joint_4_3,1,0.15,0.15,2.270214796066284,-1.5332717478770184,1.4910347799787556,3.024306527855774,1.332167569824733,upper_limit,0.001523388580723626,0.15152338858072356,416,,0.15304257620864264,-0.00304257620864265
hand_friction_sweep_joint14_joint_4_3_20260811_163616.csv,52,14,joint_4_3,-1,0.15,-0.15,2.440589666366577,1.5442673221645826,-1.4922565104551515,-3.036523832619734,-1.2441763047945509,lower_limit,0.0017596768770042567,-0.14824032312299568,448,,-0.15208888781500307,0.0020888878150030765
hand_friction_sweep_joint14_joint_4_3_20260811_163616.csv,53,14,joint_4_3,1,0.15,0.15,2.2800514698028564,-1.544790920940181,1.4929546421559494,3.0377455630961303,1.3323144689180142,upper_limit,0.0015562110924087647,0.15155621109240872,418,,0.1530556047258846,-0.003055604725884592
hand_friction_sweep_joint14_joint_4_3_20260811_163616.csv,54,14,joint_4_3,-1,0.15,-0.15,2.419390439987183,1.5451399867905795,-1.4945254384827442,-3.0396654252733235,-1.2563765546206864,lower_limit,0.0017432855643860037,-0.14825671443561395,444,,-0.15317093101667095,0.003170931016670958
hand_friction_sweep_joint14_joint_4_3_20260811_163616.csv,55,14,joint_4_3,1,0.15,0.15,2.2764718532562256,-1.5297810893730297,1.4945254384827442,3.024306527855774,1.3285060052597877,upper_limit,0.0014898836830247303,0.15148988368302468,418,,0.15271783113362952,-0.002717831133629528
hand_friction_sweep_joint14_joint_4_3_20260811_163616.csv,56,14,joint_4_3,-1,0.15,-0.15,2.450151681900025,1.550026908696164,-1.4957471689591402,-3.045774077655304,-1.2430961316212843,lower_limit,0.0017178520559428465,-0.1482821479440571,450,,-0.15199308698670747,0.0019930869867074708
hand_friction_sweep_joint14_joint_4_3_20260811_163616.csv,57,14,joint_4_3,1,0.15,0.15,2.2791874408721924,-1.53588974175501,1.4901621153527584,3.0260518571077686,1.327688895982056,upper_limit,0.0015270400993080669,0.15152704009930804,418,,0.15264536150787683,-0.0026453615078768367
hand_friction_sweep_joint14_joint_4_3_20260811_163616.csv,58,14,joint_4_3,-1,0.15,-0.15,2.452094793319702,1.5442673221645826,-1.4842279958959776,-3.0284953180605605,-1.2350645359678425,lower_limit,0.0016829813186998199,-0.14831701868130012,450,,-0.15128076276390875,0.0012807627639087604
hand_friction_sweep_joint14_joint_4_3_20260811_163616.csv,59,14,joint_4_3,1,0.15,0.15,2.2685725688934326,-1.5297810893730297,1.492081977529952,3.0218630669029816,1.3320548385088646,upper_limit,0.0015372598248747853,0.15153725982487476,416,,0.15303257804010603,-0.0030325780401060376
hand_friction_sweep_joint14_joint_4_3_20260811_163616.csv,60,14,joint_4_3,-1,0.15,-0.15,2.4212067127227783,1.543220124613386,-1.4852751934471744,-3.0284953180605605,-1.2508206350769833,lower_limit,0.0017117538708496327,-0.14828824612915031,444,,-0.1526781751258531,0.0026781751258531106
hand_friction_sweep_joint14_joint_4_3_20260811_163616.csv,61,14,joint_4_3,1,0.2,0.2,1.5925872325897217,-1.529082957672232,1.488765851951163,3.017848809623395,1.8949346998820538,upper_limit,0.0017141546909079516,0.20171415469090795,292,,0.2029545334126824,-0.0029545334126823974
hand_friction_sweep_joint14_joint_4_3_20260811_163616.csv,62,14,joint_4_3,-1,0.2,-0.2,1.6866710186004639,1.558579022030936,-1.499586893313528,-3.058165915344464,-1.8131371687894506,lower_limit,0.001310064954633525,-0.19868993504536644,310,,-0.20255016882762092,0.002550168827620908
hand_friction_sweep_joint14_joint_4_3_20260811_163616.csv,63,14,joint_4_3,1,0.2,0.2,1.6228992938995361,-1.5700981950940986,1.4971434323607358,3.0672416274548344,1.8899765616909,upper_limit,0.0017923773937957377,0.2017923773937957,298,,0.20251479489919927,-0.0025147948991992575
hand_friction_sweep_joint14_joint_4_3_20260811_163616.csv,64,14,joint_4_3,-1,0.2,-0.2,1.7193973064422607,1.5592771537317338,-1.488416786100764,-3.047693939832498,-1.7725361837042304,lower_limit,0.0013723000098569483,-0.19862769999014301,316,,-0.19894925732838506,-0.0010507426716149515
hand_friction_sweep_joint14_joint_4_3_20260811_163616.csv,65,14,joint_4_3,1,0.2,0.2,1.674043416976929,-1.5528194354993547,1.4852751934471744,3.038094628946529,1.8148242740519072,upper_limit,0.001738891699558981,0.20173889169955897,306,,0.19584951975414763,0.004150480245852378
hand_friction_sweep_joint14_joint_4_3_20260811_163616.csv,66,14,joint_4_3,-1,0.2,-0.2,1.7555696964263916,1.5592771537317338,-1.494874504333143,-3.054151658064877,-1.7396926275737483,lower_limit,0.0013917244702329123,-0.19860827552976706,322,,-0.19603635413902123,-0.003963645860978776
hand_friction_sweep_joint14_joint_4_3_20260811_163616.csv,67,14,joint_4_3,1,0.2,0.2,1.699995994567871,-1.559800752507332,1.486322390998371,3.046123143505703,1.7918413650615743,upper_limit,0.001779178130681106,0.20177917813068108,312,,0.19381115982038075,0.006188840179619265
hand_friction_sweep_joint14_joint_4_3_20260811_163616.csv,68,14,joint_4_3,-1,0.2,-0.2,1.7657089233398438,1.558579022030936,-1.490336648277958,-3.0489156703088938,-1.7267374197451868,lower_limit,0.0014053948474512321,-0.19859460515254873,324,,-0.19488735352371747,-0.00511264647628254
hand_friction_sweep_joint14_joint_4_3_20260811_163616.csv,69,14,joint_4_3,1,0.2,0.2,1.7125420570373535,-1.5531685013497538,1.4910347799787556,3.0442032813285094,1.7775932969464645,upper_limit,0.00173753189439982,0.20173753189439983,314,,0.19254749510362806,0.007452504896371948
hand_friction_sweep_joint14_joint_4_3_20260811_163616.csv,70,14,joint_4_3,-1,0.2,-0.2,1.779468297958374,1.5596262195821329,-1.4926055763055506,-3.0522317958876837,-1.7152493244131302,lower_limit,0.0013960187255728474,-0.1986039812744271,326,,-0.1938684714818485,-0.006131528518151519
hand_friction_sweep_joint14_joint_4_3_20260811_163616.csv,71,14,joint_4_3,1,0.2,0.2,1.7209620475769045,-1.552470369648956,1.4971434323607358,3.0496138020096915,1.7720401250588378,upper_limit,0.0017749955263648618,0.20177499552636485,316,,0.1920549829031133,0.00794501709688672
hand_friction_sweep_joint14_joint_4_3_20260811_163616.csv,72,14,joint_4_3,-1,0.2,-0.2,1.78593111038208,1.558055423255338,-1.4933037080063485,-3.0513591312616866,-1.7085536578221554,lower_limit,0.0013993300294755217,-0.19860066997052445,328,,-0.19327463114098278,-0.006725368859017228
hand_friction_sweep_joint14_joint_4_3_20260811_163616.csv,73,14,joint_4_3,1,0.2,0.2,1.720759630203247,-1.557008225704141,1.4926055763055506,3.0496138020096915,1.7722485746887768,upper_limit,0.0017822903177800917,0.2017822903177801,316,,0.19207347035281147,0.00792652964718854
hand_friction_sweep_joint14_joint_4_3_20260811_163616.csv,74,14,joint_4_3,-1,0.2,-0.2,1.7798118591308596,1.558928087881335,-1.4933037080063485,-3.0522317958876837,-1.7149182258950608,lower_limit,0.0013801835875449987,-0.19861981641245496,326,,-0.19383910627165488,-0.006160893728345135
hand_friction_sweep_joint14_joint_4_3_20260811_163616.csv,75,14,joint_4_3,1,0.2,0.2,1.7218000888824463,-1.5608479500585288,1.5055210127703085,3.0663689628288373,1.7809088189901876,upper_limit,0.0017478416919666365,0.2017478416919666,316,,0.1928415495810786,0.007158450418921408
hand_friction_sweep_joint14_joint_4_3_20260811_163616.csv,76,14,joint_4_3,-1,0.2,-0.2,1.7738726139068604,1.5646876744129163,-1.489114917801562,-3.0538025922144785,-1.7215455993137185,lower_limit,0.0013753703117725122,-0.19862462968822744,326,,-0.1944268896740251,-0.005573110325974906
hand_friction_sweep_joint14_joint_4_3_20260811_163616.csv,77,14,joint_4_3,1,0.2,0.2,1.7091147899627686,-1.5482815794441696,1.4868459897739692,3.0351275692181385,1.775847700249704,upper_limit,0.001791440986803523,0.2017914409868035,314,,0.1923926776969765,0.007607322303023523
hand_friction_sweep_joint14_joint_4_3_20260811_163616.csv,78,14,joint_4_3,-1,0.2,-0.2,1.7888710498809814,1.558055423255338,-1.496794366510337,-3.054849789765675,-1.7076970360546238,lower_limit,0.0014055235338777637,-0.19859447646612222,328,,-0.19319865714264936,-0.006801342857350651
hand_friction_sweep_joint14_joint_4_3_20260811_163616.csv,79,14,joint_4_3,1,0.2,0.2,1.7221829891204834,-1.5646876744129163,1.4933037080063485,3.0579913824192646,1.775648349645456,upper_limit,0.001797525639776659,0.20179752563977663,316,,0.19237499724213752,0.007625002757862487
hand_friction_sweep_joint14_joint_4_3_20260811_163616.csv,80,14,joint_4_3,-1,0.2,-0.2,1.7739214897155762,1.5596262195821329,-1.4913838458291544,-3.0510100654112873,-1.7199239555412764,lower_limit,0.0013631958785552411,-0.19863680412144474,326,,-0.19428306568316395,-0.005716934316836064
hand_friction_sweep_joint14_joint_4_3_20260811_163616.csv,81,14,joint_4_3,1,0.25,0.25,1.3150439262390137,-1.5489797111449672,1.5151203236562774,3.0641000348012444,2.330036262411765,upper_limit,0.0018032061360505618,0.25180320613605056,242,,0.2415437995735931,0.008456200426406907
hand_friction_sweep_joint14_joint_4_3_20260811_163616.csv,82,14,joint_4_3,-1,0.25,-0.25,1.3479506969451904,1.558928087881335,-1.496794366510337,-3.055722454391672,-2.266939333401986,lower_limit,0.0011506038312389683,-0.24884939616876098,248,,-0.2427979960540164,-0.007202003945983609
hand_friction_sweep_joint14_joint_4_3_20260811_163616.csv,83,14,joint_4_3,1,0.25,0.25,1.3146567344665527,-1.5765559133264777,1.4983651628371315,3.0749210761636094,2.3389535804654877,upper_limit,0.001928082476570024,0.25192808247657006,242,,0.24233467873710587,0.007665321262894126
hand_friction_sweep_joint14_joint_4_3_20260811_163616.csv,84,14,joint_4_3,-1,0.25,-0.25,1.2962944507598877,1.5566591598537425,-1.4938273067819463,-3.0504864666356886,-2.353235767419581,lower_limit,0.0010428360664210528,-0.24895716393357892,238,,-0.2504516483224222,0.00045164832242222674
hand_friction_sweep_joint14_joint_4_3_20260811_163616.csv,85,14,joint_4_3,1,0.25,0.25,1.2500941753387451,-1.5861552242124466,1.4840534629707782,3.070208687183225,2.455981915403512,upper_limit,0.0020038359668615026,0.25200383596686143,230,,0.2527139509673297,-0.0027139509673296813
hand_friction_sweep_joint14_joint_4_3_20260811_163616.csv,86,14,joint_4_3,-1,0.25,-0.25,1.262568473815918,1.556135561078144,-1.4837043971203794,-3.0398399581985234,-2.407663442610029,lower_limit,0.0010612940031005241,-0.24893870599689946,232,,-0.25527885241755893,0.005278852417558932
hand_friction_sweep_joint14_joint_4_3_20260811_163616.csv,87,14,joint_4_3,1,0.25,0.25,1.2406845092773438,-1.574985116999683,1.487544121474767,3.0625292384744496,2.468419018351626,upper_limit,0.0019768368060647913,0.2519768368060648,228,,0.2538170007314928,-0.0038170007314928256
hand_friction_sweep_joint14_joint_4_3_20260811_163616.csv,88,14,joint_4_3,-1,0.25,-0.25,1.2738101482391357,1.5592771537317338,-1.4922565104551515,-3.051533664186885,-2.3955953470815126,lower_limit,0.0011023643576289393,-0.24889763564237102,234,,-0.25420853001352617,0.004208530013526168
hand_friction_sweep_joint14_joint_4_3_20260811_163616.csv,89,14,joint_4_3,1,0.25,0.25,1.2514052391052246,-1.5845844278856516,1.502903018892317,3.0874874467779687,2.467216334323143,upper_limit,0.0019593588979909425,0.2519593588979909,230,,0.25371033438487534,-0.0037103343848753356
hand_friction_sweep_joint14_joint_4_3_20260811_163616.csv,90,14,joint_4_3,-1,0.25,-0.25,1.2872035503387451,1.557008225704141,-1.5037756835183145,-3.0607839092224554,-2.377855397009252,lower_limit,0.0011658223375266361,-0.24883417766247332,236,,-0.2526351694145902,0.0026351694145901883
hand_friction_sweep_joint14_joint_4_3_20260811_163616.csv,91,14,joint_4_3,1,0.25,0.25,1.2615725994110107,-1.5934856070708228,1.5063936773963056,3.0998792844671286,2.457154892167416,upper_limit,0.001932046960539018,0.251932046960539,232,,0.25281798256923815,-0.0028179825692381533
hand_friction_sweep_joint14_joint_4_3_20260811_163616.csv,92,14,joint_4_3,-1,0.25,-0.25,1.285278081893921,1.558579022030936,-1.5140731261050808,-3.072652148136017,-2.390651635176344,lower_limit,0.0011469044649090635,-0.2488530955350909,236,,-0.2537700709709471,0.0037700709709471147
hand_friction_sweep_joint14_joint_4_3_20260811_163616.csv,93,14,joint_4_3,1,0.25,0.25,1.2511751651763916,-1.5934856070708228,1.4852751934471744,3.078760800517997,2.46069526170938,upper_limit,0.001999849776249473,0.25199984977624945,230,,0.25313197882741867,-0.003131978827418669
hand_friction_sweep_joint14_joint_4_3_20260811_163616.csv,94,14,joint_4_3,-1,0.25,-0.25,1.2744772434234617,1.557008225704141,-1.4983651628371315,-3.0553733885412724,-2.397354212723345,lower_limit,0.0011157300726167597,-0.2488842699273832,234,,-0.25436452424622746,0.004364524246227464
hand_friction_sweep_joint14_joint_4_3_20260811_163616.csv,95,14,joint_4_3,1,0.25,0.25,1.251617431640625,-1.589994948566834,1.496794366510337,3.086789315077171,2.466240272022255,upper_limit,0.0019528974726052753,0.2519528974726053,230,,0.25362376717583196,-0.00362376717583196
hand_friction_sweep_joint14_joint_4_3_20260811_163616.csv,96,14,joint_4_3,-1,0.25,-0.25,1.306650638580322,1.558579022030936,-1.502903018892317,-3.061482040923253,-2.342999689840245,lower_limit,0.0012011007103790489,-0.2487988992896209,240,,-0.24954380804748472,-0.00045619195251528355
hand_friction_sweep_joint14_joint_4_3_20260811_163616.csv,97,14,joint_4_3,1,0.25,0.25,1.295715570449829,-1.593136541220424,1.4894639836519608,3.082600524872385,2.3790719160704454,upper_limit,0.0019232626817252234,0.2519232626817252,238,,0.24589278393349145,0.0041072160665085455
hand_friction_sweep_joint14_joint_4_3_20260811_163616.csv,98,14,joint_4_3,-1,0.25,-0.25,1.327467679977417,1.558055423255338,-1.504473815219112,-3.06252923847445,-2.307046178726212,lower_limit,0.0011900410491646582,-0.2488099589508353,244,,-0.2463550821745365,-0.0036449178254635006
hand_friction_sweep_joint14_joint_4_3_20260811_163616.csv,99,14,joint_4_3,1,0.25,0.25,1.3175218105316162,-1.5889477510156376,1.5039502164435137,3.0928979674591512,2.3475117775934016,upper_limit,0.0019020411273617992,0.2519020411273618,242,,0.24309370737608957,0.006906292623910432
hand_friction_sweep_joint14_joint_4_3_20260811_163616.csv,100,14,joint_4_3,-1,0.25,-0.25,1.3289732933044434,1.558055423255338,-1.489987582427559,-3.048043005682897,-2.2935321733246044,lower_limit,0.0011453135824733048,-0.24885468641752667,244,,-0.2451565216630306,-0.004843478336969409
hand_friction_sweep_joint14_joint_4_3_20260811_163616.csv,101,14,joint_4_3,1,0.3,0.3,1.0664184093475342,-1.5720180572712923,1.4978415640615337,3.069859621332826,2.878663378674282,upper_limit,0.0019911738599646153,0.3019911738599646,196,,0.29020167542551323,0.00979832457448676
hand_friction_sweep_joint14_joint_4_3_20260811_163616.csv,102,14,joint_4_3,-1,0.3,-0.3,1.0748546123504639,1.5599752854325315,-1.4971434323607358,-3.0571187177932675,-2.8442160294665717,lower_limit,0.0009816276766995394,-0.2990183723233004,198,,-0.29399681028812125,-0.0060031897118787425
hand_friction_sweep_joint14_joint_4_3_20260811_163616.csv,103,14,joint_4_3,1,0.3,0.3,1.0319862365722656,-1.5961036009488143,1.4987142286875306,3.094817829636345,2.9988944813021523,upper_limit,0.002095686619382538,0.30209568661938246,190,,0.30086500192140425,-0.0008650019214042626
hand_friction_sweep_joint14_joint_4_3_20260811_163616.csv,104,14,joint_4_3,-1,0.3,-0.3,1.0446662902832031,1.558055423255338,-1.494874504333143,-3.0529299275884814,-2.9223972822563744,lower_limit,0.0009763687111820479,-0.2990236312888179,192,,-0.30093072510828034,0.0009307251082803503
hand_friction_sweep_joint14_joint_4_3_20260811_163616.csv,105,14,joint_4_3,1,0.3,0.3,1.0214903354644775,-1.5947073375472187,1.4852751934471744,3.079982530994393,3.0151851897785282,upper_limit,0.002127407054171086,0.30212740705417107,188,,0.3023098289215411,-0.002309828921541135
hand_friction_sweep_joint14_joint_4_3_20260811_163616.csv,106,14,joint_4_3,-1,0.3,-0.3,1.0353596210479736,1.5596262195821329,-1.4856242592975732,-3.045250478879706,-2.9412490278473045,lower_limit,0.0008838979839033309,-0.29911610201609656,190,,-0.3026026911292171,0.0026026911292171273
hand_friction_sweep_joint14_joint_4_3_20260811_163616.csv,107,14,joint_4_3,1,0.3,0.3,1.0224487781524658,-1.5938346729212216,1.4906857141283567,3.0845203870495785,3.0167969808944504,upper_limit,0.0020924055172339665,0.302092405517234,188,,0.3024527790778368,-0.0024527790778368086
hand_friction_sweep_joint14_joint_4_3_20260811_163616.csv,108,14,joint_4_3,-1,0.3,-0.3,1.0551319122314453,1.5603243512829306,-1.516342054132673,-3.0766664054156037,-2.9159068830634807,lower_limit,0.0010460773475555768,-0.2989539226524444,194,,-0.30035508998417515,0.0003550899841751609
hand_friction_sweep_joint14_joint_4_3_20260811_163616.csv,109,14,joint_4_3,1,0.3,0.3,1.0327415466308594,-1.5961036009488143,1.5231488382154512,3.1192524391642653,3.020361143928301,upper_limit,0.0020521021393042935,0.30205210213930433,190,,0.30276888558675047,-0.0027688855867504802
hand_friction_sweep_joint14_joint_4_3_20260811_163616.csv,110,14,joint_4_3,-1,0.3,-0.3,1.0340359210968018,1.557008225704141,-1.4852751934471744,-3.0422834191513157,-2.942144810524925,lower_limit,0.0008935761825281721,-0.2991064238174718,190,,-0.302682138318439,0.002682138318438998
hand_friction_sweep_joint14_joint_4_3_20260811_163616.csv,111,14,joint_4_3,1,0.3,0.3,1.0227577686309814,-1.5961036009488143,1.4882422531755646,3.084345854124379,3.0157149119023057,upper_limit,0.002119354674110169,0.30211935467411016,188,,0.3023568101088918,-0.002356810108891827
hand_friction_sweep_joint14_joint_4_3_20260811_163616.csv,112,14,joint_4_3,-1,0.3,-0.3,1.045102596282959,1.556135561078144,-1.5090116712742971,-3.065147232352441,-2.932867302458179,lower_limit,0.0009875440398564108,-0.29901245596014353,192,,-0.3018593138127853,0.0018593138127853126
hand_friction_sweep_joint14_joint_4_3_20260811_163616.csv,113,14,joint_4_3,1,0.3,0.3,1.0218405723571777,-1.5961036009488143,1.4910347799787556,3.08713838092757,3.0211546345298967,upper_limit,0.002089757199559825,0.30208975719955977,188,,0.30283926046622256,-0.0028392604662225707
hand_friction_sweep_joint14_joint_4_3_20260811_163616.csv,114,14,joint_4_3,-1,0.3,-0.3,1.034609317779541,1.5608479500585288,-1.505695545695508,-3.0665434957540367,-2.9639627664821293,lower_limit,0.0009238842157805186,-0.2990761157842194,190,,-0.3046171782769822,0.0046171782769822145
hand_friction_sweep_joint14_joint_4_3_20260811_163616.csv,115,14,joint_4_3,1,0.3,0.3,1.0232322216033936,-1.5934856070708228,1.5002850250143256,3.0937706320851484,3.023527374105991,upper_limit,0.002129067469998325,0.3021290674699983,188,,0.30304969933134657,-0.003049699331346578
hand_friction_sweep_joint14_joint_4_3_20260811_163616.csv,116,14,joint_4_3,-1,0.3,-0.3,1.040407180786133,1.5573572915545402,-1.512153263927887,-3.0695105554824273,-2.9502973568128406,lower_limit,0.0008861560136297463,-0.29911384398637025,190,,-0.3034051896831925,0.0034051896831925332
hand_friction_sweep_joint14_joint_4_3_20260811_163616.csv,117,14,joint_4_3,1,0.3,0.3,1.0336601734161375,-1.5961036009488143,1.5231488382154512,3.1192524391642653,3.0176769110252804,upper_limit,0.0020390400322707167,0.30203904003227067,190,,0.3025308203007278,-0.0025308203007278207
hand_friction_sweep_joint14_joint_4_3_20260811_163616.csv,118,14,joint_4_3,-1,0.3,-0.3,1.0380237102508545,1.5611970159089277,-1.5172147187586704,-3.078411734667598,-2.9656468385713963,lower_limit,0.0009761746216592547,-0.2990238253783407,188,,-0.3047665390508416,0.004766539050841623
hand_friction_sweep_joint14_joint_4_3_20260811_163616.csv,119,14,joint_4_3,1,0.3,0.3,1.0279438495635986,-1.5964526667992132,1.5006340908647244,3.097086757663938,3.0128948764845176,upper_limit,0.0020406980195369355,0.30204069801953687,188,,0.3021067004639447,-0.002106700463944733
hand_friction_sweep_joint14_joint_4_3_20260811_163616.csv,120,14,joint_4_3,-1,0.3,-0.3,1.0319797992706299,1.5627678122357225,-1.487544121474767,-3.050311933710489,-2.955786475536005,lower_limit,0.0008673428073282343,-0.29913265719267174,190,,-0.30389202099256657,0.0038920209925665805
hand_friction_sweep_joint15_joint_4_4_20260811_164227.csv,21,15,joint_4_4,1,0.1,0.1,4.341730833053589,-1.602910385031592,1.488765851951163,3.091676236982755,0.7120838107802145,upper_limit,-0.000700919148166865,0.09929908085183309,794,,0.09969444362824981,0.00030555637175019856
hand_friction_sweep_joint15_joint_4_4_20260811_164227.csv,22,15,joint_4_4,-1,0.1,-0.1,3.915903329849243,1.5283848259714343,-1.484751594671576,-3.0131364206430105,-0.7694613903451524,lower_limit,-0.0006381684938812548,-0.10063816849388121,716,,-0.10118485052932373,0.001184850529323725
hand_friction_sweep_joint15_joint_4_4_20260811_164227.csv,23,15,joint_4_4,1,0.1,0.1,4.232977390289307,-1.5138985931798814,1.4873695885495677,3.001268181729449,0.7090206029955488,upper_limit,-0.0007573091107480863,0.09924269088925185,774,,0.09940250391877947,0.0005974960812205332
hand_friction_sweep_joint15_joint_4_4_20260811_164227.csv,24,15,joint_4_4,-1,0.1,-0.1,3.91608738899231,1.512153263927887,-1.485973325147972,-2.9981265890758593,-0.7655923607586651,lower_limit,-0.0006335963287877676,-0.10063359632878772,716,,-0.1008161117911077,0.0008161117911076876
hand_friction_sweep_joint15_joint_4_4_20260811_164227.csv,25,15,joint_4_4,1,0.1,0.1,4.237090587615967,-1.5273376284202376,1.4861478580731715,3.0134854864934093,0.7112157326305764,upper_limit,-0.000745635600622117,0.09925436439937782,774,,0.09961171124422039,0.00038828875577961997
hand_friction_sweep_joint15_joint_4_4_20260811_164227.csv,26,15,joint_4_4,-1,0.1,-0.1,3.926356554031371,1.5107570005262916,-1.486322390998371,-2.9970793915246627,-0.7633232871954594,lower_limit,-0.000623154639112641,-0.1006231546391126,718,,-0.10059985722289813,0.0005998572228981258
hand_friction_sweep_joint15_joint_4_4_20260811_164227.csv,27,15,joint_4_4,1,0.1,0.1,4.229541778564453,-1.51738925168387,1.4896385165771602,3.0070277682610302,0.710958284772315,upper_limit,-0.0007539046481430926,0.09924609535185686,774,,0.09958717511796711,0.00041282488203289724
hand_friction_sweep_joint15_joint_4_4_20260811_164227.csv,28,15,joint_4_4,-1,0.1,-0.1,3.926949977874756,1.5159929882822745,-1.486322390998371,-3.0023153792806454,-0.7645412842527427,lower_limit,-0.0006275264515663453,-0.10062752645156631,718,,-0.10071593870741871,0.0007159387074187062
hand_friction_sweep_joint15_joint_4_4_20260811_164227.csv,29,15,joint_4_4,1,0.1,0.1,4.2435142993927,-1.5151203236562774,1.4877186543999663,3.0028389780562437,0.7076302249025029,upper_limit,-0.0007528539220385866,0.09924714607796135,776,,0.09926999362072864,0.0007300063792713696
hand_friction_sweep_joint15_joint_4_4_20260811_164227.csv,30,15,joint_4_4,-1,0.1,-0.1,3.9347009658813477,1.5114551322270893,-1.4913838458291544,-3.0028389780562437,-0.7631682824424313,lower_limit,-0.0006257803661468128,-0.10062578036614679,720,,-0.10058508445991676,0.0005850844599167571
hand_friction_sweep_joint15_joint_4_4_20260811_164227.csv,31,15,joint_4_4,1,0.1,0.1,4.24281644821167,-1.52349790406585,1.4861478580731715,3.0096457621390216,0.7093509226418633,upper_limit,-0.0007515724202986634,0.09924842757970127,776,,0.09943398510724477,0.0005660148927552344
hand_friction_sweep_joint15_joint_4_4_20260811_164227.csv,32,15,joint_4_4,-1,0.1,-0.1,3.9180030822753906,1.5111060663766904,-1.4889403848763625,-3.000046451253053,-0.7657080375523257,lower_limit,-0.0006278668739733868,-0.10062786687397338,716,,-0.10082713639404282,0.0008271363940428184
hand_friction_sweep_joint15_joint_4_4_20260811_164227.csv,33,15,joint_4_4,1,0.1,0.1,4.246561050415039,-1.5212289760382576,1.488416786100764,3.0096457621390216,0.7087254195591685,upper_limit,-0.0007556840111203634,0.09924431598887959,778,,0.09937437139473435,0.0006256286052656601
hand_friction_sweep_joint15_joint_4_4_20260811_164227.csv,34,15,joint_4_4,-1,0.1,-0.1,3.924079179763794,1.5140731261050808,-1.484402528821177,-2.998475654926258,-0.7641221080321698,lower_limit,-0.0006313087766668415,-0.10063130877666684,718,,-0.10067598902308339,0.0006759890230833843
hand_friction_sweep_joint15_joint_4_4_20260811_164227.csv,35,15,joint_4_4,1,0.1,0.1,4.264607906341554,-1.5112805993018898,1.485798792222773,2.9970793915246627,0.7027795889671237,upper_limit,-0.0007569849832135134,0.09924301501678644,780,,0.09880770266782304,0.0011922973321769614
hand_friction_sweep_joint15_joint_4_4_20260811_164227.csv,36,15,joint_4_4,-1,0.1,-0.1,3.927121639251709,1.5126768627034852,-1.486322390998371,-2.9989992537018564,-0.7636634484979433,lower_limit,-0.0006314298528473516,-0.10063142985284734,718,,-0.1006322763726265,0.0006322763726265002
hand_friction_sweep_joint15_joint_4_4_20260811_164227.csv,37,15,joint_4_4,1,0.1,0.1,4.244166374206543,-1.5100588688254937,1.489289450726761,2.999348319552255,0.7066990440762327,upper_limit,-0.0007563699867516187,0.09924363001324832,776,,0.09918124722185667,0.0008187527781433335
hand_friction_sweep_joint15_joint_4_4_20260811_164227.csv,38,15,joint_4_4,-1,0.1,-0.1,3.938723087310791,1.5159929882822745,-1.4889403848763625,-3.0049333731586367,-0.7629206995636472,lower_limit,-0.0006280886218240938,-0.10062808862182408,720,,-0.10056148851775969,0.0005614885177596812
hand_friction_sweep_joint15_joint_4_4_20260811_164227.csv,39,15,joint_4_4,1,0.1,0.1,4.234394073486328,-1.5135495273294823,1.4854497263723738,2.9989992537018564,0.7082475560033724,upper_limit,-0.0007491665112886176,0.09925083348871133,774,,0.09932882850066627,0.0006711714993337392
hand_friction_sweep_joint15_joint_4_4_20260811_164227.csv,40,15,joint_4_4,-1,0.1,-0.1,3.9303457736969,1.5152948565814768,-1.4837043971203794,-2.9989992537018564,-0.763037001419085,lower_limit,-0.0006289004268987057,-0.10062890042689868,718,,-0.10057257269234862,0.0005725726923486163
hand_friction_sweep_joint15_joint_4_4_20260811_164227.csv,41,15,joint_4_4,1,0.15,0.15,2.4374279975891113,-1.5100588688254937,1.4838789300455788,2.9939377988710723,1.228318457748254,upper_limit,-0.0006844209821172633,0.1493155790178827,446,,0.14889430320317315,0.0011056967968268439
hand_friction_sweep_joint15_joint_4_4_20260811_164227.csv,42,15,joint_4_4,-1,0.15,-0.15,2.369898796081543,1.5283848259714343,-1.492081977529952,-3.020466803501386,-1.274512991227942,lower_limit,-0.0006730924535440953,-0.15067309245354407,434,,-0.149318907372397,-0.0006810926276029916
hand_friction_sweep_joint15_joint_4_4_20260811_164227.csv,43,15,joint_4_4,1,0.15,0.15,2.468430519104004,-1.548456112369369,1.4938273067819463,3.0422834191513153,1.232476829145513,upper_limit,-0.0006591365195022977,0.14934086348049766,452,,0.14929061772798688,0.0007093822720131149
hand_friction_sweep_joint15_joint_4_4_20260811_164227.csv,44,15,joint_4_4,-1,0.15,-0.15,2.372933387756347,1.5390313344085995,-1.493652773856747,-3.0326841082653466,-1.2780317070479614,lower_limit,-0.00067599074836219,-0.15067599074836216,434,,-0.14965425937801266,-0.0003457406219873338
hand_friction_sweep_joint15_joint_4_4_20260811_164227.csv,45,15,joint_4_4,1,0.15,0.15,2.4600608348846436,-1.547234381892973,1.4896385165771602,3.036872898470133,1.2344706502400529,upper_limit,-0.0006610187207532574,0.14933898127924666,450,,0.14948063929752897,0.0005193607024710223
hand_friction_sweep_joint15_joint_4_4_20260811_164227.csv,46,15,joint_4_4,-1,0.15,-0.15,2.3624789714813232,1.537984136857403,-1.4917329116795532,-3.0297170485369564,-1.2824313295949725,lower_limit,-0.000677706961829984,-0.15067770696182997,432,,-0.15007356639811859,7.356639811859078e-05
hand_friction_sweep_joint15_joint_4_4_20260811_164227.csv,47,15,joint_4_4,1,0.15,0.15,2.4594364166259766,-1.5461871843417765,1.488765851951163,3.0349530362929396,1.2340034553349,upper_limit,-0.0006560389205331068,0.14934396107946682,450,,0.149436113181619,0.0005638868183809875
hand_friction_sweep_joint15_joint_4_4_20260811_164227.csv,48,15,joint_4_4,-1,0.15,-0.15,2.367884397506714,1.537111472231406,-1.4966198335851375,-3.0337313058165436,-1.2811990775440472,lower_limit,-0.000671970192620774,-0.15067197019262074,434,,-0.14995612633821073,-4.387366178926211e-05
hand_friction_sweep_joint15_joint_4_4_20260811_164227.csv,49,15,joint_4_4,1,0.15,0.15,2.470203399658203,-1.5458381184913774,1.5002850250143256,3.046123143505703,1.233146689024551,upper_limit,-0.0006581414086498217,0.1493418585913501,452,,0.1493544588749868,0.0006455411250131937
hand_friction_sweep_joint15_joint_4_4_20260811_164227.csv,50,15,joint_4_4,-1,0.15,-0.15,2.3593475818634033,1.5470598489677736,-1.4856242592975732,-3.0326841082653466,-1.2853909833285966,lower_limit,-0.0006868288780853731,-0.15068682887808538,432,,-0.15035563686537592,0.0003556368653759301
hand_friction_sweep_joint15_joint_4_4_20260811_164227.csv,51,15,joint_4_4,1,0.15,0.15,2.449359655380249,-1.540776663660594,1.4845770617463765,3.0253537254069705,1.235161083331105,upper_limit,-0.0006614437559098896,0.14933855624409004,448,,0.14954644117914456,0.000453558820855432
hand_friction_sweep_joint15_joint_4_4_20260811_164227.csv,52,15,joint_4_4,-1,0.15,-0.15,2.3523988723754883,1.532573616176221,-1.4837043971203794,-3.0162780132966,-1.2822136792859098,lower_limit,-0.0006829891074481627,-0.15068298910744812,430,,-0.1500528231862764,5.2823186276418355e-05
hand_friction_sweep_joint15_joint_4_4_20260811_164227.csv,53,15,joint_4_4,1,0.15,0.15,2.449607372283936,-1.533969879577816,1.4915583787543538,3.02552825833217,1.2351074268327595,upper_limit,-0.0006673916108868968,0.14933260838911305,448,,0.1495413274344562,0.00045867256554379954
hand_friction_sweep_joint15_joint_4_4_20260811_164227.csv,54,15,joint_4_4,-1,0.15,-0.15,2.36051869392395,1.536762406381007,-1.4878931873251655,-3.0246555937061723,-1.281352103455792,lower_limit,-0.0006851373913871887,-0.15068513739138717,432,,-0.14997071050727684,-2.928949272315573e-05
hand_friction_sweep_joint15_joint_4_4_20260811_164227.csv,55,15,joint_4_4,1,0.15,0.15,2.452062129974365,-1.5385077356330012,1.4868459897739692,3.0253537254069705,1.2337997836288916,upper_limit,-0.0006641212530809875,0.14933587874691895,448,,0.14941670220369677,0.0005832977963032282
hand_friction_sweep_joint15_joint_4_4_20260811_164227.csv,56,15,joint_4_4,-1,0.15,-0.15,2.360466480255127,1.535540675904611,-1.494001839707146,-3.029542515611757,-1.2834507674450493,lower_limit,-0.0006746350009119252,-0.15067463500091186,432,,-0.15017072415256943,0.0001707241525694403
hand_friction_sweep_joint15_joint_4_4_20260811_164227.csv,57,15,joint_4_4,1,0.15,0.15,2.458966016769409,-1.5400785319597965,1.497667031136334,3.0377455630961308,1.235375170856213,upper_limit,-0.0006667734815085878,0.14933322651849135,450,,0.14956684483905758,0.0004331551609424167
hand_friction_sweep_joint15_joint_4_4_20260811_164227.csv,58,15,joint_4_4,-1,0.15,-0.15,2.3612930774688725,1.544441855089782,-1.4885913190259634,-3.0330331741157455,-1.2844797636754721,lower_limit,-0.0006846896830989842,-0.15068468968309895,432,,-0.15026879287061706,0.00026879287061706836
hand_friction_sweep_joint15_joint_4_4_20260811_164227.csv,59,15,joint_4_4,1,0.15,0.15,2.461587905883789,-1.5538666330505515,1.4906857141283567,3.044552347178908,1.2368245472370472,upper_limit,-0.0006544491991919579,0.149345550800808,450,,0.14970497798224558,0.00029502201775441494
hand_friction_sweep_joint15_joint_4_4_20260811_164227.csv,60,15,joint_4_4,-1,0.15,-0.15,2.362800359725952,1.5421729270621891,-1.4898130495023596,-3.031985976564549,-1.2832171639402543,lower_limit,-0.0006829022255273033,-0.15068290222552727,432,,-0.1501484605178064,0.00014846051780639802
hand_friction_sweep_joint15_joint_4_4_20260811_164227.csv,61,15,joint_4_4,1,0.2,0.2,1.7255122661590576,-1.5461871843417765,1.4919074446047529,3.0380946289465296,1.7606914123590927,upper_limit,-0.0006122464493130052,0.19938775355068697,316,,0.19963222783139345,0.0003677721686065616
hand_friction_sweep_joint15_joint_4_4_20260811_164227.csv,62,15,joint_4_4,-1,0.2,-0.2,1.6910245418548584,1.5678292670665062,-1.484402528821177,-3.0522317958876832,-1.8049600820930356,lower_limit,-0.0007246078298469008,-0.20072460782984686,310,,-0.1998732871215442,-0.00012671287845580914
hand_friction_sweep_joint15_joint_4_4_20260811_164227.csv,63,15,joint_4_4,1,0.2,0.2,1.7348666191101074,-1.5596262195821329,1.504124749368713,3.063750968950846,1.7659864655891437,upper_limit,-0.0006106132317610832,0.1993893867682389,318,,0.2001368740748998,-0.00013687407489978987
hand_friction_sweep_joint15_joint_4_4_20260811_164227.csv,64,15,joint_4_4,-1,0.2,-0.2,1.7010319232940674,1.568178332916905,-1.4913838458291544,-3.0595621787460594,-1.798650652494036,lower_limit,-0.0007194718825489361,-0.2007194718825489,312,,-0.1992719655091886,-0.0007280344908114078
hand_friction_sweep_joint15_joint_4_4_20260811_164227.csv,65,15,joint_4_4,1,0.2,0.2,1.735985517501831,-1.564164075637318,1.5002850250143256,3.0644491006516437,1.7652503835755136,upper_limit,-0.0005978441611447896,0.19940215583885515,318,,0.2000667216124122,-6.67216124121961e-05
hand_friction_sweep_joint15_joint_4_4_20260811_164227.csv,66,15,joint_4_4,-1,0.2,-0.2,1.7031180858612058,1.5716689914208937,-1.500459557939525,-3.0721285493604187,-1.8038259207416927,lower_limit,-0.000708614335885644,-0.20070861433588563,312,,-0.1997651956179051,-0.00023480438209491639
hand_friction_sweep_joint15_joint_4_4_20260811_164227.csv,67,15,joint_4_4,1,0.2,0.2,1.7369236946105957,-1.5783012425784722,1.4973179652859352,3.075619207864407,1.7707278779186302,upper_limit,-0.0005830107408397056,0.19941698925916027,318,,0.20058875544738736,-0.0005887554473873458
hand_friction_sweep_joint15_joint_4_4_20260811_164227.csv,68,15,joint_4_4,-1,0.2,-0.2,1.6923506259918213,1.569050997542902,-1.484751594671576,-3.0538025922144776,-1.8044739342503342,lower_limit,-0.0007218723205069195,-0.2007218723205069,310,,-0.19982695469164233,-0.00017304530835768328
hand_friction_sweep_joint15_joint_4_4_20260811_164227.csv,69,15,joint_4_4,1,0.2,0.2,1.7350399494171143,-1.5603243512829306,1.496445300659938,3.0567696519428686,1.7617863225395984,upper_limit,-0.0005998824081912437,0.19940011759180873,318,,0.19973657849333454,0.00026342150666547326
hand_friction_sweep_joint15_joint_4_4_20260811_164227.csv,70,15,joint_4_4,-1,0.2,-0.2,1.689450740814209,1.569050997542902,-1.4898130495023596,-3.0588640470452617,-1.8105671702337303,lower_limit,-0.0007236394963274382,-0.2007236394963274,310,,-0.20040767192265477,0.0004076719226547565
hand_friction_sweep_joint15_joint_4_4_20260811_164227.csv,71,15,joint_4_4,1,0.2,0.2,1.7260785102844238,-1.562593279310523,1.4945254384827442,3.0571187177932675,1.7711353797513616,upper_limit,-0.0006013560923233706,0.1993986439076766,316,,0.20062759250155385,-0.0006275925015538364
hand_friction_sweep_joint15_joint_4_4_20260811_164227.csv,72,15,joint_4_4,-1,0.2,-0.2,1.6919026374816892,1.5662584707397111,-1.484751594671576,-3.051010065411287,-1.8033012052942714,lower_limit,-0.0007197792263655519,-0.20071977922636552,310,,-0.19971518749372835,-0.0002848125062716589
hand_friction_sweep_joint15_joint_4_4_20260811_164227.csv,73,15,joint_4_4,1,0.2,0.2,1.7344765663146973,-1.5657348719641129,1.507266342022303,3.073001213986416,1.7717167666990903,upper_limit,-0.0006018104338703446,0.1993981895661296,318,,0.2006830017158616,-0.0006830017158615809
hand_friction_sweep_joint15_joint_4_4_20260811_164227.csv,74,15,joint_4_4,-1,0.2,-0.2,1.6924018859863281,1.5824900327832585,-1.4851006605219748,-3.0675906933052333,-1.8125663405990877,lower_limit,-0.0007327608966271051,-0.2007327608966271,310,,-0.20059820330565978,0.0005982033056597669
hand_friction_sweep_joint15_joint_4_4_20260811_164227.csv,75,15,joint_4_4,1,0.2,0.2,1.72637939453125,-1.5622442134601242,1.499586893313528,3.061831106773652,1.773556332097561,upper_limit,-0.0005968942181179962,0.19940310578188195,316,,0.2008583219114649,-0.0008583219114648988
hand_friction_sweep_joint15_joint_4_4_20260811_164227.csv,76,15,joint_4_4,-1,0.2,-0.2,1.6956303119659424,1.5720180572712923,-1.4913838458291544,-3.0634019031004467,-1.8066449281321746,lower_limit,-0.0007151955301718693,-0.2007151955301719,310,,-0.20003386175367682,3.3861753676811546e-05
hand_friction_sweep_joint15_joint_4_4_20260811_164227.csv,77,15,joint_4_4,1,0.2,0.2,1.7348706722259521,-1.573414320672888,1.504124749368713,3.0775390700416008,1.77392996452751,upper_limit,-0.0005955086279138045,0.19940449137208613,318,,0.20089393103455283,-0.0008939310345528195
hand_friction_sweep_joint15_joint_4_4_20260811_164227.csv,78,15,joint_4_4,-1,0.2,-0.2,1.704512357711792,1.5789993742792698,-1.5077899407979012,-3.086789315077171,-1.8109515610793252,lower_limit,-0.0007076458778418284,-0.20070764587784182,312,,-0.20044430637897465,0.0004443063789746349
hand_friction_sweep_joint15_joint_4_4_20260811_164227.csv,79,15,joint_4_4,1,0.2,0.2,1.7359125614166258,-1.5837117632596545,1.49888876161273,3.0826005248723845,1.7757809888516316,upper_limit,-0.0005774818760688102,0.19942251812393114,318,,0.20107034332565227,-0.0010703433256522565
hand_friction_sweep_joint15_joint_4_4_20260811_164227.csv,80,15,joint_4_4,-1,0.2,-0.2,1.6913731098175049,1.570970859720096,-1.4901621153527584,-3.061132975072854,-1.8098507995099573,lower_limit,-0.000720653099897691,-0.2007206530998977,310,,-0.20033939804909703,0.00033939804909702276
hand_friction_sweep_joint15_joint_4_4_20260811_164227.csv,81,15,joint_4_4,1,0.25,0.25,1.3417510986328127,-1.5680037999917056,1.504473815219112,3.0724776152108175,2.289901322489351,upper_limit,-0.0005613762363785817,0.24943862376362136,246,,0.25006869779130003,-6.869779130003195e-05
hand_friction_sweep_joint15_joint_4_4_20260811_164227.csv,82,15,joint_4_4,-1,0.25,-0.25,1.332371473312378,1.591565744893629,-1.5023794201167189,-3.0939451650103478,-2.3221340496870306,lower_limit,-0.0007297192567854046,-0.2507297192567854,244,,-0.24916266886078617,-0.0008373311392138316
hand_friction_sweep_joint15_joint_4_4_20260811_164227.csv,83,15,joint_4_4,1,0.25,0.25,1.3530375957489014,-1.604481181358387,1.499586893313528,3.1040680746719147,2.294147689927141,upper_limit,-0.0005289551286981579,0.2494710448713018,248,,0.2504733987986226,-0.00047339879862262624
hand_friction_sweep_joint15_joint_4_4_20260811_164227.csv,84,15,joint_4_4,-1,0.25,-0.25,1.3303632736206057,1.5934856070708228,-1.5100588688254937,-3.1035444758963164,-2.3328548956782074,lower_limit,-0.0007294241793925957,-0.2507294241793926,244,,-0.2501844215083238,0.00018442150832381765
hand_friction_sweep_joint15_joint_4_4_20260811_164227.csv,85,15,joint_4_4,1,0.25,0.25,1.3530068397521973,-1.6055283789095836,1.5011576896403227,3.106686068549906,2.2961347845949502,upper_limit,-0.0005346349008103462,0.24946536509918962,248,,0.2506627793045466,-0.0006627793045466124
hand_friction_sweep_joint15_joint_4_4_20260811_164227.csv,86,15,joint_4_4,-1,0.25,-0.25,1.321303129196167,1.591565744893629,-1.4837043971203794,-3.0752701420140083,-2.327452402148545,lower_limit,-0.0007433190754887374,-0.2507433190754887,242,,-0.24966953564280722,-0.0003304643571927779
hand_friction_sweep_joint15_joint_4_4_20260811_164227.csv,87,15,joint_4_4,1,0.25,0.25,1.3402485847473145,-1.5917402778188283,1.4854497263723738,3.077190004191202,2.295984520492043,upper_limit,-0.0005355859571242427,0.2494644140428757,246,,0.25064845835029526,-0.0006484583502952557
hand_friction_sweep_joint15_joint_4_4_20260811_164227.csv,88,15,joint_4_4,-1,0.25,-0.25,1.3205440044403076,1.574286985298885,-1.499761426238727,-3.0740484115376123,-2.3278651837433473,lower_limit,-0.0007320083190242901,-0.25073200831902426,242,,-0.2497088758858898,-0.00029112411411019723
hand_friction_sweep_joint15_joint_4_4_20260811_164227.csv,89,15,joint_4_4,1,0.25,0.25,1.3444337844848633,-1.5997687923780024,1.497667031136334,3.0974358235143367,2.303896152610564,upper_limit,-0.0005310606844328207,0.24946893931556713,247,,0.25140247823548867,-0.001402478235488669
hand_friction_sweep_joint15_joint_4_4_20260811_164227.csv,90,15,joint_4_4,-1,0.25,-0.25,1.3293838500976562,1.5889477510156376,-1.5048228810695108,-3.0937706320851484,-2.327221465687191,lower_limit,-0.0007350009565087869,-0.25073500095650875,244,,-0.2496475261912214,-0.0003524738087785917
hand_friction_sweep_joint15_joint_4_4_20260811_164227.csv,91,15,joint_4_4,1,0.25,0.25,1.3544533252716064,-1.6022122533307943,1.505695545695508,3.107907799026302,2.2945846424077243,upper_limit,-0.0005359600257495524,0.2494640399742504,248,,0.25051504265343144,-0.0005150426534314412
hand_friction_sweep_joint15_joint_4_4_20260811_164227.csv,92,15,joint_4_4,-1,0.25,-0.25,1.3193333148956297,1.592787475370025,-1.4882422531755646,-3.0810297285455897,-2.335292904196333,lower_limit,-0.0007485272585283412,-0.2507485272585283,242,,-0.25041677646055094,0.0004167764605509383
hand_friction_sweep_joint15_joint_4_4_20260811_164227.csv,93,15,joint_4_4,1,0.25,0.25,1.343388080596924,-1.5933110741456231,1.485798792222773,3.079109866368396,2.29204792780372,upper_limit,-0.0005369874186916381,0.24946301258130832,246,,0.25027328049540565,-0.0002732804954056478
hand_friction_sweep_joint15_joint_4_4_20260811_164227.csv,94,15,joint_4_4,-1,0.25,-0.25,1.3292019367218018,1.5950564033976176,-1.5100588688254937,-3.1051152722231112,-2.336074893090532,lower_limit,-0.000728775361826036,-0.25072877536182603,244,,-0.25049130408865516,0.0004913040886551645
hand_friction_sweep_joint15_joint_4_4_20260811_164227.csv,95,15,joint_4_4,1,0.25,0.25,1.3535492420196533,-1.6022122533307943,1.4992378274631288,3.1014500807939234,2.291346324546123,upper_limit,-0.0005363978798151435,0.24946360212018479,248,,0.25020641403854577,-0.0002064140385457658
hand_friction_sweep_joint15_joint_4_4_20260811_164227.csv,96,15,joint_4_4,-1,0.25,-0.25,1.3307373523712158,1.5896458827164353,-1.5062191444711062,-3.0958650271875414,-2.3264282930595415,lower_limit,-0.0007310143895969337,-0.25073101438959694,244,,-0.24957193269487585,-0.00042806730512415236
hand_friction_sweep_joint15_joint_4_4_20260811_164227.csv,97,15,joint_4_4,1,0.25,0.25,1.3515427112579346,-1.604830247208786,1.5030775518175166,3.107907799026303,2.2995261438194947,upper_limit,-0.0005320143975996455,0.24946798560240036,248,,0.25098599356107837,-0.0009859935610783688
hand_friction_sweep_joint15_joint_4_4_20260811_164227.csv,98,15,joint_4_4,-1,0.25,-0.25,1.3290088176727295,1.5919148107440275,-1.505870078620707,-3.0977848893647346,-2.330898672884177,lower_limit,-0.0007295035328302425,-0.25072950353283024,244,,-0.24999798325330005,-2.0167466999454486e-06
hand_friction_sweep_joint15_joint_4_4_20260811_164227.csv,99,15,joint_4_4,1,0.25,0.25,1.3438260555267334,-1.6064010435355809,1.4854497263723738,3.0918507699079547,2.300781977840172,upper_limit,-0.0005259662037056921,0.24947403379629426,246,,0.25110568110593734,-0.0011056811059373395
hand_friction_sweep_joint15_joint_4_4_20260811_164227.csv,100,15,joint_4_4,-1,0.25,-0.25,1.3201038837432861,1.579348440129669,-1.502903018892317,-3.082251459021986,-2.3348552314549327,lower_limit,-0.0007356781697332267,-0.2507356781697332,242,,-0.25037506396112236,0.0003750639611223572
hand_friction_sweep_joint15_joint_4_4_20260811_164227.csv,101,15,joint_4_4,1,0.3,0.3,1.1000380516052246,-1.6067501093859795,1.4934782409315477,3.1002283503175274,2.8182919179873243,upper_limit,-0.0004980118063765125,0.2995019881936234,202,,0.3004270827852074,-0.00042708278520742216
hand_friction_sweep_joint15_joint_4_4_20260811_164227.csv,102,15,joint_4_4,-1,0.3,-0.3,1.0896708965301514,1.5919148107440275,-1.5180873833846678,-3.110002194128695,-2.854074752323754,lower_limit,-0.0007421893627466508,-0.3007421893627466,200,,-0.29985939761702773,-0.0001406023829722547
hand_friction_sweep_joint15_joint_4_4_20260811_164227.csv,103,15,joint_4_4,1,0.3,0.3,1.1012485027313232,-1.5997687923780024,1.496445300659938,3.0962140930379407,2.811548969518407,upper_limit,-0.0004948859402200016,0.29950511405978,202,,0.29978444455908265,0.00021555544091733658
hand_friction_sweep_joint15_joint_4_4_20260811_164227.csv,104,15,joint_4_4,-1,0.3,-0.3,1.0916907787322998,1.5969762655748114,-1.5128513956286846,-3.109827661203496,-2.848634175342866,lower_limit,-0.0007384780914684517,-0.3007384780914684,200,,-0.2993408821995943,-0.000659117800405673
hand_friction_sweep_joint15_joint_4_4_20260811_164227.csv,105,15,joint_4_4,1,0.3,0.3,1.1089260578155518,-1.604481181358387,1.5083135395734997,3.1127947209318867,2.807035418631708,upper_limit,-0.0005068216106005394,0.29949317838939943,204,,0.29935427957284216,0.0006457204271578254
hand_friction_sweep_joint15_joint_4_4_20260811_164227.csv,106,15,joint_4_4,-1,0.3,-0.3,1.0891907215118408,1.5981979960512074,-1.501332222565522,-3.0995302186167293,-2.8457185297304552,lower_limit,-0.0007486553449952857,-0.3007486553449953,200,,-0.2990630059362645,-0.0009369940637354857
hand_friction_sweep_joint15_joint_4_4_20260811_164227.csv,107,15,joint_4_4,1,0.3,0.3,1.1030969619750979,-1.6022122533307943,1.506917276171904,3.1091295295026984,2.8185459997422115,upper_limit,-0.000503770926939044,0.29949622907306095,202,,0.30045129810421867,-0.0004512981042186781
hand_friction_sweep_joint15_joint_4_4_20260811_164227.csv,108,15,joint_4_4,-1,0.3,-0.3,1.0792586803436277,1.59435827169682,-1.4889403848763625,-3.0832986565731826,-2.856867137349763,lower_limit,-0.0007607318661817865,-0.30076073186618174,198,,-0.3001255265023431,0.00012552650234309848
hand_friction_sweep_joint15_joint_4_4_20260811_164227.csv,109,15,joint_4_4,1,0.3,0.3,1.1012656688690186,-1.60360851673239,1.4877186543999663,3.091327171132356,2.8070675936961673,upper_limit,-0.0004897909766278206,0.29951020902337216,202,,0.2993573460246244,0.0006426539753756066
hand_friction_sweep_joint15_joint_4_4_20260811_164227.csv,110,15,joint_4_4,-1,0.3,-0.3,1.0903594493865967,1.5924384095196262,-1.5055210127703085,-3.097959422289935,-2.8412276557356875,lower_limit,-0.0007545218906802869,-0.30075452189068025,200,,-0.2986350021763291,-0.0013649978236708882
hand_friction_sweep_joint15_joint_4_4_20260811_164227.csv,111,15,joint_4_4,1,0.3,0.3,1.1007699966430664,-1.6009905228543984,1.4934782409315477,3.094468763785946,2.8111856002824473,upper_limit,-0.000496585591486565,0.29950341440851336,202,,0.2997498135720149,0.0002501864279850774
hand_friction_sweep_joint15_joint_4_4_20260811_164227.csv,112,15,joint_4_4,-1,0.3,-0.3,1.0804116725921633,1.5954054692480164,-1.4851006605219748,-3.080506129769991,-2.8512336620532133,lower_limit,-0.0007698545765216941,-0.3007698545765216,198,,-0.2995886268673866,-0.0004113731326134129
hand_friction_sweep_joint15_joint_4_4_20260811_164227.csv,113,15,joint_4_4,1,0.3,0.3,1.1009976863861084,-1.6055283789095836,1.5060446115459067,3.1115729904554903,2.826139445096249,upper_limit,-0.0005056328511551674,0.2994943671488448,202,,0.30117499312798884,-0.0011749931279888548
hand_friction_sweep_joint15_joint_4_4_20260811_164227.csv,114,15,joint_4_4,-1,0.3,-0.3,1.088456392288208,1.59435827169682,-1.5151203236562774,-3.1094785953530977,-2.856778293906837,lower_limit,-0.0007412728863688786,-0.30074127288636887,200,,-0.3001170592579576,0.00011705925795763017
hand_friction_sweep_joint15_joint_4_4_20260811_164227.csv,115,15,joint_4_4,1,0.3,0.3,1.1006240844726562,-1.600292391153601,1.504124749368713,3.104417140522314,2.8205971360419015,upper_limit,-0.00050686831887268,0.29949313168112723,202,,0.30064678211232715,-0.00064678211232716
hand_friction_sweep_joint15_joint_4_4_20260811_164227.csv,116,15,joint_4_4,-1,0.3,-0.3,1.0852906703948975,1.5892968168660364,-1.494001839707146,-3.0832986565731826,-2.840988815882185,lower_limit,-0.0007517029047646028,-0.30075170290476455,200,,-0.29861223949017035,-0.0013877605098296386
hand_friction_sweep_joint15_joint_4_4_20260811_164227.csv,117,15,joint_4_4,1,0.3,0.3,1.099757194519043,-1.604481181358387,1.495398103108741,3.099879284467128,2.8186942535282062,upper_limit,-0.000499235464294551,0.2995007645357054,202,,0.30046542746476285,-0.00046542746476285757
hand_friction_sweep_joint15_joint_4_4_20260811_164227.csv,118,15,joint_4_4,-1,0.3,-0.3,1.0907514095306396,1.5908676131928312,-1.5097098029750948,-3.1005774161679263,-2.842606838804942,lower_limit,-0.0007449024715507693,-0.3007449024715508,200,,-0.29876644553011006,-0.0012335544698899303
hand_friction_sweep_joint15_joint_4_4_20260811_164227.csv,119,15,joint_4_4,1,0.3,0.3,1.0998780727386475,-1.602910385031592,1.4922565104551515,3.0951668954867433,2.814100009994667,upper_limit,-0.0004933778965892638,0.29950662210341067,202,,0.300027572047598,-2.757204759801235e-05
hand_friction_sweep_joint15_joint_4_4_20260811_164227.csv,120,15,joint_4_4,-1,0.3,-0.3,1.0905919075012207,1.5924384095196262,-1.5132004614790835,-3.1056388709987095,-2.8476635940884547,lower_limit,-0.0007451066715195597,-0.30074510667151955,200,,-0.29924838073402327,-0.0007516192659767218
hand_friction_sweep_joint16_joint_5_1_20260811_143454.csv,4,16,joint_5_1,-1,0.05,-0.05,6.683550119400024,1.7259560972971923,0.0863937979737193,-1.639562299323473,-0.24531308511690414,lower_limit,0.0,-0.049999999999999996,1229,,-0.0463528179540522,-0.0036471820459478
hand_friction_sweep_joint16_joint_5_1_20260811_143454.csv,6,16,joint_5_1,-1,0.05,-0.05,6.70975923538208,1.7102481340292432,0.0860447321233204,-1.6242034019059228,-0.24206582455911838,lower_limit,0.0,-0.049999999999999996,1233,,-0.04603886229365796,-0.003961137706342044
hand_friction_sweep_joint16_joint_5_1_20260811_143454.csv,8,16,joint_5_1,-1,0.05,-0.05,6.60537314414978,1.713738792533232,0.0869173967493176,-1.6268213957839144,-0.24628758440766527,lower_limit,0.0,-0.049999999999999996,1213,,-0.046447035699422545,-0.0035529643005774575
hand_friction_sweep_joint16_joint_5_1_20260811_143454.csv,10,16,joint_5_1,-1,0.05,-0.05,6.859555006027222,1.7245598338955967,0.0869173967493176,-1.6376424371462792,-0.23873887383472356,lower_limit,0.0,-0.04999999999999999,1259,,-0.045717201930040974,-0.004282798069959029
hand_friction_sweep_joint16_joint_5_1_20260811_143454.csv,12,16,joint_5_1,-1,0.05,-0.05,6.594399929046631,1.702917751170867,0.0869173967493176,-1.6160003544215495,-0.24505646788322388,lower_limit,0.0,-0.049999999999999996,1211,,-0.04632800736936553,-0.003671992630634474
hand_friction_sweep_joint16_joint_5_1_20260811_143454.csv,14,16,joint_5_1,-1,0.05,-0.05,6.529210329055786,1.7041394816472633,0.0872664625997164,-1.6168730190475469,-0.24763684083697898,lower_limit,0.0,-0.04999999999999999,1199,,-0.0465774861778391,-0.003422513822160904
hand_friction_sweep_joint16_joint_5_1_20260811_143454.csv,16,16,joint_5_1,-1,0.05,-0.05,6.83128571510315,1.738347934986352,0.0869173967493176,-1.6514305382370345,-0.24174520099282634,lower_limit,0.0,-0.049999999999999996,1255,,-0.04600786336957969,-0.0039921366304203135
hand_friction_sweep_joint16_joint_5_1_20260811_143454.csv,18,16,joint_5_1,-1,0.05,-0.05,6.77938437461853,1.73904606668715,0.0872664625997164,-1.6517796040874335,-0.24364743357399288,lower_limit,0.0,-0.049999999999999996,1247,,-0.046191777372049145,-0.003808222627950858
hand_friction_sweep_joint16_joint_5_1_20260811_143454.csv,20,16,joint_5_1,-1,0.05,-0.05,6.747181177139283,1.719847444915212,0.0869173967493176,-1.6329300481658944,-0.24201662965544307,lower_limit,0.0,-0.049999999999999996,1241,,-0.04603410597115271,-0.00396589402884729
hand_friction_sweep_joint16_joint_5_1_20260811_143454.csv,21,16,joint_5_1,1,0.1,0.1,1.9642503261566162,-0.0061086523819801,1.5760323145508794,1.5821409669328594,0.8054680942976258,upper_limit,0.0,0.09999999999999999,363,,0.10112577274463991,-0.0011257727446399024
hand_friction_sweep_joint16_joint_5_1_20260811_143454.csv,22,16,joint_5_1,-1,0.1,-0.1,1.869550943374634,1.60360851673239,0.0802851455917391,-1.5233233711406509,-0.8148070939382775,lower_limit,0.0,-0.09999999999999998,344,,-0.10141334187825272,0.001413341878252719
hand_friction_sweep_joint16_joint_5_1_20260811_143454.csv,23,16,joint_5_1,1,0.1,0.1,1.9191009998321533,0.0485201532054423,1.5772540450272754,1.5287338918218332,0.7965885547219963,upper_limit,0.0,0.09999999999999998,354,,0.10026727012008782,-0.0002672701200878147
hand_friction_sweep_joint16_joint_5_1_20260811_143454.csv,24,16,joint_5_1,-1,0.1,-0.1,1.8797838687896729,1.6067501093859795,0.0856956662729215,-1.521054443113058,-0.8091645366083557,lower_limit,0.0,-0.09999999999999998,346,,-0.10086780117361771,0.0008678011736177049
hand_friction_sweep_joint16_joint_5_1_20260811_143454.csv,25,16,joint_5_1,1,0.1,0.1,1.9086611270904545,0.0549778714378213,1.5769049791768766,1.5219271077390553,0.7973794227470158,upper_limit,0.0,0.09999999999999999,352,,0.10034373380036885,-0.0003437338003688395
hand_friction_sweep_joint16_joint_5_1_20260811_143454.csv,26,16,joint_5_1,-1,0.1,-0.1,1.8773579597473142,1.6022122533307943,0.081855941918534,-1.5203563114122602,-0.8098382642044967,lower_limit,0.0,-0.09999999999999999,347,,-0.10093293933811304,0.0009329393381130313
hand_friction_sweep_joint16_joint_5_1_20260811_143454.csv,27,16,joint_5_1,1,0.1,0.1,1.911302089691162,0.0504400153826361,1.5725416560468908,1.5221016406642547,0.7963689512369044,upper_limit,0.0,0.09999999999999998,350,,0.10024603814440863,-0.0002460381444086279
hand_friction_sweep_joint16_joint_5_1_20260811_143454.csv,28,16,joint_5_1,-1,0.1,-0.1,1.8771488666534424,1.601688654555196,0.0825540736193317,-1.5191345809358643,-0.8092776273222051,lower_limit,0.0,-0.09999999999999998,345,,-0.10087873514984758,0.0008787351498475704
hand_friction_sweep_joint16_joint_5_1_20260811_143454.csv,29,16,joint_5_1,1,0.1,0.1,1.8972964286804201,0.0561996019142174,1.5725416560468908,1.5163420541326733,0.7992119898667059,upper_limit,0.0,0.09999999999999998,349,,0.10052091232055246,-0.000520912320552458
hand_friction_sweep_joint16_joint_5_1_20260811_143454.csv,30,16,joint_5_1,-1,0.1,-0.1,1.8692541122436523,1.601688654555196,0.0822050077689329,-1.5194836467862631,-0.8128823346347692,lower_limit,0.0,-0.09999999999999998,344,,-0.10122724991936016,0.0012272499193601571
hand_friction_sweep_joint16_joint_5_1_20260811_143454.csv,31,16,joint_5_1,1,0.1,0.1,1.9299929141998289,0.0500909495322372,1.577952176728073,1.5278612271958358,0.7916408479817056,upper_limit,0.0,0.09999999999999999,353,,0.09978890981932276,0.00021109018067724805
hand_friction_sweep_joint16_joint_5_1_20260811_143454.csv,32,16,joint_5_1,-1,0.1,-0.1,1.8806593418121342,1.6041321155079882,0.0780162175641465,-1.5261158979438416,-0.8114791786126095,lower_limit,0.0,-0.09999999999999998,344,,-0.10109158825386275,0.0010915882538627408
hand_friction_sweep_joint16_joint_5_1_20260811_143454.csv,33,16,joint_5_1,1,0.1,0.1,1.9161784648895264,0.0514872129338327,1.5753341828500818,1.5238469699162491,0.795253155088612,upper_limit,0.0,0.09999999999999999,347,,0.10013815936154888,-0.00013815936154887298
hand_friction_sweep_joint16_joint_5_1_20260811_143454.csv,34,16,joint_5_1,-1,0.1,-0.1,1.8742434978485105,1.5990706606772045,0.0792379480405425,-1.519832712636662,-0.8109046206543146,lower_limit,0.0,-0.09999999999999998,344,,-0.10103603813091411,0.001036038130914102
hand_friction_sweep_joint16_joint_5_1_20260811_143454.csv,35,16,joint_5_1,1,0.1,0.1,1.922715425491333,0.0462512251778497,1.573414320672888,1.5271630954950381,0.7942741163085978,upper_limit,0.0,0.09999999999999999,352,,0.1000435027236656,-4.3502723665600485e-05
hand_friction_sweep_joint16_joint_5_1_20260811_143454.csv,36,16,joint_5_1,-1,0.1,-0.1,1.8656187057495115,1.604830247208786,0.0869173967493176,-1.5179128504594686,-0.8136243733950168,lower_limit,0.0,-0.09999999999999996,342,,-0.10129899262828848,0.0012989926282884756
hand_friction_sweep_joint16_joint_5_1_20260811_143454.csv,37,16,joint_5_1,1,0.1,0.1,1.9019744396209717,0.0565486677646162,1.5714944584956942,1.514945790731078,0.7965121713375805,upper_limit,0.0,0.09999999999999999,348,,0.10025988512726983,-0.00025988512726982105
hand_friction_sweep_joint16_joint_5_1_20260811_143454.csv,38,16,joint_5_1,-1,0.1,-0.1,1.8658337593078613,1.5997687923780024,0.0841248699461266,-1.5156439224318758,-0.8123145563590349,lower_limit,0.0,-0.09999999999999996,342,,-0.10117235527806374,0.0011723552780637386
hand_friction_sweep_joint16_joint_5_1_20260811_143454.csv,39,16,joint_5_1,1,0.1,0.1,1.904205083847046,0.057246799465414,1.571843524346093,1.514596724880679,0.7953957993961213,upper_limit,0.0,0.09999999999999999,348,,0.10015195067486315,-0.0001519506748631494
hand_friction_sweep_joint16_joint_5_1_20260811_143454.csv,40,16,joint_5_1,-1,0.1,-0.1,1.8729808330535886,1.596801732649612,0.0834267382453289,-1.5133749944042831,-0.808003460418211,lower_limit,0.0,-0.09999999999999999,338,,-0.10075554456976407,0.0007555445697640661
hand_friction_sweep_joint16_joint_5_1_20260811_143454.csv,41,16,joint_5_1,1,0.15,0.15,1.1553771495819092,0.0504400153826361,1.574985116999683,1.5245451016170468,1.3195215970548895,upper_limit,0.0,0.14999999999999997,212,,0.15082612911092297,-0.000826129110922974
hand_friction_sweep_joint16_joint_5_1_20260811_143454.csv,42,16,joint_5_1,-1,0.15,-0.15,1.164588451385498,1.6301375213627036,0.0776671517137476,-1.552470369648956,-1.3330635108067568,lower_limit,0.0,-0.14999999999999994,214,,-0.15152004958342147,0.0015200495834214733
hand_friction_sweep_joint16_joint_5_1_20260811_143454.csv,43,16,joint_5_1,1,0.15,0.15,1.1835083961486816,0.0251327412287183,1.5852825595864497,1.5601498183577314,1.3182414450414537,upper_limit,0.0,0.14999999999999994,218,,0.150702359871088,-0.000702359871087993
hand_friction_sweep_joint16_joint_5_1_20260811_143454.csv,44,16,joint_5_1,-1,0.15,-0.15,1.1732151508331299,1.6454964187802537,0.0863937979737193,-1.5591026208065344,-1.32891449594678,lower_limit,0.0,-0.14999999999999997,216,,-0.15111890939858896,0.0011189093985889687
hand_friction_sweep_joint16_joint_5_1_20260811_143454.csv,45,16,joint_5_1,1,0.15,0.15,1.1629385948181152,0.0305432619099007,1.5711453926452954,1.5406021307353948,1.3247493355195994,upper_limit,0.0,0.14999999999999997,212,,0.1513315637851197,-0.0013315637851196993
hand_friction_sweep_joint16_joint_5_1_20260811_143454.csv,46,16,joint_5_1,-1,0.15,-0.15,1.1674938201904297,1.6324064493902963,0.0834267382453289,-1.5489797111449675,-1.3267562400392952,lower_limit,0.0,-0.14999999999999997,212,,-0.15091024223231875,0.0009102422323187531
hand_friction_sweep_joint16_joint_5_1_20260811_143454.csv,47,16,joint_5_1,1,0.15,0.15,1.1649558544158936,0.0277507351067098,1.5711453926452954,1.5433946575385855,1.3248524840560936,upper_limit,0.0,0.14999999999999997,212,,0.1513415365194653,-0.0013415365194653084
hand_friction_sweep_joint16_joint_5_1_20260811_143454.csv,48,16,joint_5_1,-1,0.15,-0.15,1.1637635231018066,1.6259487311579173,0.0783652834145453,-1.547583447743372,-1.3298092069586105,lower_limit,0.0,-0.14999999999999994,214,,-0.15120541295491974,0.0012054129549197434
hand_friction_sweep_joint16_joint_5_1_20260811_143454.csv,49,16,joint_5_1,1,0.15,0.15,1.1789660453796387,0.0254818070791172,1.581093769381663,1.5556119623025457,1.3194713863041097,upper_limit,0.0,0.14999999999999994,218,,0.15082127457303188,-0.0008212745730318827
hand_friction_sweep_joint16_joint_5_1_20260811_143454.csv,50,16,joint_5_1,-1,0.15,-0.15,1.1606476306915283,1.6301375213627036,0.0834267382453289,-1.5467107831173748,-1.3326273558115354,lower_limit,0.0,-0.14999999999999994,214,,-0.15147788070688006,0.0014778807068800692
hand_friction_sweep_joint16_joint_5_1_20260811_143454.csv,51,16,joint_5_1,1,0.15,0.15,1.160846471786499,0.0324631240870945,1.572192590196492,1.5397294661093974,1.3263851021916893,upper_limit,0.0,0.14999999999999994,214,,0.1514897150010902,-0.0014897150010902138
hand_friction_sweep_joint16_joint_5_1_20260811_143454.csv,52,16,joint_5_1,-1,0.15,-0.15,1.1612677574157715,1.6259487311579173,0.0773180858633487,-1.5486306452945686,-1.3335689684012373,lower_limit,0.0,-0.14999999999999994,214,,-0.15156891885955515,0.0015689188595551518
hand_friction_sweep_joint16_joint_5_1_20260811_143454.csv,53,16,joint_5_1,1,0.15,0.15,1.1816024780273438,0.0212930168743308,1.5859806912872472,1.5646876744129163,1.324208186348021,upper_limit,0.0,0.14999999999999994,218,,0.15127924373179744,-0.0012792437317974414
hand_friction_sweep_joint16_joint_5_1_20260811_143454.csv,54,16,joint_5_1,-1,0.15,-0.15,1.173614740371704,1.6393877663982737,0.0780162175641465,-1.561371548834127,-1.3303953121273968,lower_limit,0.0,-0.14999999999999997,216,,-0.1512620794995509,0.0012620794995509
hand_friction_sweep_joint16_joint_5_1_20260811_143454.csv,55,16,joint_5_1,1,0.15,0.15,1.1807377338409424,0.025830872929516,1.586329757137646,1.56049888420813,1.3216304006240436,upper_limit,0.0,0.14999999999999994,218,,0.15103001506507224,-0.0010300150650722484
hand_friction_sweep_joint16_joint_5_1_20260811_143454.csv,56,16,joint_5_1,-1,0.15,-0.15,1.1662790775299072,1.6423548261266638,0.0872664625997164,-1.5550883635269475,-1.3333758561634403,lower_limit,0.0,-0.14999999999999994,215,,-0.15155024814340257,0.0015502481434025717
hand_friction_sweep_joint16_joint_5_1_20260811_143454.csv,57,16,joint_5_1,1,0.15,0.15,1.1715097427368164,0.036302848441482,1.5769049791768766,1.5406021307353945,1.3150570366886791,upper_limit,0.0,0.14999999999999997,216,,0.15039448096529362,-0.0003944809652936254
hand_friction_sweep_joint16_joint_5_1_20260811_143454.csv,58,16,joint_5_1,-1,0.15,-0.15,1.1624057292938232,1.6269959287091138,0.0841248699461266,-1.5428710587629872,-1.3273085463027627,lower_limit,0.0,-0.14999999999999994,214,,-0.15096364098939447,0.0009636409893944708
hand_friction_sweep_joint16_joint_5_1_20260811_143454.csv,59,16,joint_5_1,1,0.15,0.15,1.1743969917297363,0.0274016692563109,1.5814428352320615,1.5540411659757507,1.3232673252056335,upper_limit,0.0,0.14999999999999997,216,,0.15118827823148076,-0.001188278231480766
hand_friction_sweep_joint16_joint_5_1_20260811_143454.csv,60,16,joint_5_1,-1,0.15,-0.15,1.1756961345672607,1.636595239595083,0.0780162175641465,-1.5585790220309363,-1.3256648348211195,lower_limit,0.0,-0.14999999999999997,216,,-0.1508047216435232,0.0008047216435232152
hand_friction_sweep_joint16_joint_5_1_20260811_143454.csv,61,16,joint_5_1,1,0.2,0.2,0.8478481769561768,0.0212930168743308,1.5756832487004806,1.5543902318261498,1.8333355830362215,upper_limit,0.0,0.19999999999999998,156,,0.20050332822011963,-0.0005033282201196143
hand_friction_sweep_joint16_joint_5_1_20260811_143454.csv,62,16,joint_5_1,-1,0.2,-0.2,0.8535974025726318,1.65893545402061,0.0863937979737193,-1.5725416560468908,-1.84225215693892,lower_limit,0.0,-0.19999999999999998,156,,-0.20075005586621808,0.000750055866218069
hand_friction_sweep_joint16_joint_5_1_20260811_143454.csv,63,16,joint_5_1,1,0.2,0.2,0.8632915019989014,0.0052359877559829,1.5859806912872472,1.5807447035312643,1.8310671422933524,upper_limit,0.0,0.19999999999999996,158,,0.20028400802735435,-0.0002840080273543433
hand_friction_sweep_joint16_joint_5_1_20260811_143454.csv,64,16,joint_5_1,-1,0.2,-0.2,0.8683044910430908,1.673421686812163,0.0757472895365539,-1.5976743972756091,-1.8399932440247189,lower_limit,0.0,-0.19999999999999998,160,,-0.20053165685476498,0.0005316568547649725
hand_friction_sweep_joint16_joint_5_1_20260811_143454.csv,65,16,joint_5_1,1,0.2,0.2,0.863013505935669,-0.0050614548307835,1.580744703531264,1.5858061583620475,1.8375218318776314,upper_limit,0.0,0.19999999999999996,158,,0.20090806830678382,-0.0009080683067838047
hand_friction_sweep_joint16_joint_5_1_20260811_143454.csv,66,16,joint_5_1,-1,0.2,-0.2,0.8573951721191406,1.6662658368789862,0.08307767239493,-1.5831881644840562,-1.8465093062876052,lower_limit,0.0,-0.19999999999999996,158,,-0.20116165084339316,0.0011616508433931472
hand_friction_sweep_joint16_joint_5_1_20260811_143454.csv,67,16,joint_5_1,1,0.2,0.2,0.8576507568359375,0.0043633231299858,1.5772540450272754,1.5728907218972896,1.8339524676688095,upper_limit,0.0,0.19999999999999996,158,,0.200562970622928,-0.0005629706229279829
hand_friction_sweep_joint16_joint_5_1_20260811_143454.csv,68,16,joint_5_1,-1,0.2,-0.2,0.8574264049530029,1.6570155918434164,0.0776671517137476,-1.5793484401296687,-1.8419638478666114,lower_limit,0.0,-0.19999999999999996,158,,-0.20072218121200308,0.0007221812120030702
hand_friction_sweep_joint16_joint_5_1_20260811_143454.csv,69,16,joint_5_1,1,0.2,0.2,0.8656113147735596,0.0001745329251994,1.5894713497912358,1.5892968168660364,1.8360397903091066,upper_limit,0.0,0.19999999999999996,158,,0.20076477973135298,-0.0007647797313529714
hand_friction_sweep_joint16_joint_5_1_20260811_143454.csv,70,16,joint_5_1,-1,0.2,-0.2,0.8621902465820312,1.6631242442253964,0.0699877030049726,-1.5931365412204237,-1.8477784311943595,lower_limit,0.0,-0.19999999999999996,158,,-0.20128435394686522,0.0012843539468652132
hand_friction_sweep_joint16_joint_5_1_20260811_143454.csv,71,16,joint_5_1,1,0.2,0.2,0.8567252159118652,-0.0038397243543875,1.5769049791768766,1.580744703531264,1.8451011761674139,upper_limit,0.0,0.19999999999999996,158,,0.2016408638430547,-0.0016408638430547018
hand_friction_sweep_joint16_joint_5_1_20260811_143454.csv,72,16,joint_5_1,-1,0.2,-0.2,0.8559088706970215,1.6489870772842423,0.0687659725285765,-1.5802211047556658,-1.846249243180282,lower_limit,0.0,-0.19999999999999996,158,,-0.2011365071004902,0.0011365071004901806
hand_friction_sweep_joint16_joint_5_1_20260811_143454.csv,73,16,joint_5_1,1,0.2,0.2,0.8572373390197754,-0.0041887902047863,1.5772540450272754,1.5814428352320617,1.8448132894448965,upper_limit,0.0,0.19999999999999996,158,,0.20161303002298445,-0.0016130300229844352
hand_friction_sweep_joint16_joint_5_1_20260811_143454.csv,74,16,joint_5_1,-1,0.2,-0.2,0.8473238945007325,1.6550957296662223,0.0841248699461266,-1.5709708597200958,-1.854038190019127,lower_limit,0.0,-0.19999999999999998,156,,-0.20188956768957722,0.0018895676895772096
hand_friction_sweep_joint16_joint_5_1_20260811_143454.csv,75,16,joint_5_1,1,0.2,0.2,0.8589396476745605,0.0094247779607693,1.5872024217636431,1.5777776438028739,1.8368899934639766,upper_limit,0.0,0.19999999999999996,158,,0.2008469801240244,-0.000846980124024399
hand_friction_sweep_joint16_joint_5_1_20260811_143454.csv,76,16,joint_5_1,-1,0.2,-0.2,0.8578546047210693,1.6634733100757952,0.0802851455917391,-1.5831881644840562,-1.8455203897854326,lower_limit,0.0,-0.19999999999999996,158,,-0.20106603919536264,0.0010660391953626336
hand_friction_sweep_joint16_joint_5_1_20260811_143454.csv,77,16,joint_5_1,1,0.2,0.2,0.8577136993408203,-0.0022689280275926,1.589820415641635,1.5920893436692276,1.8562013698659563,upper_limit,0.0,0.19999999999999996,158,,0.20271406649529466,-0.0027140664952946536
hand_friction_sweep_joint16_joint_5_1_20260811_143454.csv,78,16,joint_5_1,-1,0.2,-0.2,0.866722583770752,1.6673130344301827,0.0642281164733913,-1.6030849179567914,-1.849594031555554,lower_limit,0.0,-0.19999999999999998,160,,-0.20145989206592507,0.0014598920659250614
hand_friction_sweep_joint16_joint_5_1_20260811_143454.csv,79,16,joint_5_1,1,0.2,0.2,0.8571796417236328,-0.0015707963267948,1.579522973054868,1.581093769381663,1.844530238961777,upper_limit,0.0,0.19999999999999996,158,,0.20158566378619153,-0.0015856637861915157
hand_friction_sweep_joint16_joint_5_1_20260811_143454.csv,80,16,joint_5_1,-1,0.2,-0.2,0.8492364883422852,1.6509069394614362,0.0844739357965255,-1.5664330036649108,-1.84451919479178,lower_limit,0.0,-0.19999999999999998,156,,-0.20096924042303688,0.0009692404230368656
hand_friction_sweep_joint16_joint_5_1_20260811_143454.csv,81,16,joint_5_1,1,0.25,0.25,0.6714253425598145,0.0059341194567807,1.579872038905267,1.5739379194484862,2.3441741317773848,upper_limit,0.0,0.25,124,,0.24989285242701778,0.00010714757298221911
hand_friction_sweep_joint16_joint_5_1_20260811_143454.csv,82,16,joint_5_1,-1,0.25,-0.25,0.6819884777069092,1.6823228659973342,0.0764454212373516,-1.6058774447599826,-2.3546987922135,lower_limit,0.0,-0.25,126,,-0.2502950550836938,0.00029505508369381817
hand_friction_sweep_joint16_joint_5_1_20260811_143454.csv,83,16,joint_5_1,1,0.25,0.25,0.6811089515686035,-0.0031415926535897,1.5856316254368483,1.588773218090438,2.332627128789705,upper_limit,0.0,0.25,126,,0.24877645080661834,0.0012235491933816622
hand_friction_sweep_joint16_joint_5_1_20260811_143454.csv,84,16,joint_5_1,-1,0.25,-0.25,0.6819567680358887,1.6900023147061092,0.0869173967493176,-1.6030849179567916,-2.3507134074992093,lower_limit,0.0,-0.25,126,,-0.24990973519093063,-9.026480906937362e-05
hand_friction_sweep_joint16_joint_5_1_20260811_143454.csv,85,16,joint_5_1,1,0.25,0.25,0.6718964576721193,-0.0003490658503988,1.5783012425784722,1.578650308428871,2.3495440263196645,upper_limit,0.0,0.25,124,,0.2504120312108781,-0.00041203121087812766
hand_friction_sweep_joint16_joint_5_1_20260811_143454.csv,86,16,joint_5_1,-1,0.25,-0.25,0.6810507774353027,1.6900023147061092,0.08307767239493,-1.6069246423111792,-2.3594784640912194,lower_limit,0.0,-0.25,126,,-0.25075716923010544,0.0007571692301054367
hand_friction_sweep_joint16_joint_5_1_20260811_143454.csv,87,16,joint_5_1,1,0.25,0.25,0.6802725791931152,0.0,1.595929068023615,1.595929068023615,2.3460141079279984,upper_limit,0.0,0.25,126,,0.2500707472762902,-7.074727629019506e-05
hand_friction_sweep_joint16_joint_5_1_20260811_143454.csv,88,16,joint_5_1,-1,0.25,-0.25,0.6913590431213379,1.7006488231432746,0.0726056968829641,-1.6280431262603106,-2.354844624451638,lower_limit,0.0,-0.25,128,,-0.2503091546164589,0.0003091546164589176
hand_friction_sweep_joint16_joint_5_1_20260811_143454.csv,89,16,joint_5_1,1,0.25,0.25,0.6705255508422852,-0.0003490658503988,1.579872038905267,1.5802211047556658,2.356690364402461,upper_limit,0.0,0.25,124,,0.25110296230564516,-0.001102962305645161
hand_friction_sweep_joint16_joint_5_1_20260811_143454.csv,90,16,joint_5_1,-1,0.25,-0.25,0.681673288345337,1.693842039060497,0.0872664625997164,-1.6065755764607805,-2.356811692534571,lower_limit,0.0,-0.25,126,,-0.2504993371250775,0.0004993371250774925
hand_friction_sweep_joint16_joint_5_1_20260811_143454.csv,91,16,joint_5_1,1,0.25,0.25,0.6712136268615723,-0.0054105206811824,1.5760323145508794,1.5814428352320617,2.356094649964862,upper_limit,0.0,0.25,124,,0.2510453667058051,-0.001045366705805073
hand_friction_sweep_joint16_joint_5_1_20260811_143454.csv,92,16,joint_5_1,-1,0.25,-0.25,0.6933629512786865,1.683893662324129,0.0542797397370236,-1.6296139225871054,-2.3503042952926787,lower_limit,0.0,-0.25,128,,-0.2498701808987231,-0.00012981910127690677
hand_friction_sweep_joint16_joint_5_1_20260811_143454.csv,93,16,joint_5_1,1,0.25,0.25,0.6829595565795898,-0.0041887902047863,1.6009905228543984,1.6051793130591847,2.3503285042210584,upper_limit,0.0,0.25,126,,0.25048787707332554,-0.00048787707332553776
hand_friction_sweep_joint16_joint_5_1_20260811_143454.csv,94,16,joint_5_1,-1,0.25,-0.25,0.6912088394165039,1.7092009364780467,0.0703367688553714,-1.6388641676226754,-2.371011587476444,lower_limit,0.0,-0.25,128,,-0.25187222892561856,0.0018722289256185576
hand_friction_sweep_joint16_joint_5_1_20260811_143454.csv,95,16,joint_5_1,1,0.25,0.25,0.6803557872772217,0.0001745329251994,1.5945328046220193,1.5943582716968199,2.343418401829767,upper_limit,0.0,0.25,126,,0.24981978600978336,0.0001802139902166433
hand_friction_sweep_joint16_joint_5_1_20260811_143454.csv,96,16,joint_5_1,-1,0.25,-0.25,0.6926276683807373,1.7018705536196703,0.0764454212373516,-1.6254251323823188,-2.346751662667947,lower_limit,0.0,-0.25,128,,-0.24952670087856837,-0.0004732991214316251
hand_friction_sweep_joint16_joint_5_1_20260811_143454.csv,97,16,joint_5_1,1,0.25,0.25,0.6704611778259277,-0.0027925268031909,1.5756832487004806,1.5784757755036716,2.354313460209761,upper_limit,0.0,0.25,124,,0.2508731555155113,-0.0008731555155113147
hand_friction_sweep_joint16_joint_5_1_20260811_143454.csv,98,16,joint_5_1,-1,0.25,-0.25,0.6807975769042969,1.6926203085841007,0.0750491578357561,-1.6175711507483446,-2.375994283210756,lower_limit,0.0,-0.25,126,,-0.25235397207556653,0.002353972075566535
hand_friction_sweep_joint16_joint_5_1_20260811_143454.csv,99,16,joint_5_1,1,0.25,0.25,0.6708395481109619,0.0013962634015954,1.5817919010824608,1.5803956376808654,2.3558474483669767,upper_limit,0.0,0.25,124,,0.2510214664552605,-0.0010214664552605224
hand_friction_sweep_joint16_joint_5_1_20260811_143454.csv,100,16,joint_5_1,-1,0.25,-0.25,0.6829712390899658,1.6964600329384882,0.0776671517137476,-1.6187928812247407,-2.3702211580413297,lower_limit,0.0,-0.25,126,,-0.25179580764962906,0.0017958076496290554
hand_friction_sweep_joint16_joint_5_1_20260811_143454.csv,101,16,joint_5_1,1,0.3,0.3,0.5612635612487793,-0.0038397243543875,1.5920893436692272,1.5959290680236147,2.8434574738341536,upper_limit,0.0,0.29999999999999993,104,,0.2981651818535671,0.0018348181464328817
hand_friction_sweep_joint16_joint_5_1_20260811_143454.csv,102,16,joint_5_1,-1,0.3,-0.3,0.5836591720581055,1.7233381034192008,0.0577703982410123,-1.6655677051781885,-2.8536649210960654,lower_limit,0.0,-0.29999999999999993,108,,-0.29853671531390963,-0.0014632846860903603
hand_friction_sweep_joint16_joint_5_1_20260811_143454.csv,103,16,joint_5_1,1,0.3,0.3,0.5614430904388428,-0.0019198621771937,1.5821409669328597,1.5840608291100533,2.821409428820111,upper_limit,0.0,0.29999999999999993,104,,0.2960335055037316,0.003966494496268402
hand_friction_sweep_joint16_joint_5_1_20260811_143454.csv,104,16,joint_5_1,-1,0.3,-0.3,0.5843179225921631,1.7188002473640156,0.0553269372882202,-1.6634733100757955,-2.846863403909059,lower_limit,0.0,-0.29999999999999993,108,,-0.2978791226193507,-0.002120877380649311
hand_friction_sweep_joint16_joint_5_1_20260811_143454.csv,105,16,joint_5_1,1,0.3,0.3,0.5622363090515138,-0.0057595865315812,1.5974998643504097,1.6032594508819908,2.8515757966373094,upper_limit,0.0,0.29999999999999993,104,,0.2989500875768997,0.0010499124231002632
hand_friction_sweep_joint16_joint_5_1_20260811_143454.csv,106,16,joint_5_1,-1,0.3,-0.3,0.5834462642669678,1.7355554081831612,0.0726056968829641,-1.6629497113001972,-2.8502191429565493,lower_limit,0.0,-0.29999999999999993,108,,-0.29820356633121714,-0.0017964336687828486
hand_friction_sweep_joint16_joint_5_1_20260811_143454.csv,107,16,joint_5_1,1,0.3,0.3,0.5629367828369141,-0.0019198621771937,1.596801732649612,1.5987215948268056,2.839966482151095,upper_limit,0.0,0.29999999999999993,104,,0.2978276614791525,0.002172338520847472
hand_friction_sweep_joint16_joint_5_1_20260811_143454.csv,108,16,joint_5_1,-1,0.3,-0.3,0.5835931301116943,1.7339846118563662,0.0607374579694026,-1.6732471538869635,-2.867146762962613,lower_limit,0.0,-0.29999999999999993,108,,-0.2998401834191696,-0.0001598165808303631
hand_friction_sweep_joint16_joint_5_1_20260811_143454.csv,109,16,joint_5_1,1,0.3,0.3,0.5563647747039795,0.0005235987755982,1.5769049791768766,1.5763813804012783,2.8333594290544557,upper_limit,0.0,0.3,103,,0.29718887020222784,0.0028111297977721494
hand_friction_sweep_joint16_joint_5_1_20260811_143454.csv,110,16,joint_5_1,-1,0.3,-0.3,0.572683572769165,1.7172294510372206,0.0776671517137476,-1.6395622993234729,-2.86294627135104,lower_limit,0.0,-0.29999999999999993,106,,-0.2994340662953897,-0.0005659337046102775
hand_friction_sweep_joint16_joint_5_1_20260811_143454.csv,111,16,joint_5_1,1,0.3,0.3,0.5605330467224121,-0.0034906585039886,1.5840608291100533,1.587551487614042,2.832217470311311,upper_limit,0.0,0.29999999999999993,104,,0.29707846193502324,0.0029215380649767475
hand_friction_sweep_joint16_joint_5_1_20260811_143454.csv,112,16,joint_5_1,-1,0.3,-0.3,0.5799858570098877,1.7221163729428048,0.0600393262686049,-1.6620770466741999,-2.865719959522848,lower_limit,0.0,-0.29999999999999993,106,,-0.29970223544480395,-0.00029776455519603395
hand_friction_sweep_joint16_joint_5_1_20260811_143454.csv,113,16,joint_5_1,1,0.3,0.3,0.564424991607666,-0.0027925268031909,1.5936601399960222,1.5964526667992132,2.8284585029659945,upper_limit,0.0,0.29999999999999993,104,,0.2967150328062859,0.0032849671937140723
hand_friction_sweep_joint16_joint_5_1_20260811_143454.csv,114,16,joint_5_1,-1,0.3,-0.3,0.5772402286529541,1.7409659288643435,0.08307767239493,-1.6578882564694135,-2.872094102551127,lower_limit,0.0,-0.29999999999999993,106,,-0.30031850822251266,0.0003185082225126701
hand_friction_sweep_joint16_joint_5_1_20260811_143454.csv,115,16,joint_5_1,1,0.3,0.3,0.5651850700378418,0.002443460952792,1.6067501093859795,1.6043066484331876,2.8385510047633984,upper_limit,0.0,0.29999999999999993,104,,0.29769080854415725,0.0023091914558427407
hand_friction_sweep_joint16_joint_5_1_20260811_143454.csv,116,16,joint_5_1,-1,0.3,-0.3,0.584935188293457,1.743583922742335,0.0630063859969952,-1.68057753674534,-2.8731004227124877,lower_limit,0.0,-0.29999999999999993,106,,-0.30041580251263994,0.00041580251263995116
hand_friction_sweep_joint16_joint_5_1_20260811_143454.csv,117,16,joint_5_1,1,0.3,0.3,0.5630857944488525,-0.001221730476396,1.5872024217636431,1.588424152240039,2.820927410883782,upper_limit,0.0,0.29999999999999993,104,,0.2959869024496098,0.004013097550390199
hand_friction_sweep_joint16_joint_5_1_20260811_143454.csv,118,16,joint_5_1,-1,0.3,-0.3,0.5711386203765869,1.7236871692695996,0.0802851455917391,-1.6434020236778606,-2.877413582352852,lower_limit,0.0,-0.29999999999999993,106,,-0.3008328127460903,0.0008328127460903167
hand_friction_sweep_joint16_joint_5_1_20260811_143454.csv,119,16,joint_5_1,1,0.3,0.3,0.5560169219970703,0.0017453292519943,1.5711453926452954,1.5694000633933012,2.822576078721522,upper_limit,0.0,0.3,102,,0.2961463009920296,0.0038536990079703903
hand_friction_sweep_joint16_joint_5_1_20260811_143454.csv,120,16,joint_5_1,-1,0.3,-0.3,0.5769269466400146,1.714960523009628,0.0722566310325652,-1.642703891977063,-2.847334314238682,lower_limit,0.0,-0.29999999999999993,106,,-0.2979246517541067,-0.0020753482458932826
hand_friction_sweep_joint17_joint_5_2_20260811_141424.csv,2,17,joint_5_2,-1,0.05,-0.05,3.4685606956481934,1.554913830601748,-0.0019198621771937,-1.5568336927789417,-0.4488414156143246,lower_limit,-0.008503031126921645,-0.05850303112692166,640,,-0.04739614004402226,-0.0026038599559777414
hand_friction_sweep_joint17_joint_5_2_20260811_141424.csv,4,17,joint_5_2,-1,0.05,-0.05,3.4428694248199463,1.5529939684245542,-0.0008726646259971,-1.5538666330505513,-0.45132894725794453,lower_limit,-0.008518441572627593,-0.058518441572627596,633,,-0.047632658721004265,-0.002367341278995738
hand_friction_sweep_joint17_joint_5_2_20260811_141424.csv,6,17,joint_5_2,-1,0.05,-0.05,3.4418859481811523,1.5673056682909077,-0.0015707963267948,-1.5688764646177025,-0.45581884125090416,lower_limit,-0.008508313533544792,-0.058508313533544805,634,,-0.048059565365479714,-0.0019404346345202883
hand_friction_sweep_joint17_joint_5_2_20260811_141424.csv,8,17,joint_5_2,-1,0.05,-0.05,3.4343791007995605,1.5468853160425742,-0.0019198621771937,-1.5488051782197678,-0.45097094198459026,lower_limit,-0.008527304103582316,-0.058527304103582325,632,,-0.047598618979711516,-0.002401381020288487
hand_friction_sweep_joint17_joint_5_2_20260811_141424.csv,10,17,joint_5_2,-1,0.05,-0.05,3.410628318786621,1.557706357404939,-0.0015707963267948,-1.5592771537317338,-0.4571817882185616,lower_limit,-0.008518872036921542,-0.05851887203692154,630,,-0.04818915664702733,-0.0018108433529726714
hand_friction_sweep_joint17_joint_5_2_20260811_141424.csv,12,17,joint_5_2,-1,0.05,-0.05,3.406179666519165,1.5522958367237565,-0.0003490658503988,-1.5526449025741553,-0.4558317688980953,lower_limit,-0.008556327246801956,-0.058556327246801966,627,,-0.04806079454783724,-0.001939205452162765
hand_friction_sweep_joint17_joint_5_2_20260811_141424.csv,14,17,joint_5_2,-1,0.05,-0.05,3.4074981212615967,1.5557864952277451,-0.001221730476396,-1.557008225704141,-0.4569359014430424,lower_limit,-0.008542690167091848,-0.05854269016709186,628,,-0.04816577732038346,-0.00183422267961654
hand_friction_sweep_joint17_joint_5_2_20260811_141424.csv,16,17,joint_5_2,-1,0.05,-0.05,3.408755540847778,1.564164075637318,-0.0015707963267948,-1.5657348719641129,-0.4593274152991051,lower_limit,-0.008542369113855188,-0.05854236911385519,627,,-0.048393166465229454,-0.0016068335347705492
hand_friction_sweep_joint17_joint_5_2_20260811_141424.csv,18,17,joint_5_2,-1,0.05,-0.05,3.385863780975342,1.5545647647513492,-0.0019198621771937,-1.5564846269285428,-0.45970089986318863,lower_limit,-0.00854502876295913,-0.05854502876295913,623,,-0.04842867800342307,-0.0015713219965769326
hand_friction_sweep_joint17_joint_5_2_20260811_141424.csv,20,17,joint_5_2,-1,0.05,-0.05,3.4055609703063965,1.5610224829837285,-0.0022689280275926,-1.5632914110113212,-0.459040793761115,lower_limit,-0.008493588808673602,-0.058493588808673606,628,,-0.048365914009111416,-0.0016340859908885869
hand_friction_sweep_joint17_joint_5_2_20260811_141424.csv,21,17,joint_5_2,1,0.1,0.1,2.0105702877044678,-0.0214675497995302,1.487544121474767,1.5090116712742971,0.7505391283769461,upper_limit,-0.0095399248036969,0.090460075196303,371,,0.09828250128028448,0.0017174987197155211
hand_friction_sweep_joint17_joint_5_2_20260811_141424.csv,22,17,joint_5_2,-1,0.1,-0.1,1.4972448348999023,1.503252084742716,-0.0008726646259971,-1.504124749368713,-1.0045950497262999,lower_limit,-0.00908162794543997,-0.10908162794543998,276,,-0.10023812684054886,0.0002381268405488579
hand_friction_sweep_joint17_joint_5_2_20260811_141424.csv,23,17,joint_5_2,1,0.1,0.1,2.027467012405395,-0.0429350995990605,1.4882422531755646,1.531177352774625,0.7552169004012697,upper_limit,-0.009424228308927123,0.09057577169107278,374,,0.09872727168280544,0.001272728317194563
hand_friction_sweep_joint17_joint_5_2_20260811_141424.csv,24,17,joint_5_2,-1,0.1,-0.1,1.4980833530426025,1.5074408749475023,-0.0047123889803846,-1.512153263927887,-1.0093919412806427,lower_limit,-0.00905099378932514,-0.10905099378932515,276,,-0.10069422332759025,0.0006942233275902404
hand_friction_sweep_joint17_joint_5_2_20260811_141424.csv,25,17,joint_5_2,1,0.1,0.1,2.0301899909973145,-0.0506145483078355,1.4882422531755646,1.5388568014834,0.757986596479795,upper_limit,-0.009417820822527475,0.09058217917747247,374,,0.09899061902707551,0.0010093809729244951
hand_friction_sweep_joint17_joint_5_2_20260811_141424.csv,26,17,joint_5_2,-1,0.1,-0.1,1.4873082637786865,1.4990632945379294,0.0,-1.4990632945379294,-1.0079035604423914,lower_limit,-0.009105569861824411,-0.1091055698618244,274,,-0.10055270558343955,0.0005527055834395472
hand_friction_sweep_joint17_joint_5_2_20260811_141424.csv,27,17,joint_5_2,1,0.1,0.1,2.0195977687835693,-0.0432841654494593,1.4837043971203794,1.5269885625698387,0.7560854870074274,upper_limit,-0.009414632154932347,0.09058536784506757,372,,0.09880985835279198,0.001190141647208029
hand_friction_sweep_joint17_joint_5_2_20260811_141424.csv,28,17,joint_5_2,-1,0.1,-0.1,1.4983272552490234,1.4962707677347389,-0.0073303828583761,-1.503601150593115,-1.0035198554425382,lower_limit,-0.009008198827508342,-0.10900819882750835,277,,-0.10013589556636743,0.00013589556636742217
hand_friction_sweep_joint17_joint_5_2_20260811_141424.csv,29,17,joint_5_2,1,0.1,0.1,2.0290894508361816,-0.0506145483078355,1.4837043971203794,1.534318945428215,0.7561613140297618,upper_limit,-0.009326091381091714,0.09067390861890823,374,,0.09881706811313735,0.001182931886862651
hand_friction_sweep_joint17_joint_5_2_20260811_141424.csv,30,17,joint_5_2,-1,0.1,-0.1,1.490476131439209,1.4962707677347389,-0.0050614548307835,-1.5013322225655223,-1.0072836397023217,lower_limit,-0.009020339608574263,-0.10902033960857428,275,,-0.10049376248068505,0.0004937624806850421
hand_friction_sweep_joint17_joint_5_2_20260811_141424.csv,31,17,joint_5_2,1,0.1,0.1,2.031205177307129,-0.0595157274930066,1.4856242592975732,1.5451399867905797,0.7607010872427225,upper_limit,-0.009413378601591239,0.09058662139840869,374,,0.09924871735743208,0.0007512826425679214
hand_friction_sweep_joint17_joint_5_2_20260811_141424.csv,32,17,joint_5_2,-1,0.1,-0.1,1.4959025382995605,1.5042992822939123,-0.0108210413623648,-1.5151203236562771,-1.012846950161982,lower_limit,-0.008996000339323905,-0.10899600033932393,276,,-0.10102273136151671,0.0010227313615167044
hand_friction_sweep_joint17_joint_5_2_20260811_141424.csv,33,17,joint_5_2,1,0.1,0.1,2.0406270027160645,-0.0342084533390888,1.4870205226991686,1.5212289760382574,0.7454713546441898,upper_limit,-0.009389083691849211,0.09061091630815071,377,,0.09780064886180774,0.0021993511381922654
hand_friction_sweep_joint17_joint_5_2_20260811_141424.csv,34,17,joint_5_2,-1,0.1,-0.1,1.4856832027435303,1.5042992822939123,-0.0008726646259971,-1.5051719469199094,-1.0131176984032602,lower_limit,-0.009120715507718175,-0.10912071550771818,274,,-0.10104847455798481,0.0010484745579848048
hand_friction_sweep_joint17_joint_5_2_20260811_141424.csv,35,17,joint_5_2,1,0.1,0.1,2.026052951812744,-0.0525344104850293,1.4894639836519608,1.5419983941369901,0.7610849424035724,upper_limit,-0.009417502810717678,0.09058249718928223,374,,0.09928521494934406,0.0007147850506559472
hand_friction_sweep_joint17_joint_5_2_20260811_141424.csv,36,17,joint_5_2,-1,0.1,-0.1,1.4874343872070312,1.4943509055575448,-0.001221730476396,-1.4955726360339407,-1.00547133298578,lower_limit,-0.009077752586591409,-0.10907775258659143,274,,-0.10032144532123044,0.0003214453212304347
hand_friction_sweep_joint17_joint_5_2_20260811_141424.csv,37,17,joint_5_2,1,0.1,0.1,2.0267305374145503,-0.0418879020478639,1.4898130495023596,1.5317009515502236,0.7557496782498656,upper_limit,-0.00945630625768898,0.09054369374231094,374,,0.09877792909341504,0.0012220709065849655
hand_friction_sweep_joint17_joint_5_2_20260811_141424.csv,38,17,joint_5_2,-1,0.1,-0.1,1.4993906021118162,1.5193091138610637,-0.006457718232379,-1.5257668320934428,-1.0175913000551537,lower_limit,-0.009077723874897635,-0.10907772387489764,277,,-0.10147383209937096,0.0014738320993709503
hand_friction_sweep_joint17_joint_5_2_20260811_141424.csv,39,17,joint_5_2,1,0.1,0.1,2.0255014896392822,-0.0452040276266531,1.4851006605219748,1.530304688148628,0.7555189151804361,upper_limit,-0.009410832269125018,0.0905891677308749,374,,0.09875598775408866,0.0012440122459113495
hand_friction_sweep_joint17_joint_5_2_20260811_141424.csv,40,17,joint_5_2,-1,0.1,-0.1,1.4840025901794434,1.5055210127703085,0.0,-1.5055210127703085,-1.014500259455924,lower_limit,-0.009113952206190065,-0.10911395220619007,274,,-0.10117993077960177,0.0011799307796017677
hand_friction_sweep_joint17_joint_5_2_20260811_141424.csv,41,17,joint_5_2,1,0.15,0.15,1.1897015571594238,-0.032288591161895,1.495223570183542,1.527512161345437,1.2839456686873492,upper_limit,-0.009023515473562562,0.14097648452643735,220,,0.14899968895158305,0.0010003110484169409
hand_friction_sweep_joint17_joint_5_2_20260811_141424.csv,42,17,joint_5_2,-1,0.15,-0.15,0.9936337471008301,1.5231488382154512,-0.0083775804095727,-1.531526418625024,-1.5413389723261992,lower_limit,-0.009383909140841239,-0.15938390914084125,184,,-0.15127263841231697,0.0012726384123169787
hand_friction_sweep_joint17_joint_5_2_20260811_141424.csv,43,17,joint_5_2,1,0.15,0.15,1.2006261348724365,-0.0729547627333629,1.490860247053556,1.5638150097869188,1.302499557827025,upper_limit,-0.008862384418749232,0.14113761558125068,222,,0.15076382382136141,-0.0007638238213614201
hand_friction_sweep_joint17_joint_5_2_20260811_141424.csv,44,17,joint_5_2,-1,0.15,-0.15,1.0112884044647217,1.517040185833471,-0.0361283155162826,-1.5531685013497536,-1.5358314151459602,lower_limit,-0.0093959228116303,-0.15939592281163031,183,,-0.1507489706467173,0.0007489706467173063
hand_friction_sweep_joint17_joint_5_2_20260811_141424.csv,45,17,joint_5_2,1,0.15,0.15,1.2227914333343506,-0.1054178868204575,1.4882422531755646,1.5936601399960222,1.303296781897117,upper_limit,-0.008595834190484274,0.14140416580951565,226,,0.15083962522183805,-0.0008396252218380584
hand_friction_sweep_joint17_joint_5_2_20260811_141424.csv,46,17,joint_5_2,-1,0.15,-0.15,0.9955017566680909,1.533097214951819,-0.008901179185171,-1.54199839413699,-1.5489660202087476,lower_limit,-0.009362927623495259,-0.15936292762349527,183,,-0.15199783090548002,0.0019978309054800303
hand_friction_sweep_joint17_joint_5_2_20260811_141424.csv,47,17,joint_5_2,1,0.15,0.15,1.205331563949585,-0.0801106126665397,1.4870205226991686,1.5671311353657082,1.30016601426299,upper_limit,-0.008750291285891018,0.1412497087141089,224,,0.15054194658902106,-0.0005419465890210695
hand_friction_sweep_joint17_joint_5_2_20260811_141424.csv,48,17,joint_5_2,-1,0.15,-0.15,0.9887521266937256,1.5154693895066762,-0.0083775804095727,-1.523846969916249,-1.5411819896780596,lower_limit,-0.009428877150753589,-0.1594288771507536,183,,-0.1512577122390792,0.001257712239079195
hand_friction_sweep_joint17_joint_5_2_20260811_141424.csv,49,17,joint_5_2,1,0.15,0.15,1.2054829597473147,-0.0640535835481918,1.4889403848763625,1.5529939684245542,1.2882753388319006,upper_limit,-0.008801230295259962,0.14119876970473996,222,,0.14941136124406798,0.0005886387559320139
hand_friction_sweep_joint17_joint_5_2_20260811_141424.csv,50,17,joint_5_2,-1,0.15,-0.15,0.9849390983581543,1.5285593588966335,-0.0003490658503988,-1.5289084247470324,-1.552287270650184,lower_limit,-0.009367538659554519,-0.15936753865955455,182,,-0.1523136209628042,0.0023136209628042137
hand_friction_sweep_joint17_joint_5_2_20260811_141424.csv,51,17,joint_5_2,1,0.15,0.15,1.203355312347412,-0.0678933079025794,1.4946999714079436,1.562593279310523,1.2985302539300196,upper_limit,-0.008839248479578012,0.14116075152042187,223,,0.15038641575555162,-0.00038641575555162233
hand_friction_sweep_joint17_joint_5_2_20260811_141424.csv,52,17,joint_5_2,-1,0.15,-0.15,0.9924049377441406,1.5323990832510213,-0.0080285145591739,-1.5404275978101951,-1.5522167808956875,lower_limit,-0.009385500435465462,-0.15938550043546548,185,,-0.15230691867882842,0.002306918678828429
hand_friction_sweep_joint17_joint_5_2_20260811_141424.csv,53,17,joint_5_2,1,0.15,0.15,1.2064037322998047,-0.0575958653158128,1.49278010923075,1.5503759745465628,1.2851219977503163,upper_limit,-0.008888365492135652,0.14111163450786426,225,,0.14911153629004087,0.0008884637099591253
hand_friction_sweep_joint17_joint_5_2_20260811_141424.csv,54,17,joint_5_2,-1,0.15,-0.15,1.0002820491790771,1.5357152088298105,-0.0191986217719376,-1.554913830601748,-1.5544753920935124,lower_limit,-0.009369007072946718,-0.15936900707294674,187,,-0.15252167121622687,0.002521671216226873
hand_friction_sweep_joint17_joint_5_2_20260811_141424.csv,55,17,joint_5_2,1,0.15,0.15,1.2110888957977293,-0.0790634151153431,1.4971434323607358,1.5762068474760789,1.3014790680892594,upper_limit,-0.008756250753820008,0.14124374924617988,225,,0.15066679394708057,-0.0006667939470805795
hand_friction_sweep_joint17_joint_5_2_20260811_141424.csv,56,17,joint_5_2,-1,0.15,-0.15,0.9930346012115479,1.5269885625698387,-0.0083775804095727,-1.5353661429794114,-1.54613559397245,lower_limit,-0.009386009350636928,-0.15938600935063693,185,,-0.15172870923604467,0.0017287092360446787
hand_friction_sweep_joint17_joint_5_2_20260811_141424.csv,57,17,joint_5_2,1,0.15,0.15,1.2061727046966553,-0.057246799465414,1.4978415640615337,1.5550883635269477,1.2892750411874412,upper_limit,-0.008867972413051218,0.1411320275869487,225,,0.14950641461921385,0.0004935853807861434
hand_friction_sweep_joint17_joint_5_2_20260811_141424.csv,58,17,joint_5_2,-1,0.15,-0.15,0.996121883392334,1.5404275978101951,-0.0150098315671512,-1.5554374293773463,-1.561493081629971,lower_limit,-0.00936773860889544,-0.15936773860889544,185,,-0.1531889248967542,0.0031889248967542083
hand_friction_sweep_joint17_joint_5_2_20260811_141424.csv,59,17,joint_5_2,1,0.15,0.15,1.2104084491729736,-0.085870199198121,1.4894639836519608,1.5753341828500818,1.3014897441656559,upper_limit,-0.008753044332681271,0.14124695566731862,225,,0.15066780904631402,-0.0006678090463140274
hand_friction_sweep_joint17_joint_5_2_20260811_141424.csv,60,17,joint_5_2,-1,0.15,-0.15,0.9950647354125978,1.5449654538653803,-0.007679448708775,-1.5526449025741553,-1.5603456210618902,lower_limit,-0.009411193223627962,-0.15941119322362798,185,,-0.15307982242316456,0.0030798224231645688
hand_friction_sweep_joint17_joint_5_2_20260811_141424.csv,61,17,joint_5_2,1,0.2,0.2,0.8541376590728761,-0.0748746249105567,1.4901621153527584,1.5650367402633152,1.8323003600638388,upper_limit,-0.008471538608911363,0.1915284613910886,159,,0.20113817187456054,-0.0011381718745605285
hand_friction_sweep_joint17_joint_5_2_20260811_141424.csv,62,17,joint_5_2,-1,0.2,-0.2,0.755117177963257,1.547234381892973,-0.0095993108859688,-1.556833692778942,-2.0617113981940105,lower_limit,-0.009670471182953676,-0.20967047118295368,141,,-0.20075052064141113,0.0007505206414111232
hand_friction_sweep_joint17_joint_5_2_20260811_141424.csv,63,17,joint_5_2,1,0.2,0.2,0.8628363609313965,-0.1062905514464546,1.4885913190259634,1.5948818704724181,1.848417547854391,upper_limit,-0.008261241997654259,0.1917387580023457,160,,0.20267062109693287,-0.0026706210969328625
hand_friction_sweep_joint17_joint_5_2_20260811_141424.csv,64,17,joint_5_2,-1,0.2,-0.2,0.7439773082733155,1.5442673221645826,-0.0003490658503988,-1.5446163880149815,-2.076160617855208,lower_limit,-0.009695385562978987,-0.20969538556297898,139,,-0.20212437665906388,0.00212437665906387
hand_friction_sweep_joint17_joint_5_2_20260811_141424.csv,65,17,joint_5_2,1,0.2,0.2,0.8533086776733398,-0.087091929674517,1.4837043971203794,1.5707963267948963,1.840830133214961,upper_limit,-0.008324015476877776,0.19167598452312218,159,,0.20194919699893812,-0.001949196998938113
hand_friction_sweep_joint17_joint_5_2_20260811_141424.csv,66,17,joint_5_2,-1,0.2,-0.2,0.7579171657562257,1.5488051782197678,-0.0223402144255274,-1.5711453926452952,-2.0729777126470754,lower_limit,-0.00951074184112798,-0.20951074184112797,141,,-0.20182174069834452,0.0018217406983445095
hand_friction_sweep_joint17_joint_5_2_20260811_141424.csv,67,17,joint_5_2,1,0.2,0.2,0.8672857284545898,-0.1101302758008421,1.4913838458291544,1.6015141216299964,1.8465818923179134,upper_limit,-0.008282474854297997,0.19171752514570192,161,,0.2024960838925536,-0.0024960838925535966
hand_friction_sweep_joint17_joint_5_2_20260811_141424.csv,68,17,joint_5_2,-1,0.2,-0.2,0.756220579147339,1.5503759745465628,-0.0099483767363676,-1.5603243512829303,-2.0633190821681184,lower_limit,-0.009584138364051618,-0.20958413836405165,141,,-0.20090338192763293,0.0009033819276329236
hand_friction_sweep_joint17_joint_5_2_20260811_141424.csv,69,17,joint_5_2,1,0.2,0.2,0.870201587677002,-0.0813323431429357,1.4978415640615337,1.5791739072044695,1.8147219329030013,upper_limit,-0.008331372548175366,0.19166862745182456,162,,0.19946678556429212,0.0005332144357078905
hand_friction_sweep_joint17_joint_5_2_20260811_141424.csv,70,17,joint_5_2,-1,0.2,-0.2,0.7503199577331544,1.5496778428457652,-0.0019198621771937,-1.5515977050229588,-2.0679147462778444,lower_limit,-0.009673673499407884,-0.2096736734994079,139,,-0.20134034537204737,0.001340345372047358
hand_friction_sweep_joint17_joint_5_2_20260811_141424.csv,71,17,joint_5_2,1,0.2,0.2,0.863332986831665,-0.0863937979737193,1.4955726360339407,1.58196643400766,1.8323942883420903,upper_limit,-0.008411494069268643,0.1915885059307313,160,,0.2011471027326504,-0.0011471027326503958
hand_friction_sweep_joint17_joint_5_2_20260811_141424.csv,72,17,joint_5_2,-1,0.2,-0.2,0.7503225803375244,1.5477579806685713,-0.0008726646259971,-1.5486306452945684,-2.0639531394589428,lower_limit,-0.009679997552187732,-0.20967999755218775,138,,-0.20096366915732153,0.0009636691573215173
hand_friction_sweep_joint17_joint_5_2_20260811_141424.csv,73,17,joint_5_2,1,0.2,0.2,0.85856032371521,-0.0912807198793034,1.4898130495023596,1.581093769381663,1.8415639829940733,upper_limit,-0.008332916320953015,0.19166708367904692,158,,0.2020189726656334,-0.0020189726656333895
hand_friction_sweep_joint17_joint_5_2_20260811_141424.csv,74,17,joint_5_2,-1,0.2,-0.2,0.7570183277130127,1.548456112369369,-0.0185004900711398,-1.5669566024405088,-2.0699057672412726,lower_limit,-0.00962777922277355,-0.20962777922277356,140,,-0.2015296549815638,0.0015296549815637939
hand_friction_sweep_joint17_joint_5_2_20260811_141424.csv,75,17,joint_5_2,1,0.2,0.2,0.8768386840820312,-0.094771378383292,1.5001104920891262,1.5948818704724181,1.8188999863094675,upper_limit,-0.008292777252448704,0.1917072227475512,162,,0.19986404188325876,0.00013595811674124714
hand_friction_sweep_joint17_joint_5_2_20260811_141424.csv,76,17,joint_5_2,-1,0.2,-0.2,0.7547013759613037,1.543045591688187,-0.0061086523819801,-1.5491542440701669,-2.052671816182826,lower_limit,-0.009644465607239873,-0.2096444656072399,140,,-0.19989102203634238,-0.00010897796365763601
hand_friction_sweep_joint17_joint_5_2_20260811_141424.csv,77,17,joint_5_2,1,0.2,0.2,0.860201120376587,-0.0809832772925368,1.4856242592975732,1.56660753659011,1.8212107604606067,upper_limit,-0.008403232255306254,0.19159676774469367,159,,0.20008375416166674,-8.3754161666727e-05
hand_friction_sweep_joint17_joint_5_2_20260811_141424.csv,78,17,joint_5_2,-1,0.2,-0.2,0.7564935684204102,1.5458381184913774,-0.0191986217719376,-1.565036740263315,-2.0688037619819775,lower_limit,-0.009664365882380972,-0.209664365882381,140,,-0.20142487447490204,0.001424874474902027
hand_friction_sweep_joint17_joint_5_2_20260811_141424.csv,79,17,joint_5_2,1,0.2,0.2,0.874929666519165,-0.1143190660056285,1.4943509055575448,1.6086699715631734,1.8386277584610122,upper_limit,-0.008370706820202042,0.19162929317979785,162,,0.2017397915168577,-0.001739791516857686
hand_friction_sweep_joint17_joint_5_2_20260811_141424.csv,80,17,joint_5_2,-1,0.2,-0.2,0.758448362350464,1.5522958367237565,-0.0160570291183478,-1.5683528658421042,-2.0678439610334336,lower_limit,-0.00961246235284543,-0.20961246235284547,141,,-0.20133361499239538,0.001333614992395371
hand_friction_sweep_joint17_joint_5_2_20260811_141424.csv,81,17,joint_5_2,1,0.25,0.25,0.6807618141174316,-0.1139700001552297,1.484751594671576,1.5987215948268056,2.3484301875825038,upper_limit,-0.007994035476267376,0.24200596452373255,126,,0.25021266074338133,-0.00021266074338133212
hand_friction_sweep_joint17_joint_5_2_20260811_141424.csv,82,17,joint_5_2,-1,0.25,-0.25,0.6033759117126465,1.562593279310523,-0.0031415926535897,-1.5657348719641127,-2.594957540681178,lower_limit,-0.009751137009859646,-0.2597511370098597,112,,-0.2514524574189011,0.0014524574189010986
hand_friction_sweep_joint17_joint_5_2_20260811_141424.csv,83,17,joint_5_2,1,0.25,0.25,0.6885116100311279,-0.1230457122656002,1.4894639836519608,1.6125096959175609,2.342022519917505,upper_limit,-0.007904095109497062,0.24209590489050287,128,,0.24960340896459376,0.0003965910354062352
hand_friction_sweep_joint17_joint_5_2_20260811_141424.csv,84,17,joint_5_2,-1,0.25,-0.25,0.6082932949066163,1.5596262195821329,-0.0137881010907552,-1.5734143206728881,-2.5866047412448214,lower_limit,-0.00969431804044292,-0.25969431804044296,113,,-0.2506582592518747,0.0006582592518746821
hand_friction_sweep_joint17_joint_5_2_20260811_141424.csv,85,17,joint_5_2,1,0.25,0.25,0.6958637237548828,-0.1293288975727798,1.5027284859671175,1.6320573835398973,2.345369255252035,upper_limit,-0.007869867269885525,0.2421301327301144,129,,0.24992162216825778,7.837783174222124e-05
hand_friction_sweep_joint17_joint_5_2_20260811_141424.csv,86,17,joint_5_2,-1,0.25,-0.25,0.5998854637145997,1.5554374293773463,-0.0008726646259971,-1.5563100940033434,-2.594345401147727,lower_limit,-0.009824584085287065,-0.25982458408528697,111,,-0.2513942541663107,0.0013942541663107266
hand_friction_sweep_joint17_joint_5_2_20260811_141424.csv,87,17,joint_5_2,1,0.25,0.25,0.6904025077819824,-0.1082104136236484,1.5070918090971035,1.6153022227207519,2.3396528901816174,upper_limit,-0.008015720553087509,0.24198427944691242,128,,0.24937810059856477,0.0006218994014352275
hand_friction_sweep_joint17_joint_5_2_20260811_141424.csv,88,17,joint_5_2,-1,0.25,-0.25,0.6077826023101808,1.5535175672001529,-0.007679448708775,-1.561197015908928,-2.5686767110062387,lower_limit,-0.009779680903452657,-0.2597796809034527,113,,-0.24895363209515142,-0.0010463679048485774
hand_friction_sweep_joint17_joint_5_2_20260811_141424.csv,89,17,joint_5_2,1,0.25,0.25,0.6890654563903809,-0.1473057888683214,1.4905111812031573,1.6378169700714786,2.376867037641189,upper_limit,-0.00791694517692897,0.24208305482307094,128,,0.2529164840980175,-0.00291648409801748
hand_friction_sweep_joint17_joint_5_2_20260811_141424.csv,90,17,joint_5_2,-1,0.25,-0.25,0.6078596115112305,1.564513141487717,-0.0253072741539177,-1.5898204156416347,-2.6154401206046605,lower_limit,-0.009686163367793722,-0.25968616336779377,113,,-0.25339997544027204,0.0033999754402720406
hand_friction_sweep_joint17_joint_5_2_20260811_141424.csv,91,17,joint_5_2,1,0.25,0.25,0.6916973590850831,-0.1265363707695888,1.4885913190259634,1.6151276897955522,2.3350207552214775,upper_limit,-0.0077733361496547075,0.2422266638503452,128,,0.2489376694445795,0.0010623305554204876
hand_friction_sweep_joint17_joint_5_2_20260811_141424.csv,92,17,joint_5_2,-1,0.25,-0.25,0.606844186782837,1.5622442134601242,-0.0057595865315812,-1.5680037999917054,-2.5838655690259174,lower_limit,-0.009751482780359868,-0.25975148278035987,113,,-0.25039781416732565,0.00039781416732564967
hand_friction_sweep_joint17_joint_5_2_20260811_141424.csv,93,17,joint_5_2,1,0.25,0.25,0.6947157382965089,-0.1389282084587486,1.4985396957623311,1.6374679042210798,2.3570329761583704,upper_limit,-0.007934629855975824,0.24206537014402407,129,,0.2510306282966941,-0.0010306282966940916
hand_friction_sweep_joint17_joint_5_2_20260811_141424.csv,94,17,joint_5_2,-1,0.25,-0.25,0.6096384525299072,1.5529939684245542,-0.0160570291183478,-1.569050997542902,-2.573740207874976,lower_limit,-0.009706063889935947,-0.259706063889936,113,,-0.24943507786223057,-0.0005649221377694302
hand_friction_sweep_joint17_joint_5_2_20260811_141424.csv,95,17,joint_5_2,1,0.25,0.25,0.6896185874938965,-0.1480039205691191,1.4946999714079436,1.6427038919770627,2.3820470065151795,upper_limit,-0.007875667789049544,0.24212433221095037,128,,0.25340900421852586,-0.0034090042185258573
hand_friction_sweep_joint17_joint_5_2_20260811_141424.csv,96,17,joint_5_2,-1,0.25,-0.25,0.6082241535186768,1.556135561078144,-0.0188495559215387,-1.5749851169996827,-2.589481374404707,lower_limit,-0.009750256365953133,-0.2597502563659531,113,,-0.2509317743530328,0.0009317743530328215
hand_friction_sweep_joint17_joint_5_2_20260811_141424.csv,97,17,joint_5_2,1,0.25,0.25,0.6918826103210449,-0.1408480706359423,1.495223570183542,1.6360716408194842,2.3646665148301964,upper_limit,-0.00780481239686402,0.2421951876031359,128,,0.25175643794497815,-0.0017564379449781509
hand_friction_sweep_joint17_joint_5_2_20260811_141424.csv,98,17,joint_5_2,-1,0.25,-0.25,0.6066148281097412,1.5400785319597965,-0.0054105206811824,-1.5454890526409788,-2.547727126052692,lower_limit,-0.009793728074666346,-0.2597937280746664,113,,-0.24696171045297105,-0.0030382895470289495
hand_friction_sweep_joint17_joint_5_2_20260811_141424.csv,99,17,joint_5_2,1,0.25,0.25,0.6839609146118164,-0.1300270292735775,1.486322390998371,1.6163494202719484,2.363218987724337,upper_limit,-0.007828700392403982,0.24217129960759598,127,,0.2516188046421611,-0.0016188046421610758
hand_friction_sweep_joint17_joint_5_2_20260811_141424.csv,100,17,joint_5_2,-1,0.25,-0.25,0.6070082187652589,1.5599752854325315,-0.0198967534727353,-1.5798720389052667,-2.60271935381526,lower_limit,-0.009721560260884067,-0.25972156026088405,113,,-0.2521904636180034,0.002190463618003402
hand_friction_sweep_joint17_joint_5_2_20260811_141424.csv,101,17,joint_5_2,1,0.3,0.3,0.5711734294891357,-0.127409035395586,1.5132004614790835,1.6406094968746694,2.8723491187992582,upper_limit,-0.007719222770692527,0.2922807772293074,106,,0.30002775064386056,-2.7750643860569024e-05
hand_friction_sweep_joint17_joint_5_2_20260811_141424.csv,102,17,joint_5_2,-1,0.3,-0.3,0.5164947509765625,1.5545647647513492,-0.0150098315671512,-1.5695745963185004,-3.0388974783399583,lower_limit,-0.00981772762846057,-0.3098177276284606,96,,-0.29366301059270106,-0.006336989407298932
hand_friction_sweep_joint17_joint_5_2_20260811_141424.csv,103,17,joint_5_2,1,0.3,0.3,0.5731766223907471,-0.1661553447898601,1.4885913190259634,1.6547466638158235,2.8869751472308764,upper_limit,-0.00755941473496395,0.29244058526503597,106,,0.30141841793567975,-0.001418417935679761
hand_friction_sweep_joint17_joint_5_2_20260811_141424.csv,104,17,joint_5_2,-1,0.3,-0.3,0.5101883411407471,1.5491542440701669,-0.0057595865315812,-1.554913830601748,-3.047725134457335,lower_limit,-0.009818062935011395,-0.3098180629350114,95,,-0.2945023589286666,-0.005497641071333381
hand_friction_sweep_joint17_joint_5_2_20260811_141424.csv,105,17,joint_5_2,1,0.3,0.3,0.570389986038208,-0.1384046096831503,1.485973325147972,1.6243779348311225,2.847837400010582,upper_limit,-0.007505821329779617,0.29249417867022026,106,,0.29769713534764025,0.0023028646523597374
hand_friction_sweep_joint17_joint_5_2_20260811_141424.csv,106,17,joint_5_2,-1,0.3,-0.3,0.50531005859375,1.54810704651897,-0.0038397243543875,-1.5519467708733574,-3.0712762282871227,lower_limit,-0.009920262379313784,-0.30992026237931375,94,,-0.29674163639409595,-0.0032583636059040355
hand_friction_sweep_joint17_joint_5_2_20260811_141424.csv,107,17,joint_5_2,1,0.3,0.3,0.5815584659576416,-0.156032435128293,1.5138985931798814,1.6699310283081745,2.871475743300082,upper_limit,-0.007623115788400471,0.29237688421159946,108,,0.2999447086379012,5.529136209880825e-05
hand_friction_sweep_joint17_joint_5_2_20260811_141424.csv,108,17,joint_5_2,-1,0.3,-0.3,0.5056700706481934,1.5596262195821329,-0.007679448708775,-1.567305668290908,-3.0994629883509943,lower_limit,-0.00989260063365403,-0.30989260063365404,94,,-0.29942168077295445,-0.0005783192270455428
hand_friction_sweep_joint17_joint_5_2_20260811_141424.csv,109,17,joint_5_2,1,0.3,0.3,0.5751500129699707,-0.1415462023367401,1.4971434323607358,1.6386896346974757,2.8491516956342897,upper_limit,-0.007524171195068568,0.2924758288049314,107,,0.297822100777881,0.002177899222118973
hand_friction_sweep_joint17_joint_5_2_20260811_141424.csv,110,17,joint_5_2,-1,0.3,-0.3,0.5112075805664064,1.570621793869697,-0.0265290046303138,-1.5971507985000106,-3.1242705687783503,lower_limit,-0.009841995440544787,-0.30984199544054475,95,,-0.3017804270895498,0.0017804270895497853
hand_friction_sweep_joint17_joint_5_2_20260811_141424.csv,111,17,joint_5_2,1,0.3,0.3,0.570767641067505,-0.1549852375770964,1.484751594671576,1.6397368322486723,2.872862289778512,upper_limit,-0.007475956124141191,0.29252404387585873,106,,0.30007654380047827,-7.654380047827924e-05
hand_friction_sweep_joint17_joint_5_2_20260811_141424.csv,112,17,joint_5_2,-1,0.3,-0.3,0.5165050029754639,1.5557864952277451,-0.0275762021815104,-1.5833626974092556,-3.065532159974977,lower_limit,-0.009805453433800257,-0.30980545343380034,96,,-0.2961954807537577,-0.0038045192462423105
hand_friction_sweep_joint17_joint_5_2_20260811_141424.csv,113,17,joint_5_2,1,0.3,0.3,0.5795471668243408,-0.1610938899590766,1.5020303542663198,1.6631242442253964,2.8696960996955143,upper_limit,-0.007475750986117369,0.2925242490138825,108,,0.29977549714186597,0.0002245028581340236
hand_friction_sweep_joint17_joint_5_2_20260811_141424.csv,114,17,joint_5_2,-1,0.3,-0.3,0.5058767795562744,1.5557864952277451,-0.0111701072127637,-1.5669566024405088,-3.09750647937419,lower_limit,-0.009990208665969266,-0.3099902086659693,94,,-0.29923565262095725,-0.0007643473790427402
hand_friction_sweep_joint17_joint_5_2_20260811_141424.csv,115,17,joint_5_2,1,0.3,0.3,0.5824840068817139,-0.1364847475059565,1.5039502164435137,1.6404349639494702,2.8162746866328923,upper_limit,-0.00759310513770936,0.2924068948622906,107,,0.294696099670687,0.005303900329312994
hand_friction_sweep_joint17_joint_5_2_20260811_141424.csv,116,17,joint_5_2,-1,0.3,-0.3,0.5133697986602784,1.5615460817593263,-0.0150098315671512,-1.5765559133264775,-3.070994665912867,lower_limit,-0.009881340925475322,-0.3098813409254753,95,,-0.2967148649717433,-0.0032851350282566694
hand_friction_sweep_joint17_joint_5_2_20260811_141424.csv,117,17,joint_5_2,1,0.3,0.3,0.5815961360931396,-0.1534144412503015,1.4981906299119323,1.6516050711622339,2.839779992791661,upper_limit,-0.007522309351994246,0.29247769064800566,108,,0.2969310235676304,0.0030689764323695856
hand_friction_sweep_joint17_joint_5_2_20260811_141424.csv,118,17,joint_5_2,-1,0.3,-0.3,0.5053670406341553,1.554913830601748,-0.0031415926535897,-1.5580554232553376,-3.0830174862615216,lower_limit,-0.00992758926084717,-0.3099275892608472,94,,-0.29785801487689106,-0.002141985123108925
hand_friction_sweep_joint17_joint_5_2_20260811_141424.csv,119,17,joint_5_2,1,0.3,0.3,0.5822148323059082,-0.1569050997542902,1.52663949671944,1.6835445964737303,2.891620932785099,upper_limit,-0.007591827583535892,0.292408172416464,108,,0.3018601470110244,-0.0018601470110244378
hand_friction_sweep_joint17_joint_5_2_20260811_141424.csv,120,17,joint_5_2,-1,0.3,-0.3,0.5051865577697754,1.5414747953613916,-0.0176278254451427,-1.5591026208065344,-3.0861918173148455,lower_limit,-0.00988975112753862,-0.30988975112753864,94,,-0.2981598355926037,-0.0018401644073963164
hand_friction_sweep_joint18_joint_5_3_20260811_145243.csv,21,18,joint_5_3,1,0.1,0.1,4.081891059875488,-1.5388568014834003,1.4851006605219748,3.023957462005375,0.7408226769524849,upper_limit,-0.0010652443172967999,0.09893475568270316,743,,0.09965218046781966,0.0003478195321803407
hand_friction_sweep_joint18_joint_5_3_20260811_145243.csv,22,18,joint_5_3,-1,0.1,-0.1,4.558970928192139,1.5107570005262916,-1.4870205226991686,-2.9977775232254604,-0.6575557445842783,lower_limit,0.0039022424831740114,-0.09609775751682592,830,,-0.09770693234945202,-0.0022930676505479863
hand_friction_sweep_joint18_joint_5_3_20260811_145243.csv,23,18,joint_5_3,1,0.1,0.1,4.035764932632446,-1.506917276171904,1.4873695885495677,2.994286864721472,0.7419378766365265,upper_limit,-0.0011053699056828932,0.09889463009431705,734,,0.09975833115023404,0.00024166884976596636
hand_friction_sweep_joint18_joint_5_3_20260811_145243.csv,24,18,joint_5_3,-1,0.1,-0.1,4.509744167327881,1.499586893313528,-1.484751594671576,-2.984338487985104,-0.6617533893842559,lower_limit,0.0037931155578366637,-0.09620688444216327,822,,-0.09810648667718992,-0.0018935133228100837
hand_friction_sweep_joint18_joint_5_3_20260811_145243.csv,25,18,joint_5_3,1,0.1,0.1,4.024005889892578,-1.4924310433803512,1.488416786100764,2.980847829481115,0.7407662689978541,upper_limit,-0.0010923632836900635,0.09890763671630991,732,,0.09964681125640099,0.00035318874359901997
hand_friction_sweep_joint18_joint_5_3_20260811_145243.csv,26,18,joint_5_3,-1,0.1,-0.1,4.491857051849365,1.507266342022303,-1.4851006605219748,-2.9923670025442775,-0.6661759196705236,lower_limit,0.0037841240561305536,-0.09621587594386939,818,,-0.0985274468107009,-0.0014725531892991056
hand_friction_sweep_joint18_joint_5_3_20260811_145243.csv,27,18,joint_5_3,1,0.1,0.1,4.010243892669678,-1.5042992822939123,1.4864969239235704,2.9907962062174827,0.7457891056662058,upper_limit,-0.00110007299660719,0.09889992700339276,730,,0.10012491176847178,-0.00012491176847177765
hand_friction_sweep_joint18_joint_5_3_20260811_145243.csv,28,18,joint_5_3,-1,0.1,-0.1,4.494263887405396,1.5081390066483,-1.4870205226991686,-2.9951595293474687,-0.6664405127035425,lower_limit,0.0037678057027384264,-0.09623219429726151,818,,-0.09855263219356908,-0.001447367806430927
hand_friction_sweep_joint18_joint_5_3_20260811_145243.csv,29,18,joint_5_3,1,0.1,0.1,4.008513450622559,-1.5049974139947102,1.4838789300455788,2.988876344040289,0.7456321104712994,upper_limit,-0.0010765691818119,0.09892343081818805,730,,0.10010996812446472,-0.00010996812446471826
hand_friction_sweep_joint18_joint_5_3_20260811_145243.csv,30,18,joint_5_3,-1,0.1,-0.1,4.485856056213379,1.5168656529082716,-1.4854497263723738,-3.0023153792806454,-0.6692848236006426,lower_limit,0.0037916525194120797,-0.09620834748058787,816,,-0.0988233689477543,-0.0011766310522457052
hand_friction_sweep_joint18_joint_5_3_20260811_145243.csv,31,18,joint_5_3,1,0.1,0.1,4.00696063041687,-1.5074408749475023,1.4889403848763625,2.996381259823865,0.7477940354787395,upper_limit,-0.0011048750966636861,0.09889512490333628,730,,0.10031575173268524,-0.00031575173268523493
hand_friction_sweep_joint18_joint_5_3_20260811_145243.csv,32,18,joint_5_3,-1,0.1,-0.1,4.485555410385132,1.505695545695508,-1.4873695885495677,-2.9930651342450756,-0.6672674530595286,lower_limit,0.003780496136378553,-0.0962195038636214,816,,-0.09863134480832322,-0.001368655191676782
hand_friction_sweep_joint18_joint_5_3_20260811_145243.csv,33,18,joint_5_3,1,0.1,0.1,4.012937307357788,-1.4973179652859352,1.4854497263723738,2.9827676916583092,0.7432878869523714,upper_limit,-0.0010737397632344836,0.09892626023676548,732,,0.09988683236696144,0.00011316763303856336
hand_friction_sweep_joint18_joint_5_3_20260811_145243.csv,34,18,joint_5_3,-1,0.1,-0.1,4.478726625442505,1.4980160969867329,-1.485973325147972,-2.983989422134705,-0.6662584416703224,lower_limit,0.0037722423666091986,-0.09622775763339075,816,,-0.09853530169688694,-0.0014646983031130628
hand_friction_sweep_joint18_joint_5_3_20260811_145243.csv,35,18,joint_5_3,1,0.1,0.1,4.000579357147217,-1.5049974139947102,1.4854497263723738,2.990447140367084,0.7475035172154538,upper_limit,-0.001038812196413867,0.0989611878035861,728,,0.10028809864746391,-0.00028809864746390246
hand_friction_sweep_joint18_joint_5_3_20260811_145243.csv,36,18,joint_5_3,-1,0.1,-0.1,4.476375579833984,1.4969688994355363,-1.4840534629707782,-2.9810223624063146,-0.6659455421559761,lower_limit,0.003749345729452413,-0.09625065427054755,814,,-0.09850551824424587,-0.0014944817557541318
hand_friction_sweep_joint18_joint_5_3_20260811_145243.csv,37,18,joint_5_3,1,0.1,0.1,4.001709461212158,-1.492081977529952,1.4864969239235704,2.978578901453522,0.7443266259893042,upper_limit,-0.0010944434068311023,0.09890555659316885,728,,0.09998570511522234,1.4294884777665828e-05
hand_friction_sweep_joint18_joint_5_3_20260811_145243.csv,38,18,joint_5_3,-1,0.1,-0.1,4.486440658569336,1.513025928553884,-1.4870205226991686,-3.000046451253053,-0.6686918828454373,lower_limit,0.0037794345851979868,-0.09622056541480196,816,,-0.09876692966903408,-0.0012330703309659241
hand_friction_sweep_joint18_joint_5_3_20260811_145243.csv,39,18,joint_5_3,1,0.1,0.1,4.000002145767212,-1.5123277968530864,1.4870205226991686,2.9993483195522552,0.7498366776443245,upper_limit,-0.0010887433668370066,0.09891125663316297,728,,0.10051018136076711,-0.0005101813607671091
hand_friction_sweep_joint18_joint_5_3_20260811_145243.csv,40,18,joint_5_3,-1,0.1,-0.1,4.475022792816162,1.5119787310026875,-1.4840534629707782,-2.9960321939734658,-0.669500990873846,lower_limit,0.003764886492722746,-0.0962351135072772,814,,-0.09884394490728383,-0.0011560550927161711
hand_friction_sweep_joint18_joint_5_3_20260811_145243.csv,41,18,joint_5_3,1,0.15,0.15,2.349830150604248,-1.500808623789924,1.4838789300455788,2.984687553835503,1.270171613496407,upper_limit,0.00017116668797685758,0.15017116668797684,428,,0.15003844909176667,-3.844909176667355e-05
hand_friction_sweep_joint18_joint_5_3_20260811_145243.csv,42,18,joint_5_3,-1,0.15,-0.15,2.5107736587524414,1.5440927892393832,-1.4873695885495677,-3.0314623777889507,-1.2073817833883242,lower_limit,0.0022590496544658873,-0.14774095034553408,458,,-0.15004232130573586,4.232130573586512e-05
hand_friction_sweep_joint18_joint_5_3_20260811_145243.csv,43,18,joint_5_3,1,0.15,0.15,2.370755195617676,-1.515818455357075,1.4957471689591402,3.011565624316215,1.2702980172238252,upper_limit,0.00024464468059467385,0.15024464468059462,432,,0.1500504808759549,-5.048087595491135e-05
hand_friction_sweep_joint18_joint_5_3_20260811_145243.csv,44,18,joint_5_3,-1,0.15,-0.15,2.5128297805786133,1.5399039990345968,-1.4885913190259634,-3.0284953180605605,-1.2052130794801421,lower_limit,0.0022007082722814786,-0.14779929172771847,458,,-0.14983589244541376,-0.00016410755458623472
hand_friction_sweep_joint18_joint_5_3_20260811_145243.csv,45,18,joint_5_3,1,0.15,0.15,2.3694541454315186,-1.5289084247470326,1.4946999714079436,3.0236083961549762,1.2760780376293481,upper_limit,0.00026669481069364334,0.1502666948106936,432,,0.15060065419396704,-0.0006006541939670429
hand_friction_sweep_joint18_joint_5_3_20260811_145243.csv,46,18,joint_5_3,-1,0.15,-0.15,2.5109870433807373,1.5353661429794117,-1.485973325147972,-3.0213394681273837,-1.2032477332338278,lower_limit,0.0022274060343419238,-0.14777259396565803,458,,-0.14964882025716608,-0.0003511797428339125
hand_friction_sweep_joint18_joint_5_3_20260811_145243.csv,47,18,joint_5_3,1,0.15,0.15,2.3570659160614014,-1.517738317534269,1.488416786100764,3.0061551036350327,1.2753801593543228,upper_limit,0.00024778157791164506,0.1502477815779116,430,,0.15053422639973774,-0.0005342263997377417
hand_friction_sweep_joint18_joint_5_3_20260811_145243.csv,48,18,joint_5_3,-1,0.15,-0.15,2.5012009143829346,1.5310028198494257,-1.491209312903955,-3.0222121327533804,-1.2083044250361563,lower_limit,0.0022121174005918856,-0.14778788259940806,456,,-0.15013014328232244,0.00013014328232244243
hand_friction_sweep_joint18_joint_5_3_20260811_145243.csv,49,18,joint_5_3,1,0.15,0.15,2.3585703372955322,-1.5308282869242262,1.490336648277958,3.0211649352021843,1.280930607592742,upper_limit,0.00026986975018198847,0.15026986975018194,430,,0.1510625478085805,-0.0010625478085805051
hand_friction_sweep_joint18_joint_5_3_20260811_145243.csv,50,18,joint_5_3,-1,0.15,-0.15,2.5033602714538574,1.5440927892393832,-1.4873695885495677,-3.0314623777889507,-1.2109572930261419,lower_limit,0.002229474364300142,-0.1477705256356998,456,,-0.1503826574746433,0.00038265747464330535
hand_friction_sweep_joint18_joint_5_3_20260811_145243.csv,51,18,joint_5_3,1,0.15,0.15,2.3599631786346436,-1.5392058673337992,1.490336648277958,3.029542515611757,1.2837244847881477,upper_limit,0.0002878660774364835,0.15028786607743647,430,,0.15132848401275828,-0.0013284840127582853
hand_friction_sweep_joint18_joint_5_3_20260811_145243.csv,52,18,joint_5_3,-1,0.15,-0.15,2.5025575160980225,1.547583447743372,-1.4901621153527584,-3.0377455630961308,-1.2138564422817228,lower_limit,0.0021950749486962244,-0.14780492505130374,456,,-0.150658614037674,0.0006586140376740046
hand_friction_sweep_joint18_joint_5_3_20260811_145243.csv,53,18,joint_5_3,1,0.15,0.15,2.3599419593811035,-1.5273376284202376,1.4938273067819463,3.021164935202184,1.2801861177952387,upper_limit,0.0002814628998864679,0.1502814628998864,430,,0.15099168327984508,-0.0009916832798450848
hand_friction_sweep_joint18_joint_5_3_20260811_145243.csv,54,18,joint_5_3,-1,0.15,-0.15,2.4916605949401855,1.5364133405306082,-1.4851006605219748,-3.0215140010525827,-1.2126507146231595,lower_limit,0.0022100342623552916,-0.14778996573764466,454,,-0.15054384641749452,0.0005438464174945257
hand_friction_sweep_joint18_joint_5_3_20260811_145243.csv,55,18,joint_5_3,1,0.15,0.15,2.355578660964966,-1.5261158979438416,1.49278010923075,3.0188960071745914,1.2815942244687752,upper_limit,0.00025947416506577874,0.15025947416506574,430,,0.15112571441924283,-0.0011257144192428348
hand_friction_sweep_joint18_joint_5_3_20260811_145243.csv,56,18,joint_5_3,-1,0.15,-0.15,2.5098628997802734,1.554041165975751,-1.493652773856747,-3.047693939832498,-1.2142870194620228,lower_limit,0.002224719854874586,-0.14777528014512537,458,,-0.15069959868120908,0.0006995986812090849
hand_friction_sweep_joint18_joint_5_3_20260811_145243.csv,57,18,joint_5_3,1,0.15,0.15,2.3566691875457764,-1.5308282869242262,1.4950490372583425,3.0258773241825687,1.2839635448935038,upper_limit,0.00027883671546471164,0.15027883671546466,430,,0.15135123903473752,-0.0013512390347375225
hand_friction_sweep_joint18_joint_5_3_20260811_145243.csv,58,18,joint_5_3,-1,0.15,-0.15,2.5088024139404297,1.537635071007004,-1.4962707677347389,-3.0339058387417426,-1.209304416275877,lower_limit,0.002270385167237556,-0.1477296148327624,458,,-0.15022532780759065,0.0002253278075906584
hand_friction_sweep_joint18_joint_5_3_20260811_145243.csv,59,18,joint_5_3,1,0.15,0.15,2.3582916259765625,-1.5273376284202376,1.4957471689591402,3.0230847973793775,1.2818960827745491,upper_limit,0.00029509683801892905,0.15029509683801892,430,,0.15115444691048086,-0.0011544469104808608
hand_friction_sweep_joint18_joint_5_3_20260811_145243.csv,60,18,joint_5_3,-1,0.15,-0.15,2.500357151031494,1.5406021307353943,-1.4878931873251655,-3.0284953180605596,-1.2112250911079596,lower_limit,0.0022161750532896022,-0.14778382494671033,456,,-0.15040814793123236,0.0004081479312323666
hand_friction_sweep_joint18_joint_5_3_20260811_145243.csv,61,18,joint_5_3,1,0.2,0.2,1.6755566596984863,-1.5308282869242262,1.4838789300455788,3.0147072169698053,1.799227259502103,upper_limit,0.0009570983012996531,0.20095709830129962,306,,0.20039680075050656,-0.0003968007505065485
hand_friction_sweep_joint18_joint_5_3_20260811_145243.csv,62,18,joint_5_3,-1,0.2,-0.2,1.7622861862182617,1.5632914110113207,-1.4901621153527584,-3.053453526364079,-1.7326660960309568,lower_limit,0.0014687651904551477,-0.19853123480954482,322,,-0.20004169724395685,4.169724395683416e-05
hand_friction_sweep_joint18_joint_5_3_20260811_145243.csv,63,18,joint_5_3,1,0.2,0.2,1.6769497394561768,-1.5334462808022178,1.4845770617463765,3.0180233425485943,1.7997100757040687,upper_limit,0.0010261658755035146,0.2010261658755035,306,,0.2004427577840789,-0.000442757784078901
hand_friction_sweep_joint18_joint_5_3_20260811_145243.csv,64,18,joint_5_3,-1,0.2,-0.2,1.764021635055542,1.5652112731885146,-1.4985396957623311,-3.0637509689508455,-1.7367989757418028,lower_limit,0.0015197595213718215,-0.19848024047862814,324,,-0.2004350868834274,0.000435086883427388
hand_friction_sweep_joint18_joint_5_3_20260811_145243.csv,65,18,joint_5_3,1,0.2,0.2,1.6749706268310547,-1.5369369393062065,1.4864969239235704,3.023433863229777,1.8050667962756666,upper_limit,0.0010096436516682087,0.20100964365166818,306,,0.20095263915538408,-0.0009526391553840718
hand_friction_sweep_joint18_joint_5_3_20260811_145243.csv,66,18,joint_5_3,-1,0.2,-0.2,1.7524805068969727,1.5543902318261498,-1.4840534629707782,-3.038443694796928,-1.7337960010619144,lower_limit,0.0013950020151622382,-0.19860499798483772,320,,-0.20014924766009837,0.0001492476600983561
hand_friction_sweep_joint18_joint_5_3_20260811_145243.csv,67,18,joint_5_3,1,0.2,0.2,1.6786460876464844,-1.5337953466526166,1.4980160969867329,3.0318114436393495,1.806105209401254,upper_limit,0.0008972766449065278,0.2008972766449065,306,,0.20105148088165653,-0.001051480881656519
hand_friction_sweep_joint18_joint_5_3_20260811_145243.csv,68,18,joint_5_3,-1,0.2,-0.2,1.7644407749176025,1.5697491292436998,-1.489289450726761,-3.059038579970461,-1.7337156471649295,lower_limit,0.0013288389155555063,-0.19867116108444446,322,,-0.2001415991455573,0.0001415991455572807
hand_friction_sweep_joint18_joint_5_3_20260811_145243.csv,69,18,joint_5_3,1,0.2,0.2,1.6752922534942627,-1.531875484475423,1.4889403848763625,3.0208158693517855,1.8031575464227685,upper_limit,0.0009853522620271555,0.20098535226202713,306,,0.20077090652248897,-0.0007709065224889566
hand_friction_sweep_joint18_joint_5_3_20260811_145243.csv,70,18,joint_5_3,-1,0.2,-0.2,1.7547953128814697,1.560149818357731,-1.4851006605219748,-3.045250478879706,-1.7353878577890878,lower_limit,0.0014176076989080722,-0.19858239230109187,320,,-0.2003007691143396,0.00030076911433959963
hand_friction_sweep_joint18_joint_5_3_20260811_145243.csv,71,18,joint_5_3,1,0.2,0.2,1.6801683902740479,-1.52349790406585,1.4941763726323454,3.0176742766981954,1.7960546658100087,upper_limit,0.0008871095484576721,0.20088710954845765,306,,0.20009481628058737,-9.481628058735647e-05
hand_friction_sweep_joint18_joint_5_3_20260811_145243.csv,72,18,joint_5_3,-1,0.2,-0.2,1.7667193412780762,1.5683528658421044,-1.4973179652859352,-3.0656708311280396,-1.7352336387002356,lower_limit,0.0014134837621952979,-0.19858651623780468,322,,-0.2002860897149843,0.00028608971498428337
hand_friction_sweep_joint18_joint_5_3_20260811_145243.csv,73,18,joint_5_3,1,0.2,0.2,1.6754875183105469,-1.5360642746802091,1.4985396957623311,3.0346039704425403,1.8111767096316171,upper_limit,0.0009176766468283953,0.20091767664682836,306,,0.20153421345235337,-0.0015342134523533557
hand_friction_sweep_joint18_joint_5_3_20260811_145243.csv,74,18,joint_5_3,-1,0.2,-0.2,1.764530897140503,1.5859806912872472,-1.4962707677347389,-3.082251459021986,-1.746782368059922,lower_limit,0.0014440333210905185,-0.19855596667890946,322,,-0.2013853596664488,0.0013853596664487877
hand_friction_sweep_joint18_joint_5_3_20260811_145243.csv,75,18,joint_5_3,1,0.2,0.2,1.67840051651001,-1.5322245503258218,1.4957471689591402,3.0279717192849622,1.804081737046405,upper_limit,0.00095625546583513,0.20095625546583512,306,,0.20085887593889382,-0.000858875938893805
hand_friction_sweep_joint18_joint_5_3_20260811_145243.csv,76,18,joint_5_3,-1,0.2,-0.2,1.761836767196655,1.5713199255704948,-1.4962707677347389,-3.0675906933052337,-1.7411321811533242,lower_limit,0.0013847399320614227,-0.19861526006793853,322,,-0.20084754459665746,0.0008475445966574513
hand_friction_sweep_joint18_joint_5_3_20260811_145243.csv,77,18,joint_5_3,1,0.2,0.2,1.676651954650879,-1.5241960357666475,1.5027284859671175,3.026924521733765,1.8053386174377775,upper_limit,0.0009085300941812485,0.20090853009418122,306,,0.20097851255031562,-0.0009785125503156133
hand_friction_sweep_joint18_joint_5_3_20260811_145243.csv,78,18,joint_5_3,-1,0.2,-0.2,1.763695478439331,1.5805701706060646,-1.4985396957623311,-3.0791098663683956,-1.7458285197244232,lower_limit,0.001391125967938842,-0.19860887403206115,322,,-0.20129456727008974,0.0012945672700897248
hand_friction_sweep_joint18_joint_5_3_20260811_145243.csv,79,18,joint_5_3,1,0.2,0.2,1.6682343482971191,-1.525068700392645,1.4851006605219748,3.01016936091462,1.8044043775907777,upper_limit,0.0009620430687109173,0.2009620430687109,304,,0.2008895865949761,-0.0008895865949760939
hand_friction_sweep_joint18_joint_5_3_20260811_145243.csv,80,18,joint_5_3,-1,0.2,-0.2,1.7563378810882568,1.5591026208065344,-1.500459557939525,-3.0595621787460594,-1.7420122925608725,lower_limit,0.001502112074349663,-0.19849788792565032,320,,-0.20093131831704925,0.0009313183170492345
hand_friction_sweep_joint18_joint_5_3_20260811_145243.csv,81,18,joint_5_3,1,0.25,0.25,1.316540241241455,-1.5346680112786135,1.505695545695508,3.040363556974121,2.3093586217365876,upper_limit,0.001287868478493092,0.25128786847849305,240,,0.24895383766242266,0.0010461623375773443
hand_friction_sweep_joint18_joint_5_3_20260811_145243.csv,82,18,joint_5_3,-1,0.25,-0.25,1.3707003593444824,1.6062265106103812,-1.4866714568487698,-3.092897967459151,-2.25643624178977,lower_limit,0.0007369749686642191,-0.24926302503133577,250,,-0.2498969466635761,-0.00010305333642390835
hand_friction_sweep_joint18_joint_5_3_20260811_145243.csv,83,18,joint_5_3,1,0.25,0.25,1.3161907196044924,-1.5322245503258218,1.5015067554907215,3.033731305816543,2.3049329102762264,upper_limit,0.001239264077974689,0.2512392640779747,240,,0.24853257472771317,0.0014674252722868264
hand_friction_sweep_joint18_joint_5_3_20260811_145243.csv,84,18,joint_5_3,-1,0.25,-0.25,1.3802130222320557,1.6184438153743417,-1.500808623789924,-3.1192524391642658,-2.2599789952132654,lower_limit,0.000968030901865945,-0.24903196909813402,252,,-0.2502341649204599,0.00023416492045991166
hand_friction_sweep_joint18_joint_5_3_20260811_145243.csv,85,18,joint_5_3,1,0.25,0.25,1.304619789123535,-1.522276173589454,1.4845770617463765,3.0068532353358304,2.304773590285553,upper_limit,0.0013601718000342473,0.2513601718000342,238,,0.24851740979718615,0.001482590202813855
hand_friction_sweep_joint18_joint_5_3_20260811_145243.csv,86,18,joint_5_3,-1,0.25,-0.25,1.370166540145874,1.59435827169682,-1.5011576896403227,-3.095515961337143,-2.2592260653274896,lower_limit,0.0009408357404144265,-0.24905916425958555,250,,-0.25016249701889126,0.0001624970188912611
hand_friction_sweep_joint18_joint_5_3_20260811_145243.csv,87,18,joint_5_3,1,0.25,0.25,1.3061668872833252,-1.5261158979438416,1.4877186543999663,3.013834552343808,2.3073885746807075,upper_limit,0.0013233666597431224,0.25132336665974314,238,,0.2487663180259283,0.0012336819740716987
hand_friction_sweep_joint18_joint_5_3_20260811_145243.csv,88,18,joint_5_3,-1,0.25,-0.25,1.3605849742889404,1.5870278888384437,-1.490860247053556,-3.0778881358919996,-2.2621800137845445,lower_limit,0.0008404247947265149,-0.24915957520527346,248,,-0.25044366966359366,0.0004436696635936599
hand_friction_sweep_joint18_joint_5_3_20260811_145243.csv,89,18,joint_5_3,1,0.25,0.25,1.3030712604522705,-1.5273376284202376,1.491209312903955,3.0185469413241925,2.3164864677289514,upper_limit,0.0014129045920631422,0.2514129045920631,238,,0.2496323042429474,0.0003676957570525885
hand_friction_sweep_joint18_joint_5_3_20260811_145243.csv,90,18,joint_5_3,-1,0.25,-0.25,1.3705296516418457,1.5796975059800675,-1.4950490372583425,-3.07474654323841,-2.243473199981462,lower_limit,0.0010206872835063717,-0.24897931271649362,250,,-0.2486630548737837,-0.0013369451262162935
hand_friction_sweep_joint18_joint_5_3_20260811_145243.csv,91,18,joint_5_3,1,0.25,0.25,1.3040947914123535,-1.5442673221645826,1.4938273067819463,3.0380946289465287,2.3296578200854774,upper_limit,0.0013353985320945358,0.2513353985320945,238,,0.25088602414708006,-0.0008860241470800556
hand_friction_sweep_joint18_joint_5_3_20260811_145243.csv,92,18,joint_5_3,-1,0.25,-0.25,1.3602678775787354,1.6039575825827888,-1.484751594671576,-3.0887091772543647,-2.270662439483787,lower_limit,0.0008223490357429042,-0.24917765096425706,248,,-0.25125107239997235,0.0012510723999723528
hand_friction_sweep_joint18_joint_5_3_20260811_145243.csv,93,18,joint_5_3,1,0.25,0.25,1.304481029510498,-1.537635071007004,1.4922565104551515,3.0298915814621554,2.322679680975592,upper_limit,0.00131757818596999,0.25131757818596995,238,,0.2502218074699265,-0.0002218074699265049
hand_friction_sweep_joint18_joint_5_3_20260811_145243.csv,94,18,joint_5_3,-1,0.25,-0.25,1.3701186180114746,1.608495438637974,-1.4969688994355363,-3.10546433807351,-2.2665660456323367,lower_limit,0.0008281128568808631,-0.24917188714311908,250,,-0.2508611556801311,0.0008611556801311204
hand_friction_sweep_joint18_joint_5_3_20260811_145243.csv,95,18,joint_5_3,1,0.25,0.25,1.3027429580688474,-1.5426965258377878,1.485798792222773,3.0284953180605605,2.324706726912517,upper_limit,0.0013885026187021093,0.25138850261870205,238,,0.2504147525653825,-0.0004147525653824813
hand_friction_sweep_joint18_joint_5_3_20260811_145243.csv,96,18,joint_5_3,-1,0.25,-0.25,1.3613953590393064,1.592787475370025,-1.4889403848763625,-3.081727860246388,-2.263653860566313,lower_limit,0.0008962388668456016,-0.24910376113315436,249,,-0.250583958298802,0.0005839582988019787
hand_friction_sweep_joint18_joint_5_3_20260811_145243.csv,97,18,joint_5_3,1,0.25,0.25,1.3034515380859375,-1.539554933184198,1.4985396957623311,3.038094628946529,2.3308075062060536,upper_limit,0.001258854718581296,0.2512588547185812,238,,0.25099545743334073,-0.0009954574333407296
hand_friction_sweep_joint18_joint_5_3_20260811_145243.csv,98,18,joint_5_3,-1,0.25,-0.25,1.369903326034546,1.5997687923780024,-1.4950490372583425,-3.094817829636345,-2.259150533340847,lower_limit,0.0008731499075491716,-0.2491268500924508,250,,-0.2501553074796178,0.00015530747961778335
hand_friction_sweep_joint18_joint_5_3_20260811_145243.csv,99,18,joint_5_3,1,0.25,0.25,1.3038055896759033,-1.5426965258377878,1.489987582427559,3.0326841082653466,2.3260247787549395,upper_limit,0.0013264559136731092,0.2513264559136731,238,,0.25054021180334035,-0.0005402118033403513
hand_friction_sweep_joint18_joint_5_3_20260811_145243.csv,100,18,joint_5_3,-1,0.25,-0.25,1.3669395446777344,1.598896127752005,-1.5020303542663198,-3.100926482018325,-2.2685176488543175,lower_limit,0.000883788477020837,-0.2491162115229791,250,,-0.2510469197336722,0.0010469197336722136
hand_friction_sweep_joint18_joint_5_3_20260811_145243.csv,101,18,joint_5_3,1,0.3,0.3,1.0728213787078855,-1.5372860051566053,1.490860247053556,3.028146252210161,2.82260058599623,upper_limit,0.001626390324528746,0.3016263903245287,196,,0.2978069583451783,0.0021930416548217035
hand_friction_sweep_joint18_joint_5_3_20260811_145243.csv,102,18,joint_5_3,-1,0.3,-0.3,1.1274793148040771,1.6184438153743417,-1.5119787310026875,-3.130422546377029,-2.7764789165298387,lower_limit,0.0004573963804183046,-0.2995426036195817,206,,-0.29939739541567223,-0.0006026045843277594
hand_friction_sweep_joint18_joint_5_3_20260811_145243.csv,103,18,joint_5_3,1,0.3,0.3,1.071295976638794,-1.5388568014834003,1.4999359591639267,3.0387927606473273,2.8365576151808036,upper_limit,0.0015814596229955491,0.30158145962299554,196,,0.29913546318033973,0.0008645368196602554
hand_friction_sweep_joint18_joint_5_3_20260811_145243.csv,104,18,joint_5_3,-1,0.3,-0.3,1.1274704933166504,1.6219344738783303,-1.505870078620707,-3.1278045524990374,-2.7741786335339533,lower_limit,0.0004111297773690007,-0.299588870222631,206,,-0.29917844215263467,-0.0008215578473653173
hand_friction_sweep_joint18_joint_5_3_20260811_145243.csv,105,18,joint_5_3,1,0.3,0.3,1.0737636089324951,-1.5269885625698387,1.4992378274631288,3.0262263900329676,2.818335772285629,upper_limit,0.0016696767360892862,0.3016696767360893,196,,0.29740101052056106,0.002598989479438929
hand_friction_sweep_joint18_joint_5_3_20260811_145243.csv,106,18,joint_5_3,-1,0.3,-0.3,1.1251277923583984,1.6334536469414929,-1.5055210127703085,-3.1389746597118013,-2.7898827857875115,lower_limit,0.0003683813512572031,-0.29963161864874277,206,,-0.3006732475245417,0.0006732475245417313
hand_friction_sweep_joint18_joint_5_3_20260811_145243.csv,107,18,joint_5_3,1,0.3,0.3,1.0695085525512695,-1.537635071007004,1.4838789300455788,3.0215140010525827,2.8251424393427085,upper_limit,0.0016808361189235724,0.30168083611892355,196,,0.29804890556878944,0.0019510944312105538
hand_friction_sweep_joint18_joint_5_3_20260811_145243.csv,108,18,joint_5_3,-1,0.3,-0.3,1.1151413917541504,1.6228071385043277,-1.4901621153527584,-3.112969253857086,-2.791546683564757,lower_limit,0.00038306975916538256,-0.2996169302408346,204,,-0.3008316262320053,0.0008316262320053336
hand_friction_sweep_joint18_joint_5_3_20260811_145243.csv,109,18,joint_5_3,1,0.3,0.3,1.0700223445892334,-1.5346680112786135,1.4969688994355363,3.03163691071415,2.8332463579327896,upper_limit,0.0015400794736751347,0.3015400794736751,196,,0.29882027997005367,0.0011797200299463184
hand_friction_sweep_joint18_joint_5_3_20260811_145243.csv,110,18,joint_5_3,-1,0.3,-0.3,1.1250410079956055,1.6299629884375042,-1.4973179652859352,-3.1272809537234396,-2.7797039676758657,lower_limit,0.0003347118184114087,-0.29966528818158855,206,,-0.29970437306718245,-0.0002956269328175387
hand_friction_sweep_joint18_joint_5_3_20260811_145243.csv,111,18,joint_5_3,1,0.3,0.3,1.0677566528320312,-1.52349790406585,1.4938273067819463,3.0173252108477966,2.825854751496877,upper_limit,0.0016351568781530071,0.301635156878153,196,,0.29811670725698847,0.001883292743011522
hand_friction_sweep_joint18_joint_5_3_20260811_145243.csv,112,18,joint_5_3,-1,0.3,-0.3,1.126016616821289,1.6341517786422906,-1.5088371383490975,-3.142988916991388,-2.7912455909078417,lower_limit,0.0003710715839022443,-0.29962892841609773,206,,-0.3008029666193289,0.0008029666193289375
hand_friction_sweep_joint18_joint_5_3_20260811_145243.csv,113,18,joint_5_3,1,0.3,0.3,1.0630898475646973,-1.5357152088298105,1.485798792222773,3.0215140010525836,2.842200034149702,upper_limit,0.0017743273016267442,0.3017743273016267,194,,0.29967253885619155,0.0003274611438084385
hand_friction_sweep_joint18_joint_5_3_20260811_145243.csv,114,18,joint_5_3,-1,0.3,-0.3,1.1144218444824219,1.611287965441165,-1.4924310433803512,-3.103719008821516,-2.785048609903188,lower_limit,0.00040490214918435335,-0.2995950978508157,204,,-0.3002131047569502,0.0002131047569501887
hand_friction_sweep_joint18_joint_5_3_20260811_145243.csv,115,18,joint_5_3,1,0.3,0.3,1.0697360038757324,-1.5212289760382576,1.5037756835183145,3.025004659556572,2.827804849604722,upper_limit,0.0016272348594190604,0.30162723485941906,196,,0.29830232804570006,0.0016976719542999286
hand_friction_sweep_joint18_joint_5_3_20260811_145243.csv,116,18,joint_5_3,-1,0.3,-0.3,1.1283156871795654,1.6414821615006667,-1.506917276171904,-3.1483994376725706,-2.790353332357347,lower_limit,0.00046112830674251485,-0.29953887169325744,206,,-0.3007180366687735,0.000718036668773514
hand_friction_sweep_joint18_joint_5_3_20260811_145243.csv,117,18,joint_5_3,1,0.3,0.3,1.0736331939697263,-1.5423474599873888,1.5111060663766904,3.053453526364079,2.8440379298203577,upper_limit,0.0015518559961856895,0.30155185599618567,196,,0.2998474796156253,0.00015252038437468807
hand_friction_sweep_joint18_joint_5_3_20260811_145243.csv,118,18,joint_5_3,-1,0.3,-0.3,1.1273183822631836,1.6414821615006667,-1.5062191444711062,-3.147701305971773,-2.792202589345262,lower_limit,0.0004349813653515994,-0.29956501863464835,206,,-0.30089405885927056,0.0008940588592705745
hand_friction_sweep_joint18_joint_5_3_20260811_145243.csv,119,18,joint_5_3,1,0.3,0.3,1.072783946990967,-1.5296065564478305,1.5107570005262916,3.040363556974122,2.8340874837864463,upper_limit,0.0014394985837480018,0.30143949858374797,196,,0.29890034283649786,0.0010996571635021324
hand_friction_sweep_joint18_joint_5_3_20260811_145243.csv,120,18,joint_5_3,-1,0.3,-0.3,1.127608060836792,1.6549211967410231,-1.493652773856747,-3.14857397059777,-2.7922591900072353,lower_limit,0.00026514249458184776,-0.2997348575054181,206,,-0.3008994464136069,0.0008994464136068969
hand_friction_sweep_joint19_joint_5_4_20260811_150022.csv,21,19,joint_5_4,1,0.1,0.1,4.17115592956543,-1.5964526667992132,1.4894639836519608,3.085916650451174,0.7398228938357332,upper_limit,-0.003068282563574832,0.09693171743642509,759,,0.09941715150563947,0.0005828484943605355
hand_friction_sweep_joint19_joint_5_4_20260811_150022.csv,22,19,joint_5_4,-1,0.1,-0.1,3.6789944171905518,1.510233401750693,-1.4878931873251655,-2.9981265890758584,-0.8149309971949794,lower_limit,-0.003070641052533821,-0.10307064105253382,670,,-0.09890771038051556,-0.0010922896194844461
hand_friction_sweep_joint19_joint_5_4_20260811_150022.csv,23,19,joint_5_4,1,0.1,0.1,4.041316509246826,-1.5166911199830722,1.485973325147972,3.0026644451310442,0.742991655877665,upper_limit,-0.003151459432572973,0.09684854056742695,736,,0.09971320984230436,0.0002867901576956433
hand_friction_sweep_joint19_joint_5_4_20260811_150022.csv,24,19,joint_5_4,-1,0.1,-0.1,3.6770937442779545,1.5098843359002942,-1.4840534629707782,-2.9939377988710723,-0.8142130734442211,lower_limit,-0.0030786823032399745,-0.10307868230324001,670,,-0.09884063456078246,-0.0011593654392175468
hand_friction_sweep_joint19_joint_5_4_20260811_150022.csv,25,19,joint_5_4,1,0.1,0.1,4.030693054199219,-1.511804198077488,1.487544121474767,2.999348319552255,0.7441271958001123,upper_limit,-0.0031663711361296595,0.09683362886387024,734,,0.0998193036594505,0.00018069634054949935
hand_friction_sweep_joint19_joint_5_4_20260811_150022.csv,26,19,joint_5_4,-1,0.1,-0.1,3.677898406982422,1.5074408749475023,-1.4922565104551515,-2.999697385402654,-0.8156009365859003,lower_limit,-0.003075319993138257,-0.10307531999313828,670,,-0.09897030300789424,-0.0010296969921057691
hand_friction_sweep_joint19_joint_5_4_20260811_150022.csv,27,19,joint_5_4,1,0.1,0.1,4.046094655990601,-1.5182619163098672,1.4868459897739692,3.005107906083836,0.742718142205227,upper_limit,-0.0031554361076690796,0.09684456389233083,736,,0.0996876553822832,0.00031234461771680044
hand_friction_sweep_joint19_joint_5_4_20260811_150022.csv,28,19,joint_5_4,-1,0.1,-0.1,3.678784132003784,1.512153263927887,-1.4856242592975732,-2.9977775232254604,-0.8148826937536592,lower_limit,-0.0030766222158512668,-0.10307662221585127,666,,-0.09890319737628765,-0.0010968026237123535
hand_friction_sweep_joint19_joint_5_4_20260811_150022.csv,29,19,joint_5_4,1,0.1,0.1,4.031923294067383,-1.5125023297782858,1.4837043971203794,2.996206726898665,0.7431209644556773,upper_limit,-0.0031701688078515206,0.0968298311921484,732,,0.09972529117943736,0.0002747088205626441
hand_friction_sweep_joint19_joint_5_4_20260811_150022.csv,30,19,joint_5_4,-1,0.1,-0.1,3.6482350826263428,1.5079644737231006,-1.490336648277958,-2.9983011220010587,-0.821849758607825,lower_limit,-0.0030867750357555616,-0.10308677503575557,660,,-0.09955413222240925,-0.00044586777759075824
hand_friction_sweep_joint19_joint_5_4_20260811_150022.csv,31,19,joint_5_4,1,0.1,0.1,4.04542875289917,-1.5217525748138558,1.4852751934471744,3.0070277682610302,0.7433149739952863,upper_limit,-0.003150052679524753,0.09684994732047517,730,,0.09974341754577024,0.0002565824542297701
hand_friction_sweep_joint19_joint_5_4_20260811_150022.csv,32,19,joint_5_4,-1,0.1,-0.1,3.69447922706604,1.5144221919554797,-1.489114917801562,-3.0035371097570414,-0.8129798342762078,lower_limit,-0.003062627442160064,-0.10306262744216008,668,,-0.09872541267540243,-0.0012745873245975786
hand_friction_sweep_joint19_joint_5_4_20260811_150022.csv,33,19,joint_5_4,1,0.1,0.1,4.044281244277954,-1.5159929882822745,1.4837043971203794,2.999697385402654,0.7417133488544526,upper_limit,-0.0031603249727149767,0.09683967502728494,732,,0.0995937772544258,0.00040622274557421123
hand_friction_sweep_joint19_joint_5_4_20260811_150022.csv,34,19,joint_5_4,-1,0.1,-0.1,3.6513452529907227,1.5151203236562774,-1.490336648277958,-3.0054569719342354,-0.8231095017576174,lower_limit,-0.0030739719124463316,-0.10307397191244633,662,,-0.09967183038232698,-0.000328169617673027
hand_friction_sweep_joint19_joint_5_4_20260811_150022.csv,35,19,joint_5_4,1,0.1,0.1,4.086549282073975,-1.5175637846090697,1.485973325147972,3.003537109757042,0.7349812525037528,upper_limit,-0.003148060918461446,0.09685193908153847,740,,0.09896479558225171,0.0010352044177482922
hand_friction_sweep_joint19_joint_5_4_20260811_150022.csv,36,19,joint_5_4,-1,0.1,-0.1,3.6591315269470215,1.5140731261050808,-1.490336648277958,-3.004409774383039,-0.821071817795452,lower_limit,-0.0030797122079427738,-0.10307971220794279,662,,-0.09948144899158055,-0.0005185510084194517
hand_friction_sweep_joint19_joint_5_4_20260811_150022.csv,37,19,joint_5_4,1,0.1,0.1,4.056274175643921,-1.5159929882822745,1.4894639836519608,3.005456971934235,0.7409402919508339,upper_limit,-0.0031537528936463935,0.09684624710635352,735,,0.09952155032857775,0.0004784496714222569
hand_friction_sweep_joint19_joint_5_4_20260811_150022.csv,38,19,joint_5_4,-1,0.1,-0.1,3.6487672328948975,1.5140731261050808,-1.485973325147972,-3.000046451253053,-0.8222082308256327,lower_limit,-0.00308321024809177,-0.10308321024809178,658,,-0.09958762438342995,-0.0004123756165700515
hand_friction_sweep_joint19_joint_5_4_20260811_150022.csv,39,19,joint_5_4,1,0.1,0.1,4.06589674949646,-1.5140731261050808,1.4856242592975732,2.999697385402654,0.7377701821311992,upper_limit,-0.003171652581608784,0.09682834741839112,732,,0.09922536606865966,0.0007746339313403489
hand_friction_sweep_joint19_joint_5_4_20260811_150022.csv,40,19,joint_5_4,-1,0.1,-0.1,3.6533432006835938,1.5079644737231006,-1.4856242592975732,-2.993588733020674,-0.8194107612064834,lower_limit,-0.0030851841177923713,-0.1030851841177924,662,,-0.09932625600317412,-0.0006737439968258901
hand_friction_sweep_joint19_joint_5_4_20260811_150022.csv,41,19,joint_5_4,1,0.15,0.15,2.3633835315704346,-1.5090116712742971,1.4894639836519608,2.998475654926258,1.268721565870358,upper_limit,-0.003119099744348916,0.14688090025565098,426,,0.14883230450065052,0.0011676954993494748
hand_friction_sweep_joint19_joint_5_4_20260811_150022.csv,42,19,joint_5_4,-1,0.15,-0.15,2.2161684036254883,1.5301301552234283,-1.4994123603883285,-3.029542515611757,-1.3670181880833825,lower_limit,-0.0030619321086023054,-0.1530619321086023,402,,-0.1504893732714186,0.0004893732714185972
hand_friction_sweep_joint19_joint_5_4_20260811_150022.csv,43,19,joint_5_4,1,0.15,0.15,2.385617971420288,-1.5528194354993547,1.493652773856747,3.046472209356102,1.2770159538756205,upper_limit,-0.0030652818233043496,0.14693471817669557,430,,0.14960725152538648,0.0003927484746135135
hand_friction_sweep_joint19_joint_5_4_20260811_150022.csv,44,19,joint_5_4,-1,0.15,-0.15,2.2063684463500977,1.5297810893730297,-1.489114917801562,-3.0188960071745914,-1.3682646759060682,lower_limit,-0.003076413360362065,-0.15307641336036207,400,,-0.15060583298236377,0.0006058329823637743
hand_friction_sweep_joint19_joint_5_4_20260811_150022.csv,45,19,joint_5_4,1,0.15,0.15,2.371520757675171,-1.5439182563141838,1.4945254384827442,3.038443694796928,1.281221631715992,upper_limit,-0.0030842302329576227,0.1469157697670423,430,,0.1500001891993084,-1.8919930841465593e-07
hand_friction_sweep_joint19_joint_5_4_20260811_150022.csv,46,19,joint_5_4,-1,0.15,-0.15,2.2059035301208496,1.5332717478770184,-1.4864969239235704,-3.0197686718005885,-1.3689486555357893,lower_limit,-0.003076578691000217,-0.15307657869100022,398,,-0.15066973739323725,0.0006697373932372519
hand_friction_sweep_joint19_joint_5_4_20260811_150022.csv,47,19,joint_5_4,1,0.15,0.15,2.3689181804656982,-1.543220124613386,1.4941763726323454,3.0373964972457315,1.28218716977748,upper_limit,-0.0030905217624439397,0.14690947823755598,428,,0.15009039969434973,-9.039969434973538e-05
hand_friction_sweep_joint19_joint_5_4_20260811_150022.csv,48,19,joint_5_4,-1,0.15,-0.15,2.208832025527954,1.5313518856998245,-1.490336648277958,-3.0216885339777826,-1.3680028626239877,lower_limit,-0.003070473993526833,-0.15307047399352683,400,,-0.15058137169313351,0.00058137169313352
hand_friction_sweep_joint19_joint_5_4_20260811_150022.csv,49,19,joint_5_4,1,0.15,0.15,2.3693349361419678,-1.5428710587629872,1.487544121474767,3.030415180237754,1.2790151084220434,upper_limit,-0.0030803275826696568,0.14691967241733025,430,,0.14979403310188794,0.00020596689811205882
hand_friction_sweep_joint19_joint_5_4_20260811_150022.csv,50,19,joint_5_4,-1,0.15,-0.15,2.2053325176239014,1.5310028198494257,-1.487544121474767,-3.0185469413241925,-1.3687491193284882,lower_limit,-0.0030734267002624936,-0.1530734267002625,400,,-0.1506510946687738,0.0006510946687738051
hand_friction_sweep_joint19_joint_5_4_20260811_150022.csv,51,19,joint_5_4,1,0.15,0.15,2.367098569869995,-1.543569190463785,1.4917329116795532,3.035302102143338,1.2822880047238767,upper_limit,-0.003076611250973623,0.1469233887490263,430,,0.15009982073200193,-9.982073200193176e-05
hand_friction_sweep_joint19_joint_5_4_20260811_150022.csv,52,19,joint_5_4,-1,0.15,-0.15,2.1912209987640385,1.5323990832510213,-1.4845770617463765,-3.0169761449973977,-1.3768470394812424,lower_limit,-0.00307939625855376,-0.15307939625855377,398,,-0.1514076856463052,0.0014076856463051957
hand_friction_sweep_joint19_joint_5_4_20260811_150022.csv,53,19,joint_5_4,1,0.15,0.15,2.3586361408233643,-1.5365878734558076,1.4878931873251655,3.024481060780973,1.282300821408245,upper_limit,-0.003091030596205046,0.14690896940379486,428,,0.150101018198459,-0.0001010181984590075
hand_friction_sweep_joint19_joint_5_4_20260811_150022.csv,54,19,joint_5_4,-1,0.15,-0.15,2.2012343406677246,1.5294320235226309,-1.488765851951163,-3.0181978754737937,-1.3711388286620363,lower_limit,-0.003070270553230226,-0.15307027055323022,400,,-0.15087436588985023,0.0008743658898502371
hand_friction_sweep_joint19_joint_5_4_20260811_150022.csv,55,19,joint_5_4,1,0.15,0.15,2.3714208602905273,-1.5451399867905795,1.4926055763055506,3.03774556309613,1.2809812100261149,upper_limit,-0.0030757983181427142,0.1469242016818572,428,,0.14997772653260727,2.2273467392724955e-05
hand_friction_sweep_joint19_joint_5_4_20260811_150022.csv,56,19,joint_5_4,-1,0.15,-0.15,2.2072231769561768,1.5323990832510213,-1.4971434323607358,-3.029542515611757,-1.3725583109314672,lower_limit,-0.0031034498218858683,-0.15310344982188587,385,,-0.1510069885210393,0.0010069885210393092
hand_friction_sweep_joint19_joint_5_4_20260811_150022.csv,57,19,joint_5_4,1,0.15,0.15,2.3767988681793213,-1.557008225704141,1.4933037080063485,3.0503119337104896,1.283369819191766,upper_limit,-0.0030679621145248,0.1469320378854751,426,,0.15020089496468494,-0.00020089496468495005
hand_friction_sweep_joint19_joint_5_4_20260811_150022.csv,58,19,joint_5_4,-1,0.15,-0.15,2.1994085311889653,1.5285593588966335,-1.4917329116795532,-3.0202922705761868,-1.3732293149483532,lower_limit,-0.0030708950416935108,-0.15307089504169355,397,,-0.15106968061672396,0.001069680616723967
hand_friction_sweep_joint19_joint_5_4_20260811_150022.csv,59,19,joint_5_4,1,0.15,0.15,2.36920166015625,-1.5454890526409786,1.4894639836519608,3.034953036292939,1.28100240993955,upper_limit,-0.003077835520693901,0.146922164479306,425,,0.14997970724653467,2.0292753465323e-05
hand_friction_sweep_joint19_joint_5_4_20260811_150022.csv,60,19,joint_5_4,-1,0.15,-0.15,2.1997718811035156,1.5313518856998245,-1.4933037080063485,-3.024655593706173,-1.3749860245458063,lower_limit,-0.0030658211711305085,-0.15306582117113052,398,,-0.1512338104928532,0.0012338104928532045
hand_friction_sweep_joint19_joint_5_4_20260811_150022.csv,61,19,joint_5_4,1,0.2,0.2,1.6670348644256592,-1.5442673221645826,1.490336648277958,3.0346039704425407,1.8203602307310158,upper_limit,-0.0030445460039632173,0.1969554539960367,304,,0.20037206147751904,-0.0003720614775190312
hand_friction_sweep_joint19_joint_5_4_20260811_150022.csv,62,19,joint_5_4,-1,0.2,-0.2,1.590707540512085,1.528210293046235,-1.485973325147972,-3.014183618194207,-1.894869761680939,lower_limit,-0.003058712019447694,-0.20305871201944772,290,,-0.19980669556235636,-0.0001933044376436488
hand_friction_sweep_joint19_joint_5_4_20260811_150022.csv,63,19,joint_5_4,1,0.2,0.2,1.6772518157958984,-1.5669566024405088,1.495223570183542,3.0621801726240507,1.8257128379801268,upper_limit,-0.0030108123536034905,0.19698918764639645,306,,0.20087215709152298,-0.0008721570915229682
hand_friction_sweep_joint19_joint_5_4_20260811_150022.csv,64,19,joint_5_4,-1,0.2,-0.2,1.5897862911224365,1.5336208137274172,-1.4856242592975732,-3.0192450730249902,-1.8991515336903007,lower_limit,-0.003064089401323099,-0.20306408940132314,290,,-0.2002067427360776,0.00020674273607759752
hand_friction_sweep_joint19_joint_5_4_20260811_150022.csv,65,19,joint_5_4,1,0.2,0.2,1.6779656410217285,-1.5723671231216914,1.487195055624368,3.0595621787460594,1.8233759404531455,upper_limit,-0.003017372144411179,0.19698262785558873,306,,0.2006538200925186,-0.0006538200925185755
hand_friction_sweep_joint19_joint_5_4_20260811_150022.csv,66,19,joint_5_4,-1,0.2,-0.2,1.5874886512756348,1.5285593588966335,-1.4852751934471744,-3.013834552343808,-1.8984920301143733,lower_limit,-0.0030684758575450027,-0.20306847585754503,290,,-0.20014512512985477,0.00014512512985476178
hand_friction_sweep_joint19_joint_5_4_20260811_150022.csv,67,19,joint_5_4,1,0.2,0.2,1.676522970199585,-1.5695745963185004,1.485973325147972,3.0555479214664727,1.82255058581316,upper_limit,-0.0030198417726770366,0.1969801582273229,306,,0.20057670697432314,-0.0005767069743231323
hand_friction_sweep_joint19_joint_5_4_20260811_150022.csv,68,19,joint_5_4,-1,0.2,-0.2,1.5999000072479248,1.5317009515502236,-1.4983651628371315,-3.0300661143873553,-1.893909682267917,lower_limit,-0.0030479997168757333,-0.20304799971687576,292,,-0.19971699507039004,-0.0002830049296099757
hand_friction_sweep_joint19_joint_5_4_20260811_150022.csv,69,19,joint_5_4,1,0.2,0.2,1.683075189590454,-1.574985116999683,1.4906857141283567,3.0656708311280396,1.8214699201133226,upper_limit,-0.0030038823013598752,0.19699611769864003,308,,0.20047574007136515,-0.0004757400713651383
hand_friction_sweep_joint19_joint_5_4_20260811_150022.csv,70,19,joint_5_4,-1,0.2,-0.2,1.5796961784362793,1.5304792210738274,-1.4845770617463765,-3.015056282820204,-1.9086304847586382,lower_limit,-0.0030623355760064563,-0.2030623355760065,288,,-0.2010923638238981,0.0010923638238981015
hand_friction_sweep_joint19_joint_5_4_20260811_150022.csv,71,19,joint_5_4,1,0.2,0.2,1.6767520904541016,-1.565385806113714,1.4922565104551515,3.0576423165688658,1.823550621452208,upper_limit,-0.0030149907026360595,0.19698500929736387,306,,0.200670140587824,-0.0006701405878239974
hand_friction_sweep_joint19_joint_5_4_20260811_150022.csv,72,19,joint_5_4,-1,0.2,-0.2,1.600353717803955,1.5294320235226309,-1.502903018892317,-3.032335042414948,-1.8947905132972684,lower_limit,-0.0030489715993397256,-0.20304897159933974,292,,-0.19979929136338453,-0.00020070863661547644
hand_friction_sweep_joint19_joint_5_4_20260811_150022.csv,73,19,joint_5_4,1,0.2,0.2,1.6883280277252197,-1.5777776438028737,1.501332222565522,3.0791098663683956,1.8237628090064082,upper_limit,-0.0029981803848116127,0.1970018196151883,308,,0.20068996533121788,-0.0006899653312178733
hand_friction_sweep_joint19_joint_5_4_20260811_150022.csv,74,19,joint_5_4,-1,0.2,-0.2,1.5891249179840088,1.5304792210738274,-1.4933037080063485,-3.023782929080176,-1.902797505004326,lower_limit,-0.003056785360518906,-0.20305678536051894,290,,-0.20054738687043494,0.0005473868704349294
hand_friction_sweep_joint19_joint_5_4_20260811_150022.csv,75,19,joint_5_4,1,0.2,0.2,1.6699225902557373,-1.5739379194484862,1.4852751934471744,3.0592131128956606,1.8319490560500549,upper_limit,-0.0030176088661616994,0.19698239113383822,304,,0.20145480871522675,-0.0014548087152267408
hand_friction_sweep_joint19_joint_5_4_20260811_150022.csv,76,19,joint_5_4,-1,0.2,-0.2,1.5879979133605957,1.5294320235226309,-1.4837043971203794,-3.0131364206430105,-1.897443564183576,lower_limit,-0.0030710688381327036,-0.20307106883813275,290,,-0.2000471666604544,4.7166660454400766e-05
hand_friction_sweep_joint19_joint_5_4_20260811_150022.csv,77,19,joint_5_4,1,0.2,0.2,1.6646370887756348,-1.5550883635269477,1.4906857141283567,3.045774077655304,1.8296925487197429,upper_limit,-0.00303283607583146,0.19696716392416846,304,,0.20124398259510665,-0.0012439825951066352
hand_friction_sweep_joint19_joint_5_4_20260811_150022.csv,78,19,joint_5_4,-1,0.2,-0.2,1.5899155139923096,1.527163095495038,-1.4894639836519608,-3.016627079146999,-1.8973505526543282,lower_limit,-0.0030667815205135895,-0.2030667815205136,290,,-0.2000384765668862,3.847656688618639e-05
hand_friction_sweep_joint19_joint_5_4_20260811_150022.csv,79,19,joint_5_4,1,0.2,0.2,1.6688802242279053,-1.5657348719641129,1.4840534629707782,3.049788334934891,1.8274459069379003,upper_limit,-0.0030204754731365225,0.1969795245268634,304,,0.20103407821597927,-0.001034078215979256
hand_friction_sweep_joint19_joint_5_4_20260811_150022.csv,80,19,joint_5_4,-1,0.2,-0.2,1.587733268737793,1.5313518856998245,-1.4840534629707782,-3.015405348670603,-1.8991888675783513,lower_limit,-0.003063096817290845,-0.20306309681729087,290,,-0.2002102308518311,0.0002102308518310836
hand_friction_sweep_joint19_joint_5_4_20260811_150022.csv,81,19,joint_5_4,1,0.25,0.25,1.3037385940551756,-1.5704472609444975,1.4894639836519608,3.0599112445964582,2.34702819917208,upper_limit,-0.0029822050806571966,0.2470177949193427,238,,0.24957879920285608,0.0004212007971439169
hand_friction_sweep_joint19_joint_5_4_20260811_150022.csv,82,19,joint_5_4,-1,0.25,-0.25,1.2488698959350586,1.528210293046235,-1.5112805993018898,-3.039490892348125,-2.4337930654276727,lower_limit,-0.003031845620036069,-0.2530318456200361,228,,-0.25015845274256393,0.00015845274256393038
hand_friction_sweep_joint19_joint_5_4_20260811_150022.csv,83,19,joint_5_4,1,0.25,0.25,1.3139827251434326,-1.5983725289764068,1.4941763726323454,3.092548901608752,2.35356891870186,upper_limit,-0.0029396849686737347,0.2470603150313262,240,,0.2501899004843514,-0.00018990048435141293
hand_friction_sweep_joint19_joint_5_4_20260811_150022.csv,84,19,joint_5_4,-1,0.25,-0.25,1.2361795902252197,1.527163095495038,-1.5006340908647244,-3.0277971863597624,-2.449318214199061,lower_limit,-0.003041913148451681,-0.2530419131484517,226,,-0.2516089717972955,0.001608971797295522
hand_friction_sweep_joint19_joint_5_4_20260811_150022.csv,85,19,joint_5_4,1,0.25,0.25,1.3144690990447998,-1.6006414570039995,1.5037756835183145,3.104417140522314,2.361726983752023,upper_limit,-0.0029363003809746518,0.24706369961902527,240,,0.25095211081671287,-0.00095211081671287
hand_friction_sweep_joint19_joint_5_4_20260811_150022.csv,86,19,joint_5_4,-1,0.25,-0.25,1.2366080284118652,1.528210293046235,-1.4878931873251655,-3.0161034803714006,-2.4390133422026077,lower_limit,-0.003055966119362381,-0.25305596611936243,226,,-0.2506461846828189,0.0006461846828189066
hand_friction_sweep_joint19_joint_5_4_20260811_150022.csv,87,19,joint_5_4,1,0.25,0.25,1.311194658279419,-1.5929620082952245,1.4933037080063485,3.0862657163015728,2.353781489890635,upper_limit,-0.002948100299757525,0.24705189970024238,240,,0.2502097610708324,-0.000209761070832426
hand_friction_sweep_joint19_joint_5_4_20260811_150022.csv,88,19,joint_5_4,-1,0.25,-0.25,1.2469117641448975,1.5317009515502236,-1.5083135395734997,-3.0400144911237232,-2.43803497451842,lower_limit,-0.0030266678588376592,-0.2530266678588377,228,,-0.25055477551248856,0.0005547755124885589
hand_friction_sweep_joint19_joint_5_4_20260811_150022.csv,89,19,joint_5_4,1,0.25,0.25,1.3145699501037598,-1.600292391153601,1.502903018892317,3.1031954100459176,2.360616420450643,upper_limit,-0.002945677455622441,0.24705432254437745,240,,0.25084835057235977,-0.0008483505723597684
hand_friction_sweep_joint19_joint_5_4_20260811_150022.csv,90,19,joint_5_4,-1,0.25,-0.25,1.2510175704956055,1.5332717478770184,-1.5137240602546818,-3.0469958081317,-2.435613919414894,lower_limit,-0.0030162916225230374,-0.2530162916225231,228,,-0.2503285756472292,0.0003285756472292123
hand_friction_sweep_joint19_joint_5_4_20260811_150022.csv,91,19,joint_5_4,1,0.25,0.25,1.3144738674163818,-1.5973253314252105,1.495223570183542,3.0925489016087524,2.3526895271696833,upper_limit,-0.0029389520032252624,0.24706104799677464,240,,0.2501077386839864,-0.00010773868398639141
hand_friction_sweep_joint19_joint_5_4_20260811_150022.csv,92,19,joint_5_4,-1,0.25,-0.25,1.2362163066864014,1.5320500174006224,-1.4849261275967751,-3.0169761449973977,-2.4404921118410168,lower_limit,-0.003046839453099895,-0.2530468394530999,226,,-0.2507843465497135,0.0007843465497134883
hand_friction_sweep_joint19_joint_5_4_20260811_150022.csv,93,19,joint_5_4,1,0.25,0.25,1.3147261142730713,-1.590344014417233,1.5022048871915192,3.092548901608752,2.3522381338859017,upper_limit,-0.002949176897896281,0.24705082310210363,240,,0.2500655648814068,-6.556488140679884e-05
hand_friction_sweep_joint19_joint_5_4_20260811_150022.csv,94,19,joint_5_4,-1,0.25,-0.25,1.2381980419158936,1.529082957672232,-1.4868459897739692,-3.015928947446201,-2.435740362486426,lower_limit,-0.0030516195925388333,-0.25305161959253886,226,,-0.25034038925927865,0.0003403892592786506
hand_friction_sweep_joint19_joint_5_4_20260811_150022.csv,95,19,joint_5_4,1,0.25,0.25,1.3144288063049316,-1.5858061583620475,1.5063936773963056,3.092199835758353,2.352504617158398,upper_limit,-0.002952252335546567,0.24704774766445334,240,,0.2500904624891666,-9.046248916660948e-05
hand_friction_sweep_joint19_joint_5_4_20260811_150022.csv,96,19,joint_5_4,-1,0.25,-0.25,1.2483718395233154,1.5304792210738274,-1.5128513956286846,-3.0433306167025123,-2.4378398489544533,lower_limit,-0.003031384095042789,-0.25303138409504283,228,,-0.2505365448756833,0.0005365448756832758
hand_friction_sweep_joint19_joint_5_4_20260811_150022.csv,97,19,joint_5_4,1,0.25,0.25,1.3131883144378664,-1.6030849179567914,1.4955726360339407,3.098657553990732,2.3596444774313787,upper_limit,-0.0029411585893587048,0.24705884141064122,240,,0.2507575416602961,-0.0007575416602961238
hand_friction_sweep_joint19_joint_5_4_20260811_150022.csv,98,19,joint_5_4,-1,0.25,-0.25,1.2389349937438965,1.5323990832510213,-1.5048228810695108,-3.037221964320532,-2.451478067580004,lower_limit,-0.003033100552900075,-0.2530331005529001,226,,-0.25181076751150205,0.0018107675115020538
hand_friction_sweep_joint19_joint_5_4_20260811_150022.csv,99,19,joint_5_4,1,0.25,0.25,1.316648244857788,-1.6030849179567914,1.4999359591639267,3.103020877120718,2.356757690780104,upper_limit,-0.002933153052275124,0.24706684694772477,240,,0.2504878283643865,-0.0004878283643864889
hand_friction_sweep_joint19_joint_5_4_20260811_150022.csv,100,19,joint_5_4,-1,0.25,-0.25,1.239161252975464,1.5301301552234283,-1.4898130495023596,-3.019943204725788,-2.4370865353272824,lower_limit,-0.0030489129715479384,-0.25304891297154797,226,,-0.2504661625697556,0.00046616256975562376
hand_friction_sweep_joint19_joint_5_4_20260811_150022.csv,101,19,joint_5_4,1,0.3,0.3,1.0733685493469238,-1.5896458827164353,1.496445300659938,3.0860911833763733,2.875145899564565,upper_limit,-0.0029197143824111127,0.2970802856175888,196,,0.2989209857957534,0.0010790142042466089
hand_friction_sweep_joint19_joint_5_4_20260811_150022.csv,102,19,joint_5_4,-1,0.3,-0.3,1.0295045375823975,1.5301301552234283,-1.5079644737231006,-3.0380946289465287,-2.951025972241887,lower_limit,-0.0030179717146015654,-0.3030179717146016,188,,-0.29848366998305165,-0.0015163300169483418
hand_friction_sweep_joint19_joint_5_4_20260811_150022.csv,103,19,joint_5_4,1,0.3,0.3,1.0709474086761475,-1.599245193602404,1.4840534629707782,3.083298656573182,2.879038346415726,upper_limit,-0.002913468152655197,0.29708653184734474,196,,0.2992846582094789,0.0007153417905210735
hand_friction_sweep_joint19_joint_5_4_20260811_150022.csv,104,19,joint_5_4,-1,0.3,-0.3,1.0228033065795898,1.5320500174006224,-1.4971434323607358,-3.029193449761358,-2.961657857649525,lower_limit,-0.0030251455817269122,-0.3030251455817269,188,,-0.2994770100533203,-0.0005229899466797083
hand_friction_sweep_joint19_joint_5_4_20260811_150022.csv,105,19,joint_5_4,1,0.3,0.3,1.0759074687957764,-1.5987215948268056,1.502553953041918,3.101275547868724,2.882474225538993,upper_limit,-0.0028940641542770937,0.2971059358457228,198,,0.2996056733708433,0.0003943266291566716
hand_friction_sweep_joint19_joint_5_4_20260811_150022.csv,106,19,joint_5_4,-1,0.3,-0.3,1.0323419570922852,1.5329226820266195,-1.510233401750693,-3.043156083777313,-2.947817884249059,lower_limit,-0.002999792084364597,-0.3029997920843646,190,,-0.2981839374116364,-0.0018160625883635872
hand_friction_sweep_joint19_joint_5_4_20260811_150022.csv,107,19,joint_5_4,1,0.3,0.3,1.070030689239502,-1.600292391153601,1.4864969239235704,3.086789315077171,2.8847670876346836,upper_limit,-0.002918448817411576,0.29708155118258833,196,,0.2998198961270078,0.00018010387299216557
hand_friction_sweep_joint19_joint_5_4_20260811_150022.csv,108,19,joint_5_4,-1,0.3,-0.3,1.026301383972168,1.5310028198494257,-1.5055210127703085,-3.036523832619734,-2.9587057759459094,lower_limit,-0.00300595124883872,-0.3030059512488387,188,,-0.299201196222144,-0.0007988037778560164
hand_friction_sweep_joint19_joint_5_4_20260811_150022.csv,109,19,joint_5_4,1,0.3,0.3,1.0696296691894531,-1.5961036009488143,1.488765851951163,3.0848694528999774,2.8840537447298353,upper_limit,-0.0029095092746739028,0.29709049072532595,196,,0.29975324829700783,0.000246751702992154
hand_friction_sweep_joint19_joint_5_4_20260811_150022.csv,110,19,joint_5_4,-1,0.3,-0.3,1.0272870063781738,1.527512161345437,-1.5051719469199096,-3.0326841082653466,-2.95212933623822,lower_limit,-0.0030145971461350562,-0.3030145971461351,188,,-0.29858675759429154,-0.001413242405708448
hand_friction_sweep_joint19_joint_5_4_20260811_150022.csv,111,19,joint_5_4,1,0.3,0.3,1.0808391571044922,-1.6018631874803957,1.5159929882822745,3.11785617576267,2.8846624914249337,upper_limit,-0.0028842598775886182,0.2971157401224113,198,,0.29981012367345333,0.00018987632654665632
hand_friction_sweep_joint19_joint_5_4_20260811_150022.csv,112,19,joint_5_4,-1,0.3,-0.3,1.0271227359771726,1.5304792210738274,-1.4945254384827442,-3.0250046595565716,-2.9451248167325166,lower_limit,-0.003020220162033671,-0.30302022016203367,188,,-0.2979323233494496,-0.0020676766505504096
hand_friction_sweep_joint19_joint_5_4_20260811_150022.csv,113,19,joint_5_4,1,0.3,0.3,1.0809478759765625,-1.600292391153601,1.510233401750693,3.110525792904294,2.877590920000788,upper_limit,-0.002887417781187637,0.29711258221881226,198,,0.2991494247488464,0.0008505752511535625
hand_friction_sweep_joint19_joint_5_4_20260811_150022.csv,114,19,joint_5_4,-1,0.3,-0.3,1.0287842750549316,1.5304792210738274,-1.522101640664255,-3.0525808617380825,-2.967172939706034,lower_limit,-0.0029996014726838952,-0.3029996014726839,188,,-0.2999922857346791,-7.714265320868385e-06
hand_friction_sweep_joint19_joint_5_4_20260811_150022.csv,115,19,joint_5_4,1,0.3,0.3,1.0766563415527344,-1.5983725289764068,1.5060446115459067,3.1044171405223135,2.8833872246042587,upper_limit,-0.0029031497230718704,0.29709685027692806,196,,0.29969097513256043,0.0003090248674395557
hand_friction_sweep_joint19_joint_5_4_20260811_150022.csv,116,19,joint_5_4,-1,0.3,-0.3,1.0235803127288818,1.5336208137274172,-1.4990632945379294,-3.0326841082653466,-2.962819888729748,lower_limit,-0.003019682961306168,-0.30301968296130616,186,,-0.2995855789468539,-0.0004144210531460968
hand_friction_sweep_joint19_joint_5_4_20260811_150022.csv,117,19,joint_5_4,1,0.3,0.3,1.0727741718292234,-1.5987215948268056,1.4849261275967751,3.0836477224235805,2.874461189875171,upper_limit,-0.002910042238005434,0.29708995776199454,196,,0.29885701317519753,0.001142986824802461
hand_friction_sweep_joint19_joint_5_4_20260811_150022.csv,118,19,joint_5_4,-1,0.3,-0.3,1.0223219394683838,1.5304792210738274,-1.4913838458291544,-3.0218630669029816,-2.955882046779096,lower_limit,-0.003034697210788901,-0.3030346972107889,186,,-0.2989373744048991,-0.0010626255951008967
hand_friction_sweep_joint19_joint_5_4_20260811_150022.csv,119,19,joint_5_4,1,0.3,0.3,1.0732433795928955,-1.5976743972756091,1.496794366510337,3.094468763785946,2.8832870741394605,upper_limit,-0.0029146057333095106,0.2970853942666904,196,,0.29968161804621823,0.0003183819537817545
hand_friction_sweep_joint19_joint_5_4_20260811_150022.csv,120,19,joint_5_4,-1,0.3,-0.3,1.0190808773040771,1.5297810893730297,-1.496445300659938,-3.026226390032968,-2.9695644942712347,lower_limit,-0.0030253107225635244,-0.30302531072256356,186,,-0.30021572935627244,0.00021572935627245382
