source_file,trial_id,joint_index,joint_name,direction,effort_mag,test_effort,duration,q_start,q_end,q_delta,qdot_fit,stop_reason,gravity_mean,command_mean,n_samples
hand_friction_sweep_joint0_joint_1_1_20260811_135549.csv,1,0,joint_1_1,1,0.05,0.05,4.907951593399048,-0.38781215979314,0.8740608893987601,1.2618730491919001,0.25710788404862367,upper_limit,-0.00046708927188750054,0.04953291072811244,901
hand_friction_sweep_joint0_joint_1_1_20260811_135549.csv,2,0,joint_1_1,-1,0.05,-0.05,3.7002816200256348,0.8841837990603273,-0.3628539514896211,-1.2470377505499484,-0.33701157874067683,lower_limit,-0.00036948544775900296,-0.05036948544775897,680
hand_friction_sweep_joint0_joint_1_1_20260811_135549.csv,3,0,joint_1_1,1,0.05,0.05,4.80108380317688,-0.3621558197888233,0.8752826198751562,1.2374384396639795,0.2577414788813238,upper_limit,-0.0003241562535562219,0.049675843746443724,882
hand_friction_sweep_joint0_joint_1_1_20260811_135549.csv,4,0,joint_1_1,-1,0.05,-0.05,3.7434856891632076,0.8864527270879199,-0.3609340893124273,-1.2473868164003472,-0.33321532923481784,lower_limit,-0.00037386805888855383,-0.050373868058888535,688
hand_friction_sweep_joint0_joint_1_1_20260811_135549.csv,5,0,joint_1_1,1,0.05,0.05,4.818501234054565,-0.3647738136668148,0.8740608893987601,1.2388347030655749,0.25709959236082786,upper_limit,-0.00032657418085521464,0.04967342581914473,886
hand_friction_sweep_joint0_joint_1_1_20260811_135549.csv,6,0,joint_1_1,-1,0.05,-0.05,3.771167516708374,0.8829620685839312,-0.3605850234620285,-1.2435470920459597,-0.32975122068599527,lower_limit,-0.0003679046384693804,-0.05036790463846935,694
hand_friction_sweep_joint0_joint_1_1_20260811_135549.csv,7,0,joint_1_1,1,0.05,0.05,4.829791784286499,-0.3637266161156182,0.87720248205235,1.2409290981679681,0.25693221438764147,upper_limit,-0.0003228395053829856,0.049677160494616956,888
hand_friction_sweep_joint0_joint_1_1_20260811_135549.csv,8,0,joint_1_1,-1,0.05,-0.05,3.792203426361084,0.891339648993504,-0.3609340893124273,-1.2522737383059312,-0.3302232495231897,lower_limit,-0.0003671181873893579,-0.05036711818738933,698
hand_friction_sweep_joint0_joint_1_1_20260811_135549.csv,9,0,joint_1_1,1,0.05,0.05,4.818122625350952,-0.3637266161156182,0.8740608893987601,1.2377875055143783,0.2569024497221504,upper_limit,-0.00032616488183349624,0.04967383511816645,886
hand_friction_sweep_joint0_joint_1_1_20260811_135549.csv,10,0,joint_1_1,-1,0.05,-0.05,3.8394439220428467,0.8817403381075352,-0.3605850234620285,-1.2423253615695637,-0.3235690862515741,lower_limit,2.4925120253713467e-05,-0.04997507487974624,706
hand_friction_sweep_joint0_joint_1_1_20260811_135549.csv,11,0,joint_1_1,1,0.05,0.05,4.71776008605957,-0.3586651612848346,0.8745844881743584,1.233249649459193,0.26140575759740337,upper_limit,6.151770558273304e-05,0.050061517705582696,868
hand_friction_sweep_joint0_joint_1_1_20260811_135549.csv,12,0,joint_1_1,-1,0.05,-0.05,3.846602201461792,0.886103661237521,-0.3625048856392222,-1.2486085468767432,-0.3246003827487659,lower_limit,1.4693275368637677e-05,-0.04998530672463133,708
hand_friction_sweep_joint0_joint_1_1_20260811_135549.csv,13,0,joint_1_1,1,0.05,0.05,4.741076946258545,-0.3605850234620285,0.8765043503515522,1.2370893738135806,0.2609300350608818,upper_limit,6.444655277328568e-05,0.05006444655277325,872
hand_friction_sweep_joint0_joint_1_1_20260811_135549.csv,14,0,joint_1_1,-1,0.05,-0.05,3.8614945411682124,0.884881930761125,-0.3621558197888233,-1.2470377505499481,-0.32294173596647985,lower_limit,1.701773499830954e-05,-0.04998298226500163,709
hand_friction_sweep_joint0_joint_1_1_20260811_135549.csv,15,0,joint_1_1,1,0.05,0.05,4.781482696533203,-0.3829252378875559,0.8740608893987601,1.256986127286316,0.2628862650068125,upper_limit,4.5778034508054435e-05,0.050045778034508014,879
hand_friction_sweep_joint0_joint_1_1_20260811_135549.csv,16,0,joint_1_1,-1,0.05,-0.05,3.869891405105591,0.8813912722571363,-0.3621558197888233,-1.2435470920459597,-0.32133901494117745,lower_limit,1.6062843528336756e-05,-0.049983937156471626,710
hand_friction_sweep_joint0_joint_1_1_20260811_135549.csv,17,0,joint_1_1,1,0.05,0.05,4.790239334106445,-0.3820525732615587,0.875631685725555,1.2576842589871138,0.2625514449836394,upper_limit,4.332700798815288e-05,0.050043327007988116,882
hand_friction_sweep_joint0_joint_1_1_20260811_135549.csv,18,0,joint_1_1,-1,0.05,-0.05,3.8741683959960938,0.8852309966115238,-0.3602359576116296,-1.2454669542231533,-0.32147981887166505,lower_limit,2.2478825566769075e-05,-0.04997752117443319,714
hand_friction_sweep_joint0_joint_1_1_20260811_135549.csv,19,0,joint_1_1,1,0.05,0.05,4.743771553039551,-0.3628539514896211,0.8745844881743584,1.2374384396639795,0.2608554028853047,upper_limit,6.757543731160636e-05,0.05006757543731157,873
hand_friction_sweep_joint0_joint_1_1_20260811_135549.csv,20,0,joint_1_1,-1,0.05,-0.05,3.87982439994812,0.8855800624619228,-0.3621558197888233,-1.247735882250746,-0.32159596765962667,lower_limit,2.0114325171903565e-05,-0.049979885674828056,715
hand_friction_sweep_joint0_joint_1_1_20260811_135549.csv,21,0,joint_1_1,1,0.1,0.1,1.5040788650512695,-0.3682644721708035,0.8798204759303414,1.248084948101145,0.8298002033680604,upper_limit,-9.799125488097067e-06,0.09999020087451185,277
hand_friction_sweep_joint0_joint_1_1_20260811_135549.csv,22,0,joint_1_1,-1,0.1,-0.1,1.4412283897399902,0.9040805525330626,-0.3663446099936097,-1.2704251625266723,-0.8814877444621165,lower_limit,8.055999317248692e-05,-0.09991944000682747,266
hand_friction_sweep_joint0_joint_1_1_20260811_135549.csv,23,0,joint_1_1,1,0.1,0.1,1.4974424839019775,-0.3775147172063734,0.8745844881743584,1.2520992053807318,0.836158462739791,upper_limit,-1.8880648283924432e-05,0.09998111935171602,276
hand_friction_sweep_joint0_joint_1_1_20260811_135549.csv,24,0,joint_1_1,-1,0.1,-0.1,1.4325008392333984,0.9002408281786751,-0.3663446099936097,-1.2665854381722847,-0.8841777983530514,lower_limit,7.205081616299147e-05,-0.09992794918383698,264
hand_friction_sweep_joint0_joint_1_1_20260811_135549.csv,25,0,joint_1_1,1,0.1,0.1,1.4905786514282227,-0.3736749928519859,0.8749335540247574,1.2486085468767434,0.8376669997791585,upper_limit,-9.454478814793373e-06,0.09999054552118518,275
hand_friction_sweep_joint0_joint_1_1_20260811_135549.csv,26,0,joint_1_1,-1,0.1,-0.1,1.4304680824279785,0.9037314866826638,-0.3637266161156182,-1.2674581027982819,-0.8860443084105626,lower_limit,8.14096855939446e-05,-0.099918590314406,264
hand_friction_sweep_joint0_joint_1_1_20260811_135549.csv,27,0,joint_1_1,1,0.1,0.1,1.4946324825286865,-0.3729768611511881,0.8779006137531477,1.2508774749043359,0.8369130803232946,upper_limit,-1.4781593577464749e-05,0.09998521840642251,276
hand_friction_sweep_joint0_joint_1_1_20260811_135549.csv,28,0,joint_1_1,-1,0.1,-0.1,1.435133934020996,0.9040805525330626,-0.3647738136668148,-1.2688543661998775,-0.8841365506874803,lower_limit,7.405566977706287e-05,-0.0999259443302229,265
hand_friction_sweep_joint0_joint_1_1_20260811_135549.csv,29,0,joint_1_1,1,0.1,0.1,1.4922661781311035,-0.3729768611511881,0.875631685725555,1.2486085468767432,0.8367197254584203,upper_limit,-1.282217468914921e-05,0.0999871778253108,276
hand_friction_sweep_joint0_joint_1_1_20260811_135549.csv,30,0,joint_1_1,-1,0.1,-0.1,1.428922176361084,0.9063494805606552,-0.3640756819660171,-1.2704251625266723,-0.8890793239432796,lower_limit,7.40865895047177e-05,-0.09992591341049524,264
hand_friction_sweep_joint0_joint_1_1_20260811_135549.csv,31,0,joint_1_1,1,0.1,0.1,1.4936084747314453,-0.373325927001587,0.8791223442295437,1.2524482712311307,0.8385385410030726,upper_limit,-1.582854125965654e-05,0.09998417145874029,274
hand_friction_sweep_joint0_joint_1_1_20260811_135549.csv,32,0,joint_1_1,-1,0.1,-0.1,1.4306185245513914,0.906698546411054,-0.3647738136668148,-1.2714723600778688,-0.8887570923049335,lower_limit,7.720118189178447e-05,-0.09992279881810819,262
hand_friction_sweep_joint0_joint_1_1_20260811_135549.csv,33,0,joint_1_1,1,0.1,0.1,1.4909768104553223,-0.3782128489071711,0.8765043503515522,1.2547171992587232,0.8415403851087068,upper_limit,-1.551546884626925e-05,0.09998448453115369,274
hand_friction_sweep_joint0_joint_1_1_20260811_135549.csv,34,0,joint_1_1,-1,0.1,-0.1,1.4395787715911865,0.90792027688745,-0.3717551306747921,-1.279675407562242,-0.888923505136019,lower_limit,7.50669778317167e-05,-0.09992493302216823,265
hand_friction_sweep_joint0_joint_1_1_20260811_135549.csv,35,0,joint_1_1,1,0.1,0.1,1.4831342697143555,-0.3787364476827695,0.8740608893987601,1.2527973370815295,0.8446958327804078,upper_limit,-1.9251913800605374e-05,0.09998074808619936,274
hand_friction_sweep_joint0_joint_1_1_20260811_135549.csv,36,0,joint_1_1,-1,0.1,-0.1,1.4325571060180664,0.90181162450547,-0.3717551306747921,-1.273566755180262,-0.8890163958072613,lower_limit,6.67742447082876e-05,-0.09993322575529168,264
hand_friction_sweep_joint0_joint_1_1_20260811_135549.csv,37,0,joint_1_1,1,0.1,0.1,1.4941537380218506,-0.3755948550291796,0.8794714100799426,1.2550662651091222,0.8399846904447312,upper_limit,-1.4885806050451422e-05,0.09998511419394951,275
hand_friction_sweep_joint0_joint_1_1_20260811_135549.csv,38,0,joint_1_1,-1,0.1,-0.1,1.4342222213745117,0.90792027688745,-0.3686135380212023,-1.2765338149086523,-0.8900530168088345,lower_limit,7.603146162321978e-05,-0.09992396853837675,264
hand_friction_sweep_joint0_joint_1_1_20260811_135549.csv,39,0,joint_1_1,1,0.1,0.1,1.4892475605010986,-0.3771656513559746,0.8765043503515522,1.2536700017075266,0.8418143732165622,upper_limit,-1.544861658694748e-05,0.09998455138341301,274
hand_friction_sweep_joint0_joint_1_1_20260811_135549.csv,40,0,joint_1_1,-1,0.1,-0.1,1.422304391860962,0.9047786842338604,-0.3640756819660171,-1.2688543661998775,-0.8921116840113892,lower_limit,7.702378703334531e-05,-0.09992297621296661,262
hand_friction_sweep_joint0_joint_1_1_20260811_135549.csv,41,0,joint_1_1,1,0.15,0.15,0.9171862602233886,-0.373325927001587,0.891339648993504,1.264665575995091,1.3788535991447048,upper_limit,-4.164987736704627e-05,0.1499583501226329,170
hand_friction_sweep_joint0_joint_1_1_20260811_135549.csv,42,0,joint_1_1,-1,0.15,-0.15,0.9111039638519287,0.9297368925373792,-0.365646478292812,-1.2953833708301912,-1.421773389453407,lower_limit,0.00012814893284207216,-0.1498718510671579,168
hand_friction_sweep_joint0_joint_1_1_20260811_135549.csv,43,0,joint_1_1,1,0.15,0.15,0.9194312095642089,-0.3886848244191371,0.8902924514423074,1.2789772758614446,1.391052710150717,upper_limit,-5.479974646158313e-05,0.14994520025353839,170
hand_friction_sweep_joint0_joint_1_1_20260811_135549.csv,44,0,joint_1_1,-1,0.15,-0.15,0.9107348918914794,0.9265952998837894,-0.3717551306747921,-1.2983504305585816,-1.4256074321058179,lower_limit,0.00011555558363150154,-0.14988444441636847,168
hand_friction_sweep_joint0_joint_1_1_20260811_135549.csv,45,0,joint_1_1,1,0.15,0.15,0.9111213684082032,-0.3839724354387525,0.8775515479027488,1.2615239833415013,1.3845839062533212,upper_limit,-5.002338111048211e-05,0.14994997661888948,168
hand_friction_sweep_joint0_joint_1_1_20260811_135549.csv,46,0,joint_1_1,-1,0.15,-0.15,0.9082119464874268,0.9197885158010116,-0.3752457891787808,-1.2950343049797923,-1.4259163953837297,lower_limit,0.00010638314320218171,-0.14989361685679775,168
hand_friction_sweep_joint0_joint_1_1_20260811_135549.csv,47,0,joint_1_1,1,0.15,0.15,0.9213862419128418,-0.3874630939427411,0.8868017929383187,1.2742648868810598,1.3829866660865535,upper_limit,-5.164603815466195e-05,0.1499483539618453,170
hand_friction_sweep_joint0_joint_1_1_20260811_135549.csv,48,0,joint_1_1,-1,0.15,-0.15,0.9100065231323242,0.9285151620609832,-0.3691371367968006,-1.2976522988577837,-1.4259813153768919,lower_limit,0.00012839403948277644,-0.14987160596051718,168
hand_friction_sweep_joint0_joint_1_1_20260811_135549.csv,49,0,joint_1_1,1,0.15,0.15,0.918442964553833,-0.38781215979314,0.8880235234147148,1.2758356832078548,1.389128919755663,upper_limit,-5.104409323102209e-05,0.1499489559067689,170
hand_friction_sweep_joint0_joint_1_1_20260811_135549.csv,50,0,joint_1_1,-1,0.15,-0.15,0.9084899425506593,0.9281660962105844,-0.3666936758440086,-1.294859772054593,-1.4252879546681265,lower_limit,0.0001260396700322739,-0.14987396032996766,168
hand_friction_sweep_joint0_joint_1_1_20260811_135549.csv,51,0,joint_1_1,1,0.15,0.15,0.9209396839141845,-0.3855432317655473,0.8803440747059398,1.265887306471487,1.3745604935723952,upper_limit,-5.34026686219408e-05,0.149946597331378,170
hand_friction_sweep_joint0_joint_1_1_20260811_135549.csv,52,0,joint_1_1,-1,0.15,-0.15,0.9101340770721437,0.9278170303601856,-0.3701843343479972,-1.2980013647081827,-1.4261649985503113,lower_limit,0.0001252787703212193,-0.14987472122967874,168
hand_friction_sweep_joint0_joint_1_1_20260811_135549.csv,53,0,joint_1_1,1,0.15,0.15,0.9177863597869873,-0.3871140280923422,0.8833111344343301,1.2704251625266723,1.3842275481426094,upper_limit,-4.6852565453668126e-05,0.1499531474345463,170
hand_friction_sweep_joint0_joint_1_1_20260811_135549.csv,54,0,joint_1_1,-1,0.15,-0.15,0.8986690044403076,0.9258971681829916,-0.3602359576116296,-1.2861331257946211,-1.4311533161151215,lower_limit,0.0001266305200960791,-0.14987336947990387,166
hand_friction_sweep_joint0_joint_1_1_20260811_135549.csv,55,0,joint_1_1,1,0.15,0.15,0.9223530292510985,-0.3862413634663451,0.884881930761125,1.2711232942274702,1.3781309909715964,upper_limit,-4.633764283475272e-05,0.1499536623571652,170
hand_friction_sweep_joint0_joint_1_1_20260811_135549.csv,56,0,joint_1_1,-1,0.15,-0.15,0.9094688892364501,0.9309586230137752,-0.3637266161156182,-1.2946852391293935,-1.4235618771042888,lower_limit,0.00012857916102050962,-0.14987142083897945,168
hand_friction_sweep_joint0_joint_1_1_20260811_135549.csv,57,0,joint_1_1,1,0.15,0.15,0.9200243949890136,-0.3886848244191371,0.8852309966115238,1.273915821030661,1.3846543939151454,upper_limit,-5.613354063047074e-05,0.14994386645936947,170
hand_friction_sweep_joint0_joint_1_1_20260811_135549.csv,58,0,joint_1_1,-1,0.15,-0.15,0.9083828926086426,0.925199036482194,-0.3605850234620285,-1.2857840599442225,-1.4154648556312863,lower_limit,0.00013164142399372614,-0.14986835857600622,168
hand_friction_sweep_joint0_joint_1_1_20260811_135549.csv,59,0,joint_1_1,1,0.15,0.15,0.9205353260040284,-0.3851941659151485,0.8841837990603273,1.2693779649754757,1.3789562758940994,upper_limit,-5.031228867695802e-05,0.14994968771132297,170
hand_friction_sweep_joint0_joint_1_1_20260811_135549.csv,60,0,joint_1_1,-1,0.15,-0.15,0.9078752994537352,0.9278170303601856,-0.3625048856392222,-1.2903219159994077,-1.4212545674232893,lower_limit,0.00013960429015877145,-0.14986039570984117,168
hand_friction_sweep_joint0_joint_1_1_20260811_135549.csv,61,0,joint_1_1,1,0.2,0.2,0.6701974868774414,-0.3871140280923422,0.8887216551155125,1.2758356832078546,1.9036712434601621,upper_limit,-8.00309716928103e-05,0.19991996902830714,124
hand_friction_sweep_joint0_joint_1_1_20260811_135549.csv,62,0,joint_1_1,-1,0.2,-0.2,0.6703681945800781,0.9419541973013396,-0.3647738136668148,-1.3067280109681543,-1.9492691054453963,lower_limit,0.0001710479283773049,-0.19982895207162266,124
hand_friction_sweep_joint0_joint_1_1_20260811_135549.csv,63,0,joint_1_1,1,0.2,0.2,0.6723613739013672,-0.3874630939427411,0.8941321757966949,1.281595269739436,1.906110790248104,upper_limit,-7.78432653344336e-05,0.19992215673466554,124
hand_friction_sweep_joint0_joint_1_1_20260811_135549.csv,64,0,joint_1_1,-1,0.2,-0.2,0.6701884269714355,0.9428268619273368,-0.3694862026471995,-1.3123130645745362,-1.9581255237498587,lower_limit,0.00015838702100290375,-0.199841612978997,124
hand_friction_sweep_joint0_joint_1_1_20260811_135549.csv,65,0,joint_1_1,1,0.2,0.2,0.6613399982452393,-0.3916518841475275,0.87720248205235,1.2688543661998775,1.9186112583037185,upper_limit,-0.00010178175485262293,0.1998982182451473,123
hand_friction_sweep_joint0_joint_1_1_20260811_135549.csv,66,0,joint_1_1,-1,0.2,-0.2,0.6644775867462158,0.9370672753957554,-0.3602359576116296,-1.297303233007385,-1.9523656762599948,lower_limit,0.00016890685774140159,-0.1998310931422586,123
hand_friction_sweep_joint0_joint_1_1_20260811_135549.csv,67,0,joint_1_1,1,0.2,0.2,0.669532299041748,-0.389033890269536,0.8909905831431052,1.2800244734126411,1.9118188551092237,upper_limit,-9.605279866190086e-05,0.19990394720133808,124
hand_friction_sweep_joint0_joint_1_1_20260811_135549.csv,68,0,joint_1_1,-1,0.2,-0.2,0.6794700622558594,0.9435249936281344,-0.3743731245527836,-1.317898118180918,-1.9395970350856369,lower_limit,0.0001714444508157817,-0.19982855554918416,126
hand_friction_sweep_joint0_joint_1_1_20260811_135549.csv,69,0,joint_1_1,1,0.2,0.2,0.6740698814392091,-0.3909537524467298,0.8916887148439029,1.2826424672906327,1.902833078006776,upper_limit,-9.252166716302999e-05,0.19990747833283692,125
hand_friction_sweep_joint0_joint_1_1_20260811_135549.csv,70,0,joint_1_1,-1,0.2,-0.2,0.6690518856048584,0.9435249936281344,-0.3625048856392222,-1.3060298792673566,-1.9520606807447172,lower_limit,0.00018297921982178997,-0.19981702078017818,124
hand_friction_sweep_joint0_joint_1_1_20260811_135549.csv,71,0,joint_1_1,1,0.2,0.2,0.6692483425140381,-0.3935717463247212,0.8909905831431052,1.2845623294678263,1.919410550412953,upper_limit,-9.459356926667565e-05,0.19990540643073332,124
hand_friction_sweep_joint0_joint_1_1_20260811_135549.csv,72,0,joint_1_1,-1,0.2,-0.2,0.6691529750823975,0.9409069997501428,-0.3691371367968006,-1.3100441365469435,-1.9577647941946736,lower_limit,0.00017811632941174536,-0.1998218836705882,124
hand_friction_sweep_joint0_joint_1_1_20260811_135549.csv,73,0,joint_1_1,1,0.2,0.2,0.6677584648132324,-0.3893829561199349,0.8964011038242876,1.2857840599442225,1.9255226667981629,upper_limit,-8.262049836737934e-05,0.19991737950163263,122
hand_friction_sweep_joint0_joint_1_1_20260811_135549.csv,74,0,joint_1_1,-1,0.2,-0.2,0.6722676753997803,0.9466665862817244,-0.372104196525191,-1.3187707828069155,-1.9616751348674863,lower_limit,0.00017670018602421178,-0.19982329981397573,124
hand_friction_sweep_joint0_joint_1_1_20260811_135549.csv,75,0,joint_1_1,1,0.2,0.2,0.6661059856414795,-0.3886848244191371,0.8855800624619228,1.2742648868810598,1.9130062097458942,upper_limit,-9.382277692205203e-05,0.1999061772230779,122
hand_friction_sweep_joint0_joint_1_1_20260811_135549.csv,76,0,joint_1_1,-1,0.2,-0.2,0.6758215427398682,0.9400343351241458,-0.3790855135331683,-1.3191198486573141,-1.9518759986688663,lower_limit,0.00016226857415113367,-0.19983773142584885,122
hand_friction_sweep_joint0_joint_1_1_20260811_135549.csv,77,0,joint_1_1,1,0.2,0.2,0.6732387542724609,-0.3932226804743224,0.8955284391982904,1.2887511196726127,1.914255695314671,upper_limit,-8.784470784599362e-05,0.199912155292154,122
hand_friction_sweep_joint0_joint_1_1_20260811_135549.csv,78,0,joint_1_1,-1,0.2,-0.2,0.6686797142028809,0.9463175204313252,-0.3701843343479972,-1.3165018547793224,-1.9688078265522033,lower_limit,0.00018230706574810866,-0.19981769293425186,121
hand_friction_sweep_joint0_joint_1_1_20260811_135549.csv,79,0,joint_1_1,1,0.2,0.2,0.6693756580352783,-0.3900810878207326,0.8836602002847289,1.2737412881054615,1.9028796055179096,upper_limit,-9.103183753754771e-05,0.1999089681624624,122
hand_friction_sweep_joint0_joint_1_1_20260811_135549.csv,80,0,joint_1_1,-1,0.2,-0.2,0.6711423397064209,0.9454448558053282,-0.3694862026471995,-1.3149310584525278,-1.959243189794464,lower_limit,0.00017910656640817002,-0.19982089343359177,124
hand_friction_sweep_joint0_joint_1_1_20260811_135549.csv,81,0,joint_1_1,1,0.25,0.25,0.5319318771362306,-0.3928736146239235,0.8993681635526779,1.2922417781766014,2.4293369766325386,upper_limit,-0.00010962064983834745,0.24989037935016162,99
hand_friction_sweep_joint0_joint_1_1_20260811_135549.csv,82,0,joint_1_1,-1,0.25,-0.25,0.5330171585083008,0.948586448458918,-0.3672172746196069,-1.315803723078525,-2.468595432764166,lower_limit,0.0002063651307970404,-0.24979363486920295,99
hand_friction_sweep_joint0_joint_1_1_20260811_135549.csv,83,0,joint_1_1,1,0.25,0.25,0.5276443958282471,-0.3935717463247212,0.8806931405563386,1.2742648868810598,2.4150069572535444,upper_limit,-0.00013679841169484191,0.24986320158830513,98
hand_friction_sweep_joint0_joint_1_1_20260811_135549.csv,84,0,joint_1_1,-1,0.25,-0.25,0.5313744544982911,0.9463175204313252,-0.373325927001587,-1.3196434474329122,-2.4834529327889547,lower_limit,0.0002198258730504161,-0.24978017412694956,99
hand_friction_sweep_joint0_joint_1_1_20260811_135549.csv,85,0,joint_1_1,1,0.25,0.25,0.5279467105865479,-0.3886848244191371,0.8960520379738887,1.2847368623930258,2.433459356088582,upper_limit,-0.0001292965310148508,0.24987070346898507,98
hand_friction_sweep_joint0_joint_1_1_20260811_135549.csv,86,0,joint_1_1,-1,0.25,-0.25,0.538320779800415,0.9457939216557272,-0.3778637830567723,-1.3236577047124995,-2.458864220703596,lower_limit,0.0002239839005282146,-0.24977601609947175,100
hand_friction_sweep_joint0_joint_1_1_20260811_135549.csv,87,0,joint_1_1,1,0.25,0.25,0.5290768146514893,-0.3855432317655473,0.8874999246391165,1.2730431564046638,2.4061594104123354,upper_limit,-0.00012874800073057482,0.24987125199926938,98
hand_friction_sweep_joint0_joint_1_1_20260811_135549.csv,88,0,joint_1_1,-1,0.25,-0.25,0.5375638008117676,0.9466665862817244,-0.3851941659151485,-1.3318607521968728,-2.4775863817199903,lower_limit,0.0002669085647706379,-0.2497330914352293,100
hand_friction_sweep_joint0_joint_1_1_20260811_135549.csv,89,0,joint_1_1,1,0.25,0.25,0.5318429470062256,-0.3906046865963309,0.8916887148439029,1.2822934014402338,2.4110377107722063,upper_limit,-0.00011109282641466896,0.24988890717358533,98
hand_friction_sweep_joint0_joint_1_1_20260811_135549.csv,90,0,joint_1_1,-1,0.25,-0.25,0.5315909385681153,0.9492845801597156,-0.3605850234620285,-1.309869603621744,-2.4640555520942238,lower_limit,0.0002865909728277561,-0.24971340902717218,99
hand_friction_sweep_joint0_joint_1_1_20260811_135549.csv,91,0,joint_1_1,1,0.25,0.25,0.5280439853668213,-0.3897320219703337,0.8871508587887176,1.2768828807590513,2.418137344888091,upper_limit,-0.00012978341727427382,0.24987021658272565,98
hand_friction_sweep_joint0_joint_1_1_20260811_135549.csv,92,0,joint_1_1,-1,0.25,-0.25,0.5384397506713867,0.9463175204313252,-0.3817035074111598,-1.328021027842485,-2.46642456502619,lower_limit,0.00026837149097752035,-0.24973162850902242,100
hand_friction_sweep_joint0_joint_1_1_20260811_135549.csv,93,0,joint_1_1,1,0.25,0.25,0.5278878211975098,-0.3920009499979264,0.8883725892651136,1.28037353926304,2.425465198947992,upper_limit,-0.00012588924556681703,0.2498741107544331,98
hand_friction_sweep_joint0_joint_1_1_20260811_135549.csv,94,0,joint_1_1,-1,0.25,-0.25,0.5330851078033447,0.9492845801597156,-0.3755948550291796,-1.3248794351888953,-2.4853056590686897,lower_limit,0.0002808501875813863,-0.24971914981241858,98
hand_friction_sweep_joint0_joint_1_1_20260811_135549.csv,95,0,joint_1_1,1,0.25,0.25,0.528599739074707,-0.3963642731279122,0.8845328649107261,1.2808971380386382,2.4231891227960083,upper_limit,-0.00013886698530739863,0.24986113301469257,98
hand_friction_sweep_joint0_joint_1_1_20260811_135549.csv,96,0,joint_1_1,-1,0.25,-0.25,0.5361363887786865,0.9499827118605136,-0.3836233695883536,-1.3336060814488673,-2.48743810224635,lower_limit,0.0002633980760714788,-0.24973660192392855,100
hand_friction_sweep_joint0_joint_1_1_20260811_135549.csv,97,0,joint_1_1,1,0.25,0.25,0.5249979496002197,-0.396713338978311,0.8791223442295437,1.2758356832078548,2.4301726972065127,upper_limit,-0.00013783271090441108,0.24986216728909552,96
hand_friction_sweep_joint0_joint_1_1_20260811_135549.csv,98,0,joint_1_1,-1,0.25,-0.25,0.5288054943084717,0.9477137838329208,-0.372104196525191,-1.3198179803581118,-2.4958477068852343,lower_limit,0.0002732497790598601,-0.24972675022094004,98
hand_friction_sweep_joint0_joint_1_1_20260811_135549.csv,99,0,joint_1_1,1,0.25,0.25,0.5214660167694092,-0.38781215979314,0.8768534162019511,1.264665575995091,2.4252118744572435,upper_limit,-0.00013094617176987505,0.24986905382823013,96
hand_friction_sweep_joint0_joint_1_1_20260811_135549.csv,100,0,joint_1_1,-1,0.25,-0.25,0.5344996452331543,0.9447467241045304,-0.3762929867299774,-1.3210397108345078,-2.4715445980478745,lower_limit,0.000271875336303572,-0.24972812466369637,98
hand_friction_sweep_joint0_joint_1_1_20260811_135549.csv,101,0,joint_1_1,1,0.3,0.3,0.4327254295349121,-0.3925245487735246,0.8759807515759539,1.2685053003494784,2.9314322981037932,upper_limit,-0.0001538674233217517,0.29984613257667825,80
hand_friction_sweep_joint0_joint_1_1_20260811_135549.csv,102,0,joint_1_1,-1,0.3,-0.3,0.4453389644622803,0.955393232541696,-0.3614576880880256,-1.3168509206297214,-2.9569631802142866,lower_limit,0.0003156380482985682,-0.29968436195170134,82
hand_friction_sweep_joint0_joint_1_1_20260811_135549.csv,103,0,joint_1_1,1,0.3,0.3,0.44135403633117676,-0.3963642731279122,0.8925613794699,1.288925652597812,2.920389407361502,upper_limit,-0.00014646526419608263,0.2998535347358039,82
hand_friction_sweep_joint0_joint_1_1_20260811_135549.csv,104,0,joint_1_1,-1,0.3,-0.3,0.4536895751953125,0.9592329568960836,-0.395491608501915,-1.3547245653979987,-2.986016517604118,lower_limit,0.00029618185761651965,-0.2997038181423834,84
hand_friction_sweep_joint0_joint_1_1_20260811_135549.csv,105,0,joint_1_1,1,0.3,0.3,0.4412779808044433,-0.3928736146239235,0.8948303074974927,1.2877039221214162,2.9181241261436854,upper_limit,-0.00014839965881531376,0.29985160034118463,82
hand_friction_sweep_joint0_joint_1_1_20260811_135549.csv,106,0,joint_1_1,-1,0.3,-0.3,0.4434010982513428,0.955044166691297,-0.3614576880880256,-1.3165018547793226,-2.96909921958078,lower_limit,0.00031884635326864217,-0.2996811536467313,82
hand_friction_sweep_joint0_joint_1_1_20260811_135549.csv,107,0,joint_1_1,1,0.3,0.3,0.4420366287231445,-0.3944444109507184,0.8944812416470937,1.288925652597812,2.9158797458051593,upper_limit,-0.00013333588703059307,0.2998666641129694,82
hand_friction_sweep_joint0_joint_1_1_20260811_135549.csv,108,0,joint_1_1,-1,0.3,-0.3,0.4524660110473632,0.956614963018092,-0.3947934768011173,-1.3514084398192092,-2.9867623353431214,lower_limit,0.0003047121271157311,-0.29969528787288424,84
hand_friction_sweep_joint0_joint_1_1_20260811_135549.csv,109,0,joint_1_1,1,0.3,0.3,0.4415163993835449,-0.3951425426515161,0.8897688526667091,1.2849113953182252,2.910223486856314,upper_limit,-0.00015745643469723244,0.29984254356530277,82
hand_friction_sweep_joint0_joint_1_1_20260811_135549.csv,110,0,joint_1_1,-1,0.3,-0.3,0.45344901084899897,0.9524261728133055,-0.3858922976159462,-1.3383184704292517,-2.9514199797756735,lower_limit,0.0002949901051689967,-0.2997050098948309,84
hand_friction_sweep_joint0_joint_1_1_20260811_135549.csv,111,0,joint_1_1,1,0.3,0.3,0.4364249706268311,-0.3944444109507184,0.8749335540247574,1.2693779649754757,2.9085823461299336,upper_limit,-0.00015890080601801556,0.29984109919398194,81
hand_friction_sweep_joint0_joint_1_1_20260811_135549.csv,112,0,joint_1_1,-1,0.3,-0.3,0.44169545173645014,0.9527752386637044,-0.3605850234620285,-1.313360262125733,-2.9734520855093294,lower_limit,0.0003250716098727893,-0.2996749283901271,82
hand_friction_sweep_joint0_joint_1_1_20260811_135549.csv,113,0,joint_1_1,1,0.3,0.3,0.43515491485595703,-0.3944444109507184,0.8841837990603273,1.2786282100110458,2.9383287798422115,upper_limit,-0.00015571608334715464,0.2998442839166528,81
hand_friction_sweep_joint0_joint_1_1_20260811_135549.csv,114,0,joint_1_1,-1,0.3,-0.3,0.4517016410827636,0.955393232541696,-0.3759439208795785,-1.3313371534212743,-2.9473817058312135,lower_limit,0.00030121725248862587,-0.2996987827475114,84
hand_friction_sweep_joint0_joint_1_1_20260811_135549.csv,115,0,joint_1_1,1,0.3,0.3,0.441556453704834,-0.3916518841475275,0.9089674744386468,1.3006193585861743,2.945533572600879,upper_limit,-0.00014566161919478976,0.2998543383808052,82
hand_friction_sweep_joint0_joint_1_1_20260811_135549.csv,116,0,joint_1_1,-1,0.3,-0.3,0.4525618553161621,0.9543460349904992,-0.3804817769347638,-1.334827811925263,-2.9494925306790276,lower_limit,0.0002982646343137142,-0.29970173536568623,84
hand_friction_sweep_joint0_joint_1_1_20260811_135549.csv,117,0,joint_1_1,1,0.3,0.3,0.44168090820312494,-0.3944444109507184,0.8944812416470937,1.288925652597812,2.9182281340651635,upper_limit,-0.00015332214342104564,0.29984667785657887,82
hand_friction_sweep_joint0_joint_1_1_20260811_135549.csv,118,0,joint_1_1,-1,0.3,-0.3,0.4504003524780273,0.9573130947188896,-0.3897320219703337,-1.3470451166892232,-2.990772785318676,lower_limit,0.0003051384507637402,-0.29969486154923625,84
hand_friction_sweep_joint0_joint_1_1_20260811_135549.csv,119,0,joint_1_1,1,0.3,0.3,0.4429390430450439,-0.3916518841475275,0.8944812416470937,1.2861331257946214,2.9036345880754304,upper_limit,-0.00014748240189264305,0.29985251759810727,82
hand_friction_sweep_joint0_joint_1_1_20260811_135549.csv,120,0,joint_1_1,-1,0.3,-0.3,0.4523768424987793,0.953822436214901,-0.3874630939427411,-1.341285530157642,-2.9649738981969693,lower_limit,0.0002946728298012493,-0.2997053271701987,84
hand_friction_sweep_joint10_joint_3_3_20260811_161208.csv,1,10,joint_3_3,1,0.05,0.05,7.435359239578247,-1.5882496193148397,-0.0656243798749867,1.522625239439853,0.204781664258393,q_not_changing,0.005315203084070614,0.055315203084070626,1369
hand_friction_sweep_joint10_joint_3_3_20260811_161208.csv,2,10,joint_3_3,-1,0.05,-0.05,8.000587463378906,1.589820415641635,-0.1523672436991049,-1.7421876593407397,-0.2177574668504352,timeout,-0.0032326713154390333,-0.053232671315439004,1470
hand_friction_sweep_joint10_joint_3_3_20260811_161208.csv,3,10,joint_3_3,1,0.05,0.05,7.43671727180481,-1.5889477510156376,0.0146607657167523,1.60360851673239,0.21563392261962538,q_not_changing,0.005005360690191041,0.05500536069019105,1370
hand_friction_sweep_joint10_joint_3_3_20260811_161208.csv,4,10,joint_3_3,-1,0.05,-0.05,8.003550291061401,1.5910421461180306,-0.1558579022030936,-1.746900048321124,-0.2182656427200955,timeout,-0.0032719923874355355,-0.053271992387435504,1474
hand_friction_sweep_joint10_joint_3_3_20260811_161208.csv,5,10,joint_3_3,1,0.05,0.05,7.436268091201782,-1.5866788229880449,0.0162315620435472,1.602910385031592,0.2155530657814872,q_not_changing,0.0049271564070572935,0.054927156407057295,1369
hand_friction_sweep_joint10_joint_3_3_20260811_161208.csv,6,10,joint_3_3,-1,0.05,-0.05,8.001909494400024,1.5894713497912358,-0.1143190660056285,-1.7037904157968644,-0.21292298006984806,timeout,-0.0033985982921911633,-0.05339859829219115,1474
hand_friction_sweep_joint10_joint_3_3_20260811_161208.csv,7,10,joint_3_3,1,0.05,0.05,7.448172092437744,-1.5882496193148397,0.018151424220741,1.6064010435355807,0.21567721900069778,q_not_changing,0.004909982815759717,0.05490998281575973,1370
hand_friction_sweep_joint10_joint_3_3_20260811_161208.csv,8,10,joint_3_3,-1,0.05,-0.05,8.001040697097778,1.5920893436692272,-0.1439896632895321,-1.7360790069587593,-0.21698164934825143,timeout,-0.0033734303902682857,-0.05337343039026826,1474
hand_friction_sweep_joint10_joint_3_3_20260811_161208.csv,9,10,joint_3_3,1,0.05,0.05,7.433515787124633,-1.587551487614042,0.0136135681655557,1.6011650557795978,0.2153980837106618,q_not_changing,0.0049016333598412955,0.054901633359841294,1369
hand_friction_sweep_joint10_joint_3_3_20260811_161208.csv,10,10,joint_3_3,-1,0.05,-0.05,8.003082752227783,1.5905185473424324,-0.157254165604689,-1.7477727129471214,-0.21838743482448705,timeout,-0.003244148880407589,-0.05324414888040757,1473
hand_friction_sweep_joint10_joint_3_3_20260811_161208.csv,11,10,joint_3_3,1,0.05,0.05,8.0040602684021,-1.5866788229880449,0.0139626340159546,1.6006414570039995,0.19997868623289933,timeout,0.004751139534597488,0.054751139534597495,1475
hand_friction_sweep_joint10_joint_3_3_20260811_161208.csv,12,10,joint_3_3,-1,0.05,-0.05,8.004229307174683,1.5929620082952245,-0.0748746249105567,-1.6678366332057812,-0.20836942186436322,timeout,-0.003389868931805512,-0.0533898689318055,1472
hand_friction_sweep_joint10_joint_3_3_20260811_161208.csv,13,10,joint_3_3,1,0.05,0.05,7.43514347076416,-1.5885986851652385,0.0146607657167523,1.6032594508819908,0.21563261787565924,q_not_changing,0.004881803781443663,0.05488180378144367,1370
hand_friction_sweep_joint10_joint_3_3_20260811_161208.csv,14,10,joint_3_3,-1,0.05,-0.05,8.00136399269104,1.5924384095196262,-0.1473057888683214,-1.7397441983879476,-0.21743095301965287,timeout,-0.003327322305839904,-0.05332732230583988,1474
hand_friction_sweep_joint10_joint_3_3_20260811_161208.csv,15,10,joint_3_3,1,0.05,0.05,8.000392198562622,-1.5812683023068623,0.0146607657167523,1.5959290680236147,0.19948135396541494,timeout,0.0045854005334574986,0.05458540053345751,1473
hand_friction_sweep_joint10_joint_3_3_20260811_161208.csv,16,10,joint_3_3,-1,0.05,-0.05,8.001600980758667,1.5885986851652385,-0.1143190660056285,-1.702917751170867,-0.21282212837978906,timeout,-0.0034434278128294337,-0.05344342781282942,1474
hand_friction_sweep_joint10_joint_3_3_20260811_161208.csv,17,10,joint_3_3,1,0.05,0.05,7.444173574447632,-1.5882496193148397,0.0162315620435472,1.6044811813583868,0.2155351652285246,q_not_changing,0.004904435274415396,0.0549044352744154,1370
hand_friction_sweep_joint10_joint_3_3_20260811_161208.csv,18,10,joint_3_3,-1,0.05,-0.05,8.00184440612793,1.594009205846421,-0.1588249619314839,-1.752834167777905,-0.21905376795824208,timeout,-0.0033581659020010634,-0.05335816590200105,1474
hand_friction_sweep_joint10_joint_3_3_20260811_161208.csv,19,10,joint_3_3,1,0.05,0.05,7.438088893890381,-1.5894713497912358,0.0364773813666814,1.6259487311579173,0.2185976471044149,q_not_changing,0.0048586362981378846,0.0548586362981379,1370
hand_friction_sweep_joint10_joint_3_3_20260811_161208.csv,20,10,joint_3_3,-1,0.05,-0.05,8.000672578811646,1.5924384095196262,-0.1427679328131361,-1.7352063423327624,-0.2168825589648734,timeout,-0.003364436780741184,-0.05336443678074117,1473
hand_friction_sweep_joint10_joint_3_3_20260811_161208.csv,21,10,joint_3_3,1,0.1,0.1,4.201376438140869,-1.586329757137646,1.4915583787543538,3.0778881358919996,0.7325904215462257,upper_limit,-2.6303274671467898e-05,0.0999736967253285,772
hand_friction_sweep_joint10_joint_3_3_20260811_161208.csv,22,10,joint_3_3,-1,0.1,-0.1,4.294958591461182,1.5126768627034852,-1.4873695885495677,-3.000046451253053,-0.6985041618835285,lower_limit,0.0013427261770384172,-0.09865727382296154,790
hand_friction_sweep_joint10_joint_3_3_20260811_161208.csv,23,10,joint_3_3,1,0.1,0.1,4.099936008453369,-1.5081390066483,1.4838789300455788,2.9920179366938786,0.7297718624204982,upper_limit,-0.00024192588482118544,0.09975807411517877,756
hand_friction_sweep_joint10_joint_3_3_20260811_161208.csv,24,10,joint_3_3,-1,0.1,-0.1,4.296874046325684,1.5088371383490975,-1.4851006605219748,-2.9939377988710723,-0.6967711332919404,lower_limit,0.0013608816437664468,-0.0986391183562335,791
hand_friction_sweep_joint10_joint_3_3_20260811_161208.csv,25,10,joint_3_3,1,0.1,0.1,4.0998334884643555,-1.5107570005262916,1.4896385165771602,3.0003955171034518,0.7318335062986394,upper_limit,-0.00023762271577550348,0.09976237728422446,756
hand_friction_sweep_joint10_joint_3_3_20260811_161208.csv,26,10,joint_3_3,-1,0.1,-0.1,4.283806324005127,1.5107570005262916,-1.4905111812031573,-3.001268181729449,-0.7006078134091333,lower_limit,0.0013282471214259022,-0.09867175287857405,788
hand_friction_sweep_joint10_joint_3_3_20260811_161208.csv,27,10,joint_3_3,1,0.1,0.1,4.117414236068726,-1.5165165870578727,1.492081977529952,3.0085985645878246,0.730700967182843,upper_limit,-0.00023337430686933225,0.09976662569313063,758
hand_friction_sweep_joint10_joint_3_3_20260811_161208.csv,28,10,joint_3_3,-1,0.1,-0.1,4.2868571281433105,1.5111060663766904,-1.484751594671576,-2.9958576610482663,-0.6988470974179185,lower_limit,0.0013261109813165178,-0.09867388901868344,790
hand_friction_sweep_joint10_joint_3_3_20260811_161208.csv,29,10,joint_3_3,1,0.1,0.1,4.0925352573394775,-1.507266342022303,1.4854497263723738,2.9927160683946767,0.7312621346456564,upper_limit,-0.00025677575447802427,0.09974322424552194,754
hand_friction_sweep_joint10_joint_3_3_20260811_161208.csv,30,10,joint_3_3,-1,0.1,-0.1,4.303002834320068,1.5119787310026875,-1.4885913190259634,-3.000570050028651,-0.6973200264003035,lower_limit,0.0013343219605677246,-0.09866567803943224,792
hand_friction_sweep_joint10_joint_3_3_20260811_161208.csv,31,10,joint_3_3,1,0.1,0.1,4.109926700592041,-1.5126768627034852,1.490860247053556,3.0035371097570414,0.7308006513411486,upper_limit,-0.00026000815779785865,0.0997399918422021,757
hand_friction_sweep_joint10_joint_3_3_20260811_161208.csv,32,10,joint_3_3,-1,0.1,-0.1,4.302767038345337,1.5123277968530864,-1.4880677202503652,-3.0003955171034518,-0.697317677291048,lower_limit,0.0013409130587091493,-0.0986590869412908,794
hand_friction_sweep_joint10_joint_3_3_20260811_161208.csv,33,10,joint_3_3,1,0.1,0.1,4.101498126983643,-1.5126768627034852,1.4838789300455788,2.996555792749064,0.730600307491257,upper_limit,-0.00024652107978535777,0.09975347892021459,756
hand_friction_sweep_joint10_joint_3_3_20260811_161208.csv,34,10,joint_3_3,-1,0.1,-0.1,4.2758073806762695,1.5084880724986989,-1.4877186543999663,-2.996206726898665,-0.7007347291740676,lower_limit,0.0013290573899297957,-0.09867094261007014,788
hand_friction_sweep_joint10_joint_3_3_20260811_161208.csv,35,10,joint_3_3,1,0.1,0.1,4.10826849937439,-1.5084880724986989,1.484402528821177,2.9928906013198757,0.7285041378808701,upper_limit,-0.000267592753868457,0.09973240724613149,757
hand_friction_sweep_joint10_joint_3_3_20260811_161208.csv,36,10,joint_3_3,-1,0.1,-0.1,4.267827987670898,1.506917276171904,-1.4870205226991686,-2.9939377988710727,-0.7015132305050955,lower_limit,0.0013189933141805016,-0.09868100668581947,786
hand_friction_sweep_joint10_joint_3_3_20260811_161208.csv,37,10,joint_3_3,1,0.1,0.1,4.108180999755859,-1.5119787310026875,1.4854497263723738,2.9974284573750616,0.7296242442952714,upper_limit,-0.00027491661785125176,0.09972508338214872,756
hand_friction_sweep_joint10_joint_3_3_20260811_161208.csv,38,10,joint_3_3,-1,0.1,-0.1,4.2601141929626465,1.5119787310026875,-1.4851006605219748,-2.9970793915246623,-0.7035209047859767,lower_limit,0.0012776903254006378,-0.09872230967459932,785
hand_friction_sweep_joint10_joint_3_3_20260811_161208.csv,39,10,joint_3_3,1,0.1,0.1,4.106513023376465,-1.5088371383490975,1.484751594671576,2.9935887330206734,0.7289855690167224,upper_limit,-0.0002708610133404906,0.09972913898665946,756
hand_friction_sweep_joint10_joint_3_3_20260811_161208.csv,40,10,joint_3_3,-1,0.1,-0.1,4.279845237731934,1.506917276171904,-1.4877186543999663,-2.9946359305718704,-0.6997065931661706,lower_limit,0.0013250939044111914,-0.09867490609558877,790
hand_friction_sweep_joint10_joint_3_3_20260811_161208.csv,41,10,joint_3_3,1,0.15,0.15,2.354245185852051,-1.5095352700498954,1.4866714568487698,2.996206726898665,1.2726825331976945,upper_limit,0.00020594697622082167,0.1502059469762208,434
hand_friction_sweep_joint10_joint_3_3_20260811_161208.csv,42,10,joint_3_3,-1,0.15,-0.15,2.4202864170074463,1.5322245503258218,-1.4946999714079436,-3.0269245217337657,-1.2506472376423923,lower_limit,0.0006933721115676802,-0.14930662788843227,446
hand_friction_sweep_joint10_joint_3_3_20260811_161208.csv,43,10,joint_3_3,1,0.15,0.15,2.3755810260772705,-1.5383332027078018,1.4931291750811488,3.0314623777889507,1.276093025037634,upper_limit,0.00027797413749435656,0.15027797413749433,438
hand_friction_sweep_joint10_joint_3_3_20260811_161208.csv,44,10,joint_3_3,-1,0.15,-0.15,2.4195470809936523,1.5399039990345968,-1.490860247053556,-3.030764246088153,-1.25261635530708,lower_limit,0.0006839272340839127,-0.14931607276591607,446
hand_friction_sweep_joint10_joint_3_3_20260811_161208.csv,45,10,joint_3_3,1,0.15,0.15,2.3705756664276123,-1.5364133405306082,1.4866714568487698,3.023084797379378,1.2752534501187545,upper_limit,0.0002620209921414334,0.15026202099214137,437
hand_friction_sweep_joint10_joint_3_3_20260811_161208.csv,46,10,joint_3_3,-1,0.15,-0.15,2.4243626594543457,1.5369369393062065,-1.4931291750811488,-3.0300661143873553,-1.2498402838250842,lower_limit,0.0006639743635346402,-0.14933602563646534,447
hand_friction_sweep_joint10_joint_3_3_20260811_161208.csv,47,10,joint_3_3,1,0.15,0.15,2.374838829040528,-1.5402530648849957,1.4870205226991686,3.0272735875841645,1.274728015461677,upper_limit,0.00029832073658768275,0.1502983207365876,439
hand_friction_sweep_joint10_joint_3_3_20260811_161208.csv,48,10,joint_3_3,-1,0.15,-0.15,2.4213736057281494,1.5421729270621891,-1.4924310433803512,-3.0346039704425403,-1.2532572269160347,lower_limit,0.0006739410460341212,-0.14932605895396583,446
hand_friction_sweep_joint10_joint_3_3_20260811_161208.csv,49,10,joint_3_3,1,0.15,0.15,2.3734114170074467,-1.5402530648849957,1.490860247053556,3.031113311938552,1.2771124678250596,upper_limit,0.0002830369355939089,0.15028303693559383,438
hand_friction_sweep_joint10_joint_3_3_20260811_161208.csv,50,10,joint_3_3,-1,0.15,-0.15,2.410628080368042,1.540776663660594,-1.4842279958959776,-3.0250046595565716,-1.2548616205842629,lower_limit,0.0006327064145313309,-0.14936729358546863,445
hand_friction_sweep_joint10_joint_3_3_20260811_161208.csv,51,10,joint_3_3,1,0.15,0.15,2.366990804672241,-1.5280357601210353,1.491209312903955,3.0192450730249902,1.2755626540944958,upper_limit,0.00024145838325499505,0.15024145838325495,438
hand_friction_sweep_joint10_joint_3_3_20260811_161208.csv,52,10,joint_3_3,-1,0.15,-0.15,2.4195220470428467,1.539554933184198,-1.4885913190259634,-3.0281462522101616,-1.2515472863374726,lower_limit,0.0006721340801418408,-0.1493278659198581,446
hand_friction_sweep_joint10_joint_3_3_20260811_161208.csv,53,10,joint_3_3,1,0.15,0.15,2.374312162399292,-1.5360642746802091,1.4934782409315477,3.029542515611757,1.2759663887457584,upper_limit,0.00026188350357788797,0.15026188350357786,438
hand_friction_sweep_joint10_joint_3_3_20260811_161208.csv,54,10,joint_3_3,-1,0.15,-0.15,2.4246222972869873,1.5414747953613916,-1.4950490372583425,-3.036523832619734,-1.2523698375691048,lower_limit,0.0007537618260740888,-0.14924623817392588,442
hand_friction_sweep_joint10_joint_3_3_20260811_161208.csv,55,10,joint_3_3,1,0.15,0.15,2.380117654800415,-1.536762406381007,1.4934782409315477,3.0302406473125547,1.2731474182383038,upper_limit,0.00029588245327748,0.15029588245327744,439
hand_friction_sweep_joint10_joint_3_3_20260811_161208.csv,56,10,joint_3_3,-1,0.15,-0.15,2.415653705596924,1.5411257295109928,-1.4854497263723738,-3.026575455883367,-1.2529012121526253,lower_limit,0.000654018771049072,-0.1493459812289509,446
hand_friction_sweep_joint10_joint_3_3_20260811_161208.csv,57,10,joint_3_3,1,0.15,0.15,2.371145009994507,-1.5364133405306082,1.4950490372583425,3.0314623777889507,1.2784803818455512,upper_limit,0.00026461791916747914,0.15026461791916745,437
hand_friction_sweep_joint10_joint_3_3_20260811_161208.csv,58,10,joint_3_3,-1,0.15,-0.15,2.4274795055389404,1.5453145197157792,-1.49888876161273,-3.0442032813285094,-1.254059313119781,lower_limit,0.0006781700829582729,-0.14932182991704165,448
hand_friction_sweep_joint10_joint_3_3_20260811_161208.csv,59,10,joint_3_3,1,0.15,0.15,2.379800319671631,-1.5440927892393832,1.4905111812031573,3.0346039704425403,1.2751506693054233,upper_limit,0.0003105659194085818,0.15031056591940856,439
hand_friction_sweep_joint10_joint_3_3_20260811_161208.csv,60,10,joint_3_3,-1,0.15,-0.15,2.4080607891082764,1.537635071007004,-1.4896385165771602,-3.027273587584164,-1.257141680673762,lower_limit,0.0006557025699603479,-0.14934429743003963,444
hand_friction_sweep_joint10_joint_3_3_20260811_161208.csv,61,10,joint_3_3,1,0.2,0.2,1.670483589172363,-1.5406021307353943,1.4877186543999663,3.0283207851353606,1.8128407874008117,upper_limit,0.0005829598970084308,0.20058295989700842,308
hand_friction_sweep_joint10_joint_3_3_20260811_161208.csv,62,10,joint_3_3,-1,0.2,-0.2,1.7019965648651125,1.561371548834127,-1.4962707677347389,-3.0576423165688658,-1.7965032243241874,lower_limit,0.0003175806032404716,-0.19968241939675951,314
hand_friction_sweep_joint10_joint_3_3_20260811_161208.csv,63,10,joint_3_3,1,0.2,0.2,1.6899111270904543,-1.570272728019298,1.494001839707146,3.064274567726444,1.8132755732558858,upper_limit,0.0006432440110728898,0.20064324401107286,312
hand_friction_sweep_joint10_joint_3_3_20260811_161208.csv,64,10,joint_3_3,-1,0.2,-0.2,1.6990458965301514,1.564513141487717,-1.4861478580731715,-3.0506609995608884,-1.7955141799235976,lower_limit,0.00025459073773993746,-0.19974540926226003,314
hand_friction_sweep_joint10_joint_3_3_20260811_161208.csv,65,10,joint_3_3,1,0.2,0.2,1.6811959743499756,-1.5667820695153094,1.4896385165771602,3.05642058609247,1.8180037501423454,upper_limit,0.0006036837083573154,0.2006036837083573,310
hand_friction_sweep_joint10_joint_3_3_20260811_161208.csv,66,10,joint_3_3,-1,0.2,-0.2,1.7048676013946533,1.570621793869697,-1.4981906299119323,-3.068812423781629,-1.8000297625875532,lower_limit,0.0002694142198910484,-0.1997305857801089,314
hand_friction_sweep_joint10_joint_3_3_20260811_161208.csv,67,10,joint_3_3,1,0.2,0.2,1.691192388534546,-1.5741124523736856,1.4959217018843398,3.0700341542580256,1.815307457076646,upper_limit,0.000646791565134864,0.20064679156513485,312
hand_friction_sweep_joint10_joint_3_3_20260811_161208.csv,68,10,joint_3_3,-1,0.2,-0.2,1.7118263244628906,1.5732397877476885,-1.4957471689591402,-3.0689869567068286,-1.7928144420081669,lower_limit,0.0002528184295624214,-0.19974718157043755,316
hand_friction_sweep_joint10_joint_3_3_20260811_161208.csv,69,10,joint_3_3,1,0.2,0.2,1.6812436580657957,-1.5639895427121189,1.4870205226991686,3.0510100654112877,1.8147340219093253,upper_limit,0.0006566924480170926,0.20065669244801707,310
hand_friction_sweep_joint10_joint_3_3_20260811_161208.csv,70,10,joint_3_3,-1,0.2,-0.2,1.7088332176208496,1.558055423255338,-1.4915583787543538,-3.049613802009692,-1.7846175803251094,lower_limit,0.0002952988313386127,-0.19970470116866135,316
hand_friction_sweep_joint10_joint_3_3_20260811_161208.csv,71,10,joint_3_3,1,0.2,0.2,1.6796486377716064,-1.570621793869697,1.4870205226991686,3.0576423165688658,1.8204059157428583,upper_limit,0.0006362188379763065,0.20063621883797628,310
hand_friction_sweep_joint10_joint_3_3_20260811_161208.csv,72,10,joint_3_3,-1,0.2,-0.2,1.7014009952545166,1.5587535549561355,-1.485798792222773,-3.044552347178908,-1.7894384425956367,lower_limit,0.00030061537735489625,-0.19969938462264508,314
hand_friction_sweep_joint10_joint_3_3_20260811_161208.csv,73,10,joint_3_3,1,0.2,0.2,1.681492805480957,-1.5606734171333294,1.4905111812031573,3.0511845983364867,1.8145689285085922,upper_limit,0.0006383709110806964,0.20063837091108067,310
hand_friction_sweep_joint10_joint_3_3_20260811_161208.csv,74,10,joint_3_3,-1,0.2,-0.2,1.7076728343963623,1.5683528658421044,-1.4838789300455788,-3.0522317958876832,-1.7873633253448125,lower_limit,0.000254545612942215,-0.19974545438705776,315
hand_friction_sweep_joint10_joint_3_3_20260811_161208.csv,75,10,joint_3_3,1,0.2,0.2,1.685457468032837,-1.5652112731885146,1.5027284859671175,3.067939759155632,1.8202415767490971,upper_limit,0.0006085903136458481,0.20060859031364583,311
hand_friction_sweep_joint10_joint_3_3_20260811_161208.csv,76,10,joint_3_3,-1,0.2,-0.2,1.7111945152282715,1.5756832487004806,-1.484751594671576,-3.0604348433720565,-1.7884786423382135,lower_limit,0.00022976136330807483,-0.19977023863669188,316
hand_friction_sweep_joint10_joint_3_3_20260811_161208.csv,77,10,joint_3_3,1,0.2,0.2,1.680070161819458,-1.554041165975751,1.49888876161273,3.052929927588481,1.8171443056177268,upper_limit,0.0005966459089804764,0.20059664590898046,311
hand_friction_sweep_joint10_joint_3_3_20260811_161208.csv,78,10,joint_3_3,-1,0.2,-0.2,1.7132959365844727,1.577952176728073,-1.4880677202503652,-3.066019896978438,-1.7895448366559938,lower_limit,0.00025964351098846215,-0.19974035648901153,316
hand_friction_sweep_joint10_joint_3_3_20260811_161208.csv,79,10,joint_3_3,1,0.2,0.2,1.6890516281127927,-1.569400063393301,1.5042992822939123,3.0736993456872135,1.8197782083911267,upper_limit,0.0006135029497597824,0.20061350294975974,312
hand_friction_sweep_joint10_joint_3_3_20260811_161208.csv,80,10,joint_3_3,-1,0.2,-0.2,1.714268684387207,1.5751596499248823,-1.4905111812031573,-3.0656708311280396,-1.7883257502448708,lower_limit,0.00025283987273609236,-0.19974716012726385,316
hand_friction_sweep_joint10_joint_3_3_20260811_161208.csv,81,10,joint_3_3,1,0.25,0.25,1.3112661838531494,-1.570970859720096,1.5046483481443114,3.075619207864407,2.3455338402968,upper_limit,0.0008066778987980213,0.25080667789879796,242
hand_friction_sweep_joint10_joint_3_3_20260811_161208.csv,82,10,joint_3_3,-1,0.25,-0.25,1.3316133022308352,1.5955800021732158,-1.507266342022303,-3.1028463441955187,-2.3301406939967926,lower_limit,5.6451415312959545e-05,-0.24994354858468695,246
hand_friction_sweep_joint10_joint_3_3_20260811_161208.csv,83,10,joint_3_3,1,0.25,0.25,1.3110392093658447,-1.586329757137646,1.4966198335851375,3.0829495907227837,2.351531188921512,upper_limit,0.000846220463319241,0.2508462204633192,242
hand_friction_sweep_joint10_joint_3_3_20260811_161208.csv,84,10,joint_3_3,-1,0.25,-0.25,1.3225529193878174,1.5901694814920335,-1.4885913190259634,-3.0787608005179967,-2.327892332613119,lower_limit,2.7328698566222134e-05,-0.24997267130143372,244
hand_friction_sweep_joint10_joint_3_3_20260811_161208.csv,85,10,joint_3_3,1,0.25,0.25,1.3116936683654785,-1.5837117632596545,1.5097098029750948,3.093421566234749,2.358341464047401,upper_limit,0.0007985571780333361,0.2507985571780333,243
hand_friction_sweep_joint10_joint_3_3_20260811_161208.csv,86,10,joint_3_3,-1,0.25,-0.25,1.3298242092132568,1.5917402778188283,-1.5037756835183145,-3.095515961337143,-2.3277632787032014,lower_limit,0.00010870122593601437,-0.249891298774064,246
hand_friction_sweep_joint10_joint_3_3_20260811_161208.csv,87,10,joint_3_3,1,0.25,0.25,1.3131403923034668,-1.586329757137646,1.4950490372583425,3.0813787943959885,2.3465722419753896,upper_limit,0.0008442053022617984,0.25084420530226176,243
hand_friction_sweep_joint10_joint_3_3_20260811_161208.csv,88,10,joint_3_3,-1,0.25,-0.25,1.3328666687011719,1.5901694814920335,-1.5142476590302802,-3.1044171405223135,-2.329128046654097,lower_limit,5.8907080157736457e-05,-0.24994109291984226,246
hand_friction_sweep_joint10_joint_3_3_20260811_161208.csv,89,10,joint_3_3,1,0.25,0.25,1.3161013126373293,-1.5885986851652385,1.5100588688254937,3.098657553990732,2.3544217487188326,upper_limit,0.0007934631192630804,0.25079346311926304,243
hand_friction_sweep_joint10_joint_3_3_20260811_161208.csv,90,10,joint_3_3,-1,0.25,-0.25,1.3278162479400635,1.5901694814920335,-1.500459557939525,-3.0906290394315583,-2.327602967825008,lower_limit,7.732942473331554e-06,-0.24999226705752664,245
hand_friction_sweep_joint10_joint_3_3_20260811_161208.csv,91,10,joint_3_3,1,0.25,0.25,1.3087108135223389,-1.5894713497912358,1.4959217018843398,3.0853930516755756,2.357581995804996,upper_limit,0.0008245680740869325,0.25082456807408693,242
hand_friction_sweep_joint10_joint_3_3_20260811_161208.csv,92,10,joint_3_3,-1,0.25,-0.25,1.329695701599121,1.5866788229880449,-1.517738317534269,-3.1044171405223135,-2.334682391459094,lower_limit,7.467230942369815e-05,-0.24992532769057624,246
hand_friction_sweep_joint10_joint_3_3_20260811_161208.csv,93,10,joint_3_3,1,0.25,0.25,1.3077406883239746,-1.5879005534644408,1.4950490372583425,3.0829495907227833,2.357462468093694,upper_limit,0.0008157301543474111,0.2508157301543474,242
hand_friction_sweep_joint10_joint_3_3_20260811_161208.csv,94,10,joint_3_3,-1,0.25,-0.25,1.321245193481445,1.5901694814920335,-1.484751594671576,-3.0749210761636094,-2.327290264770066,lower_limit,-2.9638107869620205e-05,-0.2500296381078696,244
hand_friction_sweep_joint10_joint_3_3_20260811_161208.csv,95,10,joint_3_3,1,0.25,0.25,1.305509090423584,-1.5894713497912358,1.491209312903955,3.080680662695191,2.3597542792257666,upper_limit,0.0008448441215470471,0.250844844121547,241
hand_friction_sweep_joint10_joint_3_3_20260811_161208.csv,96,10,joint_3_3,-1,0.25,-0.25,1.3253357410430908,1.5910421461180306,-1.5030775518175166,-3.094119697935547,-2.334593116382989,lower_limit,3.670219360216448e-05,-0.24996329780639778,245
hand_friction_sweep_joint10_joint_3_3_20260811_161208.csv,97,10,joint_3_3,1,0.25,0.25,1.31020188331604,-1.5859806912872472,1.4959217018843398,3.081902393171587,2.352234745206962,upper_limit,0.0008088730611811553,0.2508088730611811,242
hand_friction_sweep_joint10_joint_3_3_20260811_161208.csv,98,10,joint_3_3,-1,0.25,-0.25,1.3250758647918701,1.5920893436692272,-1.5001104920891262,-3.092199835758353,-2.3336021113357504,lower_limit,1.5163474674408067e-05,-0.24998483652532558,245
hand_friction_sweep_joint10_joint_3_3_20260811_161208.csv,99,10,joint_3_3,1,0.25,0.25,1.311314344406128,-1.5901694814920335,1.4969688994355363,3.08713838092757,2.3542321443343033,upper_limit,0.0008237450905472366,0.2508237450905472,242
hand_friction_sweep_joint10_joint_3_3_20260811_161208.csv,100,10,joint_3_3,-1,0.25,-0.25,1.3324677944183347,1.5924384095196262,-1.5111060663766904,-3.1035444758963164,-2.3291703476038714,lower_limit,6.300301380275799e-05,-0.2499369969861972,246
hand_friction_sweep_joint10_joint_3_3_20260811_161208.csv,101,10,joint_3_3,1,0.3,0.3,1.0707223415374756,-1.5889477510156376,1.4992378274631288,3.0881855784787664,2.8842076593305856,upper_limit,0.0009878076771688074,0.30098780767716876,198
hand_friction_sweep_joint10_joint_3_3_20260811_161208.csv,102,10,joint_3_3,-1,0.3,-0.3,1.0826973915100098,1.589122283940837,-1.5091862041994966,-3.0983084881403338,-2.8616569250427433,lower_limit,-0.00011303921151188556,-0.30011303921151183,200
hand_friction_sweep_joint10_joint_3_3_20260811_161208.csv,103,10,joint_3_3,1,0.3,0.3,1.0732972621917727,-1.5879005534644408,1.507266342022303,3.0951668954867437,2.883792779985412,upper_limit,0.0009314336057794401,0.30093143360577945,198
hand_friction_sweep_joint10_joint_3_3_20260811_161208.csv,104,10,joint_3_3,-1,0.3,-0.3,1.0734009742736816,1.5901694814920335,-1.5081390066483,-3.0983084881403338,-2.8864409129466355,lower_limit,-0.00010378759599268054,-0.3001037875959926,198
hand_friction_sweep_joint10_joint_3_3_20260811_161208.csv,105,10,joint_3_3,1,0.3,0.3,1.0606305599212644,-1.5866788229880449,1.4889403848763625,3.075619207864407,2.899802555276858,upper_limit,0.0010142774071662027,0.3010142774071662,196
hand_friction_sweep_joint10_joint_3_3_20260811_161208.csv,106,10,joint_3_3,-1,0.3,-0.3,1.0673167705535889,1.587551487614042,-1.4842279958959776,-3.07177948351002,-2.878039180361393,lower_limit,-0.00018027921538833216,-0.3001802792153883,197
hand_friction_sweep_joint10_joint_3_3_20260811_161208.csv,107,10,joint_3_3,1,0.3,0.3,1.068117618560791,-1.5837117632596545,1.5027284859671175,3.086440249226772,2.889607095317387,upper_limit,0.000990611374287567,0.30099061137428756,198
hand_friction_sweep_joint10_joint_3_3_20260811_161208.csv,108,10,joint_3_3,-1,0.3,-0.3,1.0714428424835203,1.5920893436692272,-1.5042992822939123,-3.0963886259631392,-2.8899242247826806,lower_limit,-0.00010480280768378778,-0.30010480280768376,198
hand_friction_sweep_joint10_joint_3_3_20260811_161208.csv,109,10,joint_3_3,1,0.3,0.3,1.064640283584595,-1.586329757137646,1.492081977529952,3.078411734667598,2.891504090285525,upper_limit,0.0009989714479746116,0.30099897144797455,197
hand_friction_sweep_joint10_joint_3_3_20260811_161208.csv,110,10,joint_3_3,-1,0.3,-0.3,1.071901798248291,1.5905185473424324,-1.5091862041994966,-3.099704751541929,-2.89178053120863,lower_limit,-0.00012224932329451594,-0.3001222493232945,198
hand_friction_sweep_joint10_joint_3_3_20260811_161208.csv,111,10,joint_3_3,1,0.3,0.3,1.0616796016693115,-1.5840608291100533,1.4959217018843398,3.079982530994393,2.901047101358679,upper_limit,0.001025875138110778,0.30102587513811074,197
hand_friction_sweep_joint10_joint_3_3_20260811_161208.csv,112,10,joint_3_3,-1,0.3,-0.3,1.0691642761230467,1.5920893436692272,-1.495398103108741,-3.0874874467779683,-2.887757770932705,lower_limit,-0.00013153712003886693,-0.30013153712003887,198
hand_friction_sweep_joint10_joint_3_3_20260811_161208.csv,113,10,joint_3_3,1,0.3,0.3,1.0643510818481445,-1.584758960810851,1.501681288415921,3.086440249226772,2.8998328670530986,upper_limit,0.0010205780969499826,0.30102057809694993,197
hand_friction_sweep_joint10_joint_3_3_20260811_161208.csv,114,10,joint_3_3,-1,0.3,-0.3,1.0730607509613035,1.5866788229880449,-1.5088371383490975,-3.095515961337142,-2.884753690379616,lower_limit,-5.273650800807995e-05,-0.3000527365080081,199
hand_friction_sweep_joint10_joint_3_3_20260811_161208.csv,115,10,joint_3_3,1,0.3,0.3,1.060765266418457,-1.5885986851652385,1.4934782409315477,3.082076926096786,2.9055221015135975,upper_limit,0.0010394966344859078,0.30103949663448587,197
hand_friction_sweep_joint10_joint_3_3_20260811_161208.csv,116,10,joint_3_3,-1,0.3,-0.3,1.0657150745391846,1.5910421461180306,-1.484751594671576,-3.0757937407896065,-2.886131400665023,lower_limit,-0.00014684564191400426,-0.30014684564191396,197
hand_friction_sweep_joint10_joint_3_3_20260811_161208.csv,117,10,joint_3_3,1,0.3,0.3,1.0644464492797852,-1.5885986851652385,1.501681288415921,3.0902799735811595,2.903180310923178,upper_limit,0.0009417924808333897,0.30094179248083336,197
hand_friction_sweep_joint10_joint_3_3_20260811_161208.csv,118,10,joint_3_3,-1,0.3,-0.3,1.0714607238769531,1.5920893436692272,-1.5187855150854654,-3.1108748587546926,-2.9033960736314834,lower_limit,-4.3864929780727235e-05,-0.30004386492978075,198
hand_friction_sweep_joint10_joint_3_3_20260811_161208.csv,119,10,joint_3_3,1,0.3,0.3,1.059908390045166,-1.5851080266612498,1.495398103108741,3.080506129769991,2.906389041451706,upper_limit,0.0010056083380989205,0.30100560833809886,196
hand_friction_sweep_joint10_joint_3_3_20260811_161208.csv,120,10,joint_3_3,-1,0.3,-0.3,1.0717661380767822,1.5933110741456231,-1.5191345809358645,-3.112445655081488,-2.904034326617725,lower_limit,-8.336657359037607e-05,-0.3000833665735903,198
hand_friction_sweep_joint11_joint_3_4_20260811_162022.csv,1,11,joint_3_4,1,0.05,0.05,8.002206325531006,-1.596801732649612,-0.1141445330804291,1.4826571995691828,0.18528105115695045,timeout,0.0003351125401095974,0.050335112540109556,1470
hand_friction_sweep_joint11_joint_3_4_20260811_162022.csv,2,11,joint_3_4,-1,0.05,-0.05,8.002718687057495,1.5428710587629872,-0.3970624048287099,-1.9399334635916972,-0.24240930356943333,timeout,-0.001472380583459876,-0.051472380583459876,1472
hand_friction_sweep_joint11_joint_3_4_20260811_162022.csv,3,11,joint_3_4,1,0.05,0.05,8.003211259841919,-1.5994197265276031,-0.1151917306316257,1.4842279958959774,0.18545405684134023,timeout,0.00036739896086077973,0.050367398960860746,1471
hand_friction_sweep_joint11_joint_3_4_20260811_162022.csv,4,11,joint_3_4,-1,0.05,-0.05,8.004041910171509,1.538682268558201,-0.4132939668722571,-1.951976235430458,-0.24387381492216992,timeout,-0.001460534805780568,-0.05146053480578057,1471
hand_friction_sweep_joint11_joint_3_4_20260811_162022.csv,5,11,joint_3_4,1,0.05,0.05,8.003769397735596,-1.5974998643504097,-0.1155407964820246,1.4819590678683852,0.1851576418840424,timeout,0.00035508593565437217,0.05035508593565434,1471
hand_friction_sweep_joint11_joint_3_4_20260811_162022.csv,6,11,joint_3_4,-1,0.05,-0.05,8.004302501678467,1.5413002624361922,-0.4473278872861466,-1.9886281497223388,-0.24844490188936916,timeout,-0.0014267117661876567,-0.05142671176618766,1471
hand_friction_sweep_joint11_joint_3_4_20260811_162022.csv,7,11,joint_3_4,1,0.05,0.05,8.001832723617554,-1.5936601399960222,-0.1141445330804291,1.479515606915593,0.18489709270587174,timeout,0.0003271379153419524,0.05032713791534192,1471
hand_friction_sweep_joint11_joint_3_4_20260811_162022.csv,8,11,joint_3_4,-1,0.05,-0.05,8.000228881835938,1.5399039990345968,-0.4530874738177279,-1.9929914728523248,-0.24911680681752718,timeout,-0.0014311050592500103,-0.05143110505925002,1470
hand_friction_sweep_joint11_joint_3_4_20260811_162022.csv,9,11,joint_3_4,1,0.05,0.05,8.004498481750488,-1.5971507985000108,-0.1171115928088195,1.4800392056911913,0.18490092902953795,timeout,0.00035788074066652164,0.05035788074066648,1471
hand_friction_sweep_joint11_joint_3_4_20260811_162022.csv,10,11,joint_3_4,-1,0.05,-0.05,8.003651857376099,1.5413002624361922,-0.4742059577668593,-2.0155062202030516,-0.251823324667174,timeout,-0.001410486335553869,-0.05141048633555388,1471
hand_friction_sweep_joint11_joint_3_4_20260811_162022.csv,11,11,joint_3_4,1,0.05,0.05,8.00144076347351,-1.5971507985000108,-0.1155407964820246,1.4816100020179863,0.1851679023584752,timeout,0.0003340844570744119,0.05033408445707438,1471
hand_friction_sweep_joint11_joint_3_4_20260811_162022.csv,12,11,joint_3_4,-1,0.05,-0.05,8.004589796066284,1.5409511965857934,-0.4635594493296939,-2.004510645915487,-0.2504201585571029,timeout,-0.0014087831278219054,-0.051408783127821905,1471
hand_friction_sweep_joint11_joint_3_4_20260811_162022.csv,13,11,joint_3_4,1,0.05,0.05,8.003762245178223,-1.5990706606772045,-0.0434586983746588,1.5556119623025457,0.19436009149818348,timeout,0.0003351481348928408,0.05033514813489281,1471
hand_friction_sweep_joint11_joint_3_4_20260811_162022.csv,14,11,joint_3_4,-1,0.05,-0.05,8.000495433807373,1.537984136857403,-0.4324925886441948,-1.9704767255015978,-0.24629433787000657,timeout,-0.0014396417706962902,-0.0514396417706963,1471
hand_friction_sweep_joint11_joint_3_4_20260811_162022.csv,15,11,joint_3_4,1,0.05,0.05,5.022863864898682,-1.5964526667992132,-0.564788545945365,1.0316641208538482,0.2053936058397749,q_not_changing,0.0009115255124797562,0.05091152551247977,924
hand_friction_sweep_joint11_joint_3_4_20260811_162022.csv,16,11,joint_3_4,-1,0.05,-0.05,8.00389575958252,1.538682268558201,-0.4473278872861466,-1.9860101558443475,-0.24813043741438445,timeout,-0.001440180082963238,-0.05144018008296324,1473
hand_friction_sweep_joint11_joint_3_4_20260811_162022.csv,17,11,joint_3_4,1,0.05,0.05,6.242614507675171,-1.6013395887047972,-0.3829252378875559,1.2184143508172414,0.19517693256875385,q_not_changing,0.0006562893444180624,0.05065628934441804,1148
hand_friction_sweep_joint11_joint_3_4_20260811_162022.csv,18,11,joint_3_4,-1,0.05,-0.05,8.000617265701294,1.5390313344085995,-0.4577998627981126,-1.996831197206712,-0.2495846421459432,timeout,-0.0014390176799494137,-0.05143901767994942,1472
hand_friction_sweep_joint11_joint_3_4_20260811_162022.csv,19,11,joint_3_4,1,0.05,0.05,5.036665439605713,-1.5990706606772045,-0.5635668154689689,1.0355038452082357,0.2055931364957404,q_not_changing,0.0009124609861108457,0.05091246098611085,926
hand_friction_sweep_joint11_joint_3_4_20260811_162022.csv,20,11,joint_3_4,-1,0.05,-0.05,8.00261664390564,1.536762406381007,-0.4274311338134112,-1.9641935401944182,-0.24544391260953902,timeout,-0.001445525105642964,-0.051445525105642965,1474
hand_friction_sweep_joint11_joint_3_4_20260811_162022.csv,21,11,joint_3_4,1,0.1,0.1,4.24999213218689,-1.6009905228543984,1.4854497263723738,3.086440249226772,0.7262225795318363,upper_limit,-0.0006462750277352675,0.09935372497226468,782
hand_friction_sweep_joint11_joint_3_4_20260811_162022.csv,22,11,joint_3_4,-1,0.1,-0.1,3.8929367065429688,1.513374994404283,-1.4885913190259634,-3.0019663134302466,-0.7711315491938918,lower_limit,-0.0006351334693422238,-0.1006351334693422,717
hand_friction_sweep_joint11_joint_3_4_20260811_162022.csv,23,11,joint_3_4,1,0.1,0.1,4.185107469558716,-1.517738317534269,1.4845770617463765,3.0023153792806454,0.7173807127101599,upper_limit,-0.0007086166771546143,0.09929138332284533,771
hand_friction_sweep_joint11_joint_3_4_20260811_162022.csv,24,11,joint_3_4,-1,0.1,-0.1,3.9034523963928223,1.5152948565814768,-1.4898130495023596,-3.005107906083836,-0.7698589865886041,lower_limit,-0.000637476182501549,-0.10063747618250152,720
hand_friction_sweep_joint11_joint_3_4_20260811_162022.csv,25,11,joint_3_4,1,0.1,0.1,4.199459791183472,-1.5219271077390553,1.490336648277958,3.0122637560170133,0.7172979158750586,upper_limit,-0.0007089888315695124,0.09929101116843043,774
hand_friction_sweep_joint11_joint_3_4_20260811_162022.csv,26,11,joint_3_4,-1,0.1,-0.1,3.916041851043701,1.5165165870578727,-1.4889403848763625,-3.005456971934235,-0.767473149229297,lower_limit,-0.0006387431157282257,-0.10063874311572821,723
hand_friction_sweep_joint11_joint_3_4_20260811_162022.csv,27,11,joint_3_4,1,0.1,0.1,4.1676695346832275,-1.5219271077390553,1.4838789300455788,3.005806037784634,0.721219859869023,upper_limit,-0.000703264553228309,0.09929673544677163,769
hand_friction_sweep_joint11_joint_3_4_20260811_162022.csv,28,11,joint_3_4,-1,0.1,-0.1,3.8838405609130864,1.507266342022303,-1.4840534629707782,-2.991319804993081,-0.7701963451068715,lower_limit,-0.0006404305867051317,-0.10064043058670513,716
hand_friction_sweep_joint11_joint_3_4_20260811_162022.csv,29,11,joint_3_4,1,0.1,0.1,4.1869940757751465,-1.5154693895066762,1.4906857141283567,3.0061551036350327,0.7179745299922587,upper_limit,-0.000706841918011387,0.09929315808198856,770
hand_friction_sweep_joint11_joint_3_4_20260811_162022.csv,30,11,joint_3_4,-1,0.1,-0.1,3.9411139488220215,1.519832712636662,-1.486322390998371,-3.0061551036350327,-0.7627678729090177,lower_limit,-0.0006497998227215201,-0.1006497998227215,725
hand_friction_sweep_joint11_joint_3_4_20260811_162022.csv,31,11,joint_3_4,1,0.1,0.1,4.218453407287598,-1.5243705686918472,1.4854497263723738,3.009820295064221,0.7134890455029324,upper_limit,-0.0006979414214378544,0.09930205857856207,778
hand_friction_sweep_joint11_joint_3_4_20260811_162022.csv,32,11,joint_3_4,-1,0.1,-0.1,3.9389994144439697,1.514945790731078,-1.4905111812031573,-3.005456971934235,-0.7630001062994538,lower_limit,-0.000636573631189706,-0.10063657363118968,726
hand_friction_sweep_joint11_joint_3_4_20260811_162022.csv,33,11,joint_3_4,1,0.1,0.1,4.21252965927124,-1.5227997723650524,1.4877186543999663,3.0105184267650187,0.7146580962674652,upper_limit,-0.0007034967493678748,0.09929650325063206,776
hand_friction_sweep_joint11_joint_3_4_20260811_162022.csv,34,11,joint_3_4,-1,0.1,-0.1,3.932475566864014,1.513025928553884,-1.4870205226991686,-3.000046451253053,-0.7628900422248435,lower_limit,-0.0006398630288319838,-0.10063986302883197,727
hand_friction_sweep_joint11_joint_3_4_20260811_162022.csv,35,11,joint_3_4,1,0.1,0.1,4.196089267730713,-1.51738925168387,1.488765851951163,3.006155103635033,0.7164182913727172,upper_limit,-0.0006980414916618553,0.09930195850833809,773
hand_friction_sweep_joint11_joint_3_4_20260811_162022.csv,36,11,joint_3_4,-1,0.1,-0.1,3.9263668060302734,1.5084880724986989,-1.4856242592975732,-2.994112331796272,-0.7625656184740032,lower_limit,-0.0006340728079325328,-0.10063407280793252,724
hand_friction_sweep_joint11_joint_3_4_20260811_162022.csv,37,11,joint_3_4,1,0.1,0.1,4.20051646232605,-1.5227997723650524,1.4880677202503652,3.0108674926154175,0.7167850714595556,upper_limit,-0.0006899081634844594,0.0993100918365155,774
hand_friction_sweep_joint11_joint_3_4_20260811_162022.csv,38,11,joint_3_4,-1,0.1,-0.1,3.948063373565674,1.5172147187586704,-1.4889403848763625,-3.0061551036350327,-0.7614252404768362,lower_limit,-0.0006383809264419807,-0.10063838092644196,727
hand_friction_sweep_joint11_joint_3_4_20260811_162022.csv,39,11,joint_3_4,1,0.1,0.1,4.194943189620972,-1.516167521207474,1.4877186543999663,3.00388617560744,0.7160731480320363,upper_limit,-0.000693813404644788,0.09930618659535514,772
hand_friction_sweep_joint11_joint_3_4_20260811_162022.csv,40,11,joint_3_4,-1,0.1,-0.1,3.9454207420349117,1.5152948565814768,-1.4905111812031573,-3.005806037784634,-0.7618467672561439,lower_limit,-0.0006406550490358857,-0.10064065504903585,728
hand_friction_sweep_joint11_joint_3_4_20260811_162022.csv,41,11,joint_3_4,1,0.15,0.15,2.447902679443359,-1.5208799101878585,1.4950490372583425,3.015928947446201,1.232046099206856,upper_limit,-0.0006394024894765221,0.14936059751052344,452
hand_friction_sweep_joint11_joint_3_4_20260811_162022.csv,42,11,joint_3_4,-1,0.15,-0.15,2.3603420257568355,1.538682268558201,-1.4978415640615337,-3.036523832619735,-1.2864761968749354,lower_limit,-0.0006732618185983613,-0.15067326181859833,436
hand_friction_sweep_joint11_joint_3_4_20260811_162022.csv,43,11,joint_3_4,1,0.15,0.15,2.452187299728394,-1.5496778428457652,1.4861478580731715,3.0358257009189367,1.2380072685537467,upper_limit,-0.0006136731756852778,0.14938632682431469,452
hand_friction_sweep_joint11_joint_3_4_20260811_162022.csv,44,11,joint_3_4,-1,0.15,-0.15,2.344434976577759,1.5390313344085995,-1.4898130495023596,-3.0288443839109593,-1.2919293621579786,lower_limit,-0.0006804853990392208,-0.15068048539903922,432
hand_friction_sweep_joint11_joint_3_4_20260811_162022.csv,45,11,joint_3_4,1,0.15,0.15,2.4450891017913814,-1.5507250403969617,1.4880677202503652,3.038792760647327,1.2428147335902695,upper_limit,-0.0006188724415884423,0.1493811275584115,451
hand_friction_sweep_joint11_joint_3_4_20260811_162022.csv,46,11,joint_3_4,-1,0.15,-0.15,2.3512685298919678,1.537111472231406,-1.4990632945379294,-3.0361747667693355,-1.2912922229724382,lower_limit,-0.0006778296484936748,-0.15067782964849366,434
hand_friction_sweep_joint11_joint_3_4_20260811_162022.csv,47,11,joint_3_4,1,0.15,0.15,2.444333076477051,-1.5496778428457652,1.4845770617463765,3.0342549045921414,1.2413426524364382,upper_limit,-0.0006199533073256789,0.14938004669267427,452
hand_friction_sweep_joint11_joint_3_4_20260811_162022.csv,48,11,joint_3_4,-1,0.15,-0.15,2.3526961803436284,1.5357152088298105,-1.4924310433803512,-3.0281462522101616,-1.287096173959818,lower_limit,-0.0006817613039067303,-0.15068176130390673,433
hand_friction_sweep_joint11_joint_3_4_20260811_162022.csv,49,11,joint_3_4,1,0.15,0.15,2.44689679145813,-1.546536250192175,1.488765851951163,3.035302102143338,1.2404700160379758,upper_limit,-0.0006189116437865811,0.14938108835621336,450
hand_friction_sweep_joint11_joint_3_4_20260811_162022.csv,50,11,joint_3_4,-1,0.15,-0.15,2.346086025238037,1.5413002624361922,-1.4837043971203794,-3.0250046595565716,-1.2893835209003688,lower_limit,-0.0006854934568751242,-0.15068549345687512,432
hand_friction_sweep_joint11_joint_3_4_20260811_162022.csv,51,11,joint_3_4,1,0.15,0.15,2.4347047805786133,-1.5400785319597965,1.4861478580731715,3.026226390032968,1.2429541413697713,upper_limit,-0.0006233672901273432,0.14937663270987261,448
hand_friction_sweep_joint11_joint_3_4_20260811_162022.csv,52,11,joint_3_4,-1,0.15,-0.15,2.3448104858398438,1.5329226820266195,-1.4943509055575448,-3.0272735875841645,-1.2910525630389622,lower_limit,-0.0006753041141486041,-0.1506753041141486,432
hand_friction_sweep_joint11_joint_3_4_20260811_162022.csv,53,11,joint_3_4,1,0.15,0.15,2.4411094188690186,-1.5468853160425742,1.4854497263723738,3.032335042414948,1.2421954620206446,upper_limit,-0.0006251547493228915,0.14937484525067707,452
hand_friction_sweep_joint11_joint_3_4_20260811_162022.csv,54,11,joint_3_4,-1,0.15,-0.15,2.3519604206085205,1.5348425442038132,-1.494001839707146,-3.0288443839109593,-1.287795643741024,lower_limit,-0.000675829461661584,-0.15067582946166153,435
hand_friction_sweep_joint11_joint_3_4_20260811_162022.csv,55,11,joint_3_4,1,0.15,0.15,2.450841188430786,-1.552644902574155,1.4973179652859352,3.0499628678600903,1.244455529088324,upper_limit,-0.0006207716257470358,0.1493792283742529,455
hand_friction_sweep_joint11_joint_3_4_20260811_162022.csv,56,11,joint_3_4,-1,0.15,-0.15,2.354506492614746,1.5390313344085995,-1.4994123603883285,-3.038443694796928,-1.2904800663440306,lower_limit,-0.0006773036823421202,-0.15067730368234208,437
hand_friction_sweep_joint11_joint_3_4_20260811_162022.csv,57,11,joint_3_4,1,0.15,0.15,2.4488723278045654,-1.556833692778942,1.4938273067819463,3.050660999560888,1.245741137634493,upper_limit,-0.000612190862494305,0.14938780913750566,452
hand_friction_sweep_joint11_joint_3_4_20260811_162022.csv,58,11,joint_3_4,-1,0.15,-0.15,2.3415493965148926,1.5421729270621891,-1.484402528821177,-3.026575455883366,-1.2925524699107567,lower_limit,-0.0006837306597868948,-0.15068373065978688,433
hand_friction_sweep_joint11_joint_3_4_20260811_162022.csv,59,11,joint_3_4,1,0.15,0.15,2.4383656978607178,-1.5411257295109928,1.4849261275967751,3.0260518571077677,1.2410164151188037,upper_limit,-0.0006218812197209253,0.149378118780279,451
hand_friction_sweep_joint11_joint_3_4_20260811_162022.csv,60,11,joint_3_4,-1,0.15,-0.15,2.3465170860290527,1.5348425442038132,-1.485973325147972,-3.020815869351785,-1.2873615484572627,lower_limit,-0.0006812525210053477,-0.15068125252100528,433
hand_friction_sweep_joint11_joint_3_4_20260811_162022.csv,61,11,joint_3_4,1,0.2,0.2,1.7210092544555662,-1.5426965258377878,1.4957471689591402,3.038443694796928,1.7655010784692884,upper_limit,-0.0005784194854203656,0.1994215805145796,319
hand_friction_sweep_joint11_joint_3_4_20260811_162022.csv,62,11,joint_3_4,-1,0.2,-0.2,1.6624994277954102,1.5409511965857934,-1.4878931873251655,-3.028844383910959,-1.821861910609748,lower_limit,-0.0007069181300358625,-0.20070691813003586,308
hand_friction_sweep_joint11_joint_3_4_20260811_162022.csv,63,11,joint_3_4,1,0.2,0.2,1.729142189025879,-1.5638150097869192,1.488765851951163,3.0525808617380825,1.7653729584018591,upper_limit,-0.0005610676627093258,0.19943893233729065,321
hand_friction_sweep_joint11_joint_3_4_20260811_162022.csv,64,11,joint_3_4,-1,0.2,-0.2,1.6457207202911377,1.538682268558201,-1.4917329116795532,-3.030415180237754,-1.841390913338963,lower_limit,-0.0006967522857351441,-0.20069675228573514,305
hand_friction_sweep_joint11_joint_3_4_20260811_162022.csv,65,11,joint_3_4,1,0.2,0.2,1.7235610485076904,-1.5791739072044693,1.485798792222773,3.0649726994272424,1.7782791634105362,upper_limit,-0.0005456145574117896,0.1994543854425882,319
hand_friction_sweep_joint11_joint_3_4_20260811_162022.csv,66,11,joint_3_4,-1,0.2,-0.2,1.6414551734924316,1.5364133405306082,-1.4933037080063485,-3.0297170485369564,-1.8457507079470215,lower_limit,-0.0006996979745539156,-0.20069969797455392,303
hand_friction_sweep_joint11_joint_3_4_20260811_162022.csv,67,11,joint_3_4,1,0.2,0.2,1.718066930770874,-1.577952176728073,1.4873695885495677,3.0653217652776408,1.7841690043485507,upper_limit,-0.000551544054954854,0.1994484559450451,318
hand_friction_sweep_joint11_joint_3_4_20260811_162022.csv,68,11,joint_3_4,-1,0.2,-0.2,1.6399097442626953,1.537635071007004,-1.484751594671576,-3.02238666567858,-1.8430201273286824,lower_limit,-0.0007047016236459287,-0.2007047016236459,303
hand_friction_sweep_joint11_joint_3_4_20260811_162022.csv,69,11,joint_3_4,1,0.2,0.2,1.7155165672302246,-1.570621793869697,1.4934782409315477,3.0641000348012444,1.7861092648894472,upper_limit,-0.0005600691838603212,0.19943993081613964,316
hand_friction_sweep_joint11_joint_3_4_20260811_162022.csv,70,11,joint_3_4,-1,0.2,-0.2,1.639333963394165,1.5406021307353943,-1.4990632945379294,-3.0396654252733235,-1.854207558159679,lower_limit,-0.000693514803338353,-0.2006935148033383,302
hand_friction_sweep_joint11_joint_3_4_20260811_162022.csv,71,11,joint_3_4,1,0.2,0.2,1.7227365970611572,-1.5845844278856516,1.4992378274631288,3.0838222553487804,1.7900718314160853,upper_limit,-0.0005498196280802634,0.19945018037191972,318
hand_friction_sweep_joint11_joint_3_4_20260811_162022.csv,72,11,joint_3_4,-1,0.2,-0.2,1.6413488388061523,1.538682268558201,-1.4985396957623311,-3.037221964320532,-1.8504426923222967,lower_limit,-0.0007008242609912222,-0.2007008242609912,303
hand_friction_sweep_joint11_joint_3_4_20260811_162022.csv,73,11,joint_3_4,1,0.2,0.2,1.7181949615478518,-1.5802211047556658,1.4941763726323454,3.074397477388011,1.7893181776172897,upper_limit,-0.0005496847468263893,0.19945031525317355,317
hand_friction_sweep_joint11_joint_3_4_20260811_162022.csv,74,11,joint_3_4,-1,0.2,-0.2,1.6369314193725586,1.537984136857403,-1.4978415640615337,-3.0358257009189367,-1.8545833166807801,lower_limit,-0.0006909401021406676,-0.20069094010214067,303
hand_friction_sweep_joint11_joint_3_4_20260811_162022.csv,75,11,joint_3_4,1,0.2,0.2,1.7155566215515137,-1.5776031108776742,1.4973179652859352,3.0749210761636094,1.7923751612364243,upper_limit,-0.0005544850607696033,0.19944551493923035,316
hand_friction_sweep_joint11_joint_3_4_20260811_162022.csv,76,11,joint_3_4,-1,0.2,-0.2,1.6417462825775146,1.5413002624361922,-1.4981906299119323,-3.0394908923481245,-1.8513767471890807,lower_limit,-0.0006909574683381689,-0.2006909574683382,302
hand_friction_sweep_joint11_joint_3_4_20260811_162022.csv,77,11,joint_3_4,1,0.2,0.2,1.724790334701538,-1.5837117632596545,1.497667031136334,3.0813787943959885,1.7865236906775674,upper_limit,-0.0005542647428069945,0.19944573525719295,318
hand_friction_sweep_joint11_joint_3_4_20260811_162022.csv,78,11,joint_3_4,-1,0.2,-0.2,1.6396405696868896,1.5393804002589986,-1.492081977529952,-3.0314623777889507,-1.848857873996035,lower_limit,-0.000698182001860148,-0.20069818200186015,302
hand_friction_sweep_joint11_joint_3_4_20260811_162022.csv,79,11,joint_3_4,1,0.2,0.2,1.7263312339782713,-1.5783012425784722,1.497667031136334,3.075968273714806,1.781794949412079,upper_limit,-0.0005517784677565874,0.19944822153224337,318
hand_friction_sweep_joint11_joint_3_4_20260811_162022.csv,80,11,joint_3_4,-1,0.2,-0.2,1.639848232269287,1.538682268558201,-1.4898130495023596,-3.0284953180605605,-1.8468143932256513,lower_limit,-0.0007031995552804493,-0.2007031995552805,302
hand_friction_sweep_joint11_joint_3_4_20260811_162022.csv,81,11,joint_3_4,1,0.25,0.25,1.3317301273345947,-1.5756832487004806,1.4873695885495677,3.0630528372500483,2.3000552246877732,upper_limit,-0.0005218844038544694,0.2494781155961455,246
hand_friction_sweep_joint11_joint_3_4_20260811_162022.csv,82,11,joint_3_4,-1,0.25,-0.25,1.2761640548706055,1.5421729270621891,-1.4981906299119323,-3.040363556974121,-2.3824237529416967,lower_limit,-0.0007124029588452143,-0.2507124029588452,236
hand_friction_sweep_joint11_joint_3_4_20260811_162022.csv,83,11,joint_3_4,1,0.25,0.25,1.3429348468780518,-1.5974998643504097,1.5088371383490975,3.106337002699507,2.3130958362729754,upper_limit,-0.000505738414645962,0.24949426158535398,248
hand_friction_sweep_joint11_joint_3_4_20260811_162022.csv,84,11,joint_3_4,-1,0.25,-0.25,1.2798902988433838,1.537635071007004,-1.4981906299119323,-3.035825700918936,-2.371942113837696,lower_limit,-0.0007121492605478697,-0.25071214926054786,236
hand_friction_sweep_joint11_joint_3_4_20260811_162022.csv,85,11,joint_3_4,1,0.25,0.25,1.3368158340454104,-1.601688654555196,1.4945254384827442,3.0962140930379403,2.316111175664579,upper_limit,-0.0005049208259095048,0.24949507917409044,247
hand_friction_sweep_joint11_joint_3_4_20260811_162022.csv,86,11,joint_3_4,-1,0.25,-0.25,1.283264398574829,1.5409511965857934,-1.4882422531755646,-3.029193449761358,-2.360537277528721,lower_limit,-0.0007128445884951824,-0.2507128445884952,237
hand_friction_sweep_joint11_joint_3_4_20260811_162022.csv,87,11,joint_3_4,1,0.25,0.25,1.3458311557769775,-1.6025613191811932,1.5011576896403227,3.103719008821516,2.3061726543473213,upper_limit,-0.000509165344898829,0.24949083465510113,248
hand_friction_sweep_joint11_joint_3_4_20260811_162022.csv,88,11,joint_3_4,-1,0.25,-0.25,1.2728633880615234,1.5402530648849957,-1.492081977529952,-3.032335042414948,-2.3822941808648994,lower_limit,-0.0007181535365125578,-0.25071815353651256,235
hand_friction_sweep_joint11_joint_3_4_20260811_162022.csv,89,11,joint_3_4,1,0.25,0.25,1.3339035511016846,-1.5997687923780024,1.489289450726761,3.0890582431047635,2.315803298187098,upper_limit,-0.0005027417412615994,0.2494972582587384,246
hand_friction_sweep_joint11_joint_3_4_20260811_162022.csv,90,11,joint_3_4,-1,0.25,-0.25,1.283158540725708,1.5406021307353943,-1.505870078620707,-3.0464722093561014,-2.374197819416085,lower_limit,-0.0006996746226220792,-0.2506996746226221,237
hand_friction_sweep_joint11_joint_3_4_20260811_162022.csv,91,11,joint_3_4,1,0.25,0.25,1.3426601886749268,-1.6009905228543984,1.4915583787543538,3.092548901608752,2.3032997683954513,upper_limit,-0.000501027194681354,0.2494989728053186,248
hand_friction_sweep_joint11_joint_3_4_20260811_162022.csv,92,11,joint_3_4,-1,0.25,-0.25,1.280320405960083,1.5409511965857934,-1.49278010923075,-3.033731305816543,-2.3695094538008377,lower_limit,-0.0007084292931612649,-0.2507084292931613,236
hand_friction_sweep_joint11_joint_3_4_20260811_162022.csv,93,11,joint_3_4,1,0.25,0.25,1.3450860977172852,-1.5987215948268056,1.4992378274631288,3.0979594222899345,2.3031681225071097,upper_limit,-0.0005069590080108574,0.24949304099198907,248
hand_friction_sweep_joint11_joint_3_4_20260811_162022.csv,94,11,joint_3_4,-1,0.25,-0.25,1.2892019748687744,1.5413002624361922,-1.503252084742716,-3.044552347178908,-2.3615790283666045,lower_limit,-0.0007056295634785677,-0.2507056295634785,238
hand_friction_sweep_joint11_joint_3_4_20260811_162022.csv,95,11,joint_3_4,1,0.25,0.25,1.3474128246307373,-1.5990706606772045,1.507266342022303,3.106337002699507,2.3054085176536807,upper_limit,-0.0005076571680582169,0.24949234283194174,248
hand_friction_sweep_joint11_joint_3_4_20260811_162022.csv,96,11,joint_3_4,-1,0.25,-0.25,1.279120683670044,1.5364133405306082,-1.5062191444711062,-3.0426324850017146,-2.3786907082698523,lower_limit,-0.00070366634061517,-0.25070366634061514,236
hand_friction_sweep_joint11_joint_3_4_20260811_162022.csv,97,11,joint_3_4,1,0.25,0.25,1.3460803031921387,-1.5987215948268056,1.5084880724986989,3.1072096673255043,2.308339004706455,upper_limit,-0.0005131524391768611,0.24948684756082312,248
hand_friction_sweep_joint11_joint_3_4_20260811_162022.csv,98,11,joint_3_4,-1,0.25,-0.25,1.2770307064056396,1.536762406381007,-1.5001104920891262,-3.036872898470133,-2.378073513218634,lower_limit,-0.0007121433587050719,-0.25071214335870506,236
hand_friction_sweep_joint11_joint_3_4_20260811_162022.csv,99,11,joint_3_4,1,0.25,0.25,1.3375499248504639,-1.5997687923780024,1.4938273067819463,3.0935960991599485,2.3128827131486758,upper_limit,-0.0005053956700292966,0.24949460432997067,247
hand_friction_sweep_joint11_joint_3_4_20260811_162022.csv,100,11,joint_3_4,-1,0.25,-0.25,1.2681186199188232,1.5393804002589986,-1.485973325147972,-3.025353725406971,-2.38570247127247,lower_limit,-0.0007147518428064122,-0.2507147518428064,234
hand_friction_sweep_joint11_joint_3_4_20260811_162022.csv,101,11,joint_3_4,1,0.3,0.3,1.0938715934753418,-1.5913912119684297,1.500808623789924,3.092199835758354,2.826839872433399,upper_limit,-0.0004830942045353583,0.29951690579546464,202
hand_friction_sweep_joint11_joint_3_4_20260811_162022.csv,102,11,joint_3_4,-1,0.3,-0.3,1.046557903289795,1.5390313344085995,-1.5051719469199096,-3.0442032813285094,-2.908776735390589,lower_limit,-0.0007283571295997864,-0.3007283571295998,194
hand_friction_sweep_joint11_joint_3_4_20260811_162022.csv,103,11,joint_3_4,1,0.3,0.3,1.0844199657440186,-1.6009905228543984,1.4938273067819463,3.0948178296363444,2.853892336363427,upper_limit,-0.0004675500885145348,0.2995324499114854,200
hand_friction_sweep_joint11_joint_3_4_20260811_162022.csv,104,11,joint_3_4,-1,0.3,-0.3,1.0409636497497559,1.537111472231406,-1.4974924982111346,-3.0346039704425407,-2.915187260546561,lower_limit,-0.0007286669971136021,-0.3007286669971136,192
hand_friction_sweep_joint11_joint_3_4_20260811_162022.csv,105,11,joint_3_4,1,0.3,0.3,1.095224380493164,-1.5987215948268056,1.510233401750693,3.1089549965774985,2.838646629814413,upper_limit,-0.00047494850787030895,0.29952505149212966,203
hand_friction_sweep_joint11_joint_3_4_20260811_162022.csv,106,11,joint_3_4,-1,0.3,-0.3,1.046266794204712,1.537111472231406,-1.493652773856747,-3.030764246088153,-2.896741311944146,lower_limit,-0.0007346398062451653,-0.3007346398062451,193
hand_friction_sweep_joint11_joint_3_4_20260811_162022.csv,107,11,joint_3_4,1,0.3,0.3,1.083813190460205,-1.5997687923780024,1.4945254384827442,3.0942942308607466,2.8550069865332217,upper_limit,-0.0004715091031802267,0.2995284908968197,200
hand_friction_sweep_joint11_joint_3_4_20260811_162022.csv,108,11,joint_3_4,-1,0.3,-0.3,1.0486023426055908,1.536762406381007,-1.499761426238727,-3.036523832619734,-2.8957820417170828,lower_limit,-0.0007245016272710522,-0.30072450162727105,194
hand_friction_sweep_joint11_joint_3_4_20260811_162022.csv,109,11,joint_3_4,1,0.3,0.3,1.0900471210479736,-1.594881870472418,1.5137240602546818,3.1086059307270997,2.851808761935428,upper_limit,-0.0004923001142236819,0.2995076998857763,201
hand_friction_sweep_joint11_joint_3_4_20260811_162022.csv,110,11,joint_3_4,-1,0.3,-0.3,1.0506951808929443,1.5418238612117905,-1.499761426238727,-3.0415852874505176,-2.894831291474654,lower_limit,-0.0007260402900804877,-0.3007260402900805,194
hand_friction_sweep_joint11_joint_3_4_20260811_162022.csv,111,11,joint_3_4,1,0.3,0.3,1.0843400955200195,-1.5964526667992132,1.496445300659938,3.0928979674591512,2.85233201302575,upper_limit,-0.0004719630873023661,0.2995280369126976,200
hand_friction_sweep_joint11_joint_3_4_20260811_162022.csv,112,11,joint_3_4,-1,0.3,-0.3,1.0421085357666016,1.535191610054212,-1.4856242592975732,-3.020815869351785,-2.8987535997194342,lower_limit,-0.0007409578829696103,-0.3007409578829696,193
hand_friction_sweep_joint11_joint_3_4_20260811_162022.csv,113,11,joint_3_4,1,0.3,0.3,1.0837173461914062,-1.5994197265276031,1.5098843359002942,3.1093040624278974,2.8691098037280396,upper_limit,-0.00047934786114940827,0.29952065213885054,200
hand_friction_sweep_joint11_joint_3_4_20260811_162022.csv,114,11,joint_3_4,-1,0.3,-0.3,1.0442347526550293,1.537111472231406,-1.5036011505931148,-3.040712622824521,-2.9119052158466543,lower_limit,-0.0007283955840585773,-0.30072839558405856,193
hand_friction_sweep_joint11_joint_3_4_20260811_162022.csv,115,11,joint_3_4,1,0.3,0.3,1.0725948810577393,-1.5994197265276031,1.4864969239235704,3.0859166504511735,2.8770570370501836,upper_limit,-0.00046991894763771845,0.29953008105236223,198
hand_friction_sweep_joint11_joint_3_4_20260811_162022.csv,116,11,joint_3_4,-1,0.3,-0.3,1.048891544342041,1.5418238612117905,-1.5189600480106649,-3.0607839092224554,-2.91811286470276,lower_limit,-0.0007057764606552795,-0.30070577646065527,194
hand_friction_sweep_joint11_joint_3_4_20260811_162022.csv,117,11,joint_3_4,1,0.3,0.3,1.0741801261901855,-1.594009205846421,1.489987582427559,3.0839967882739803,2.871023874936179,upper_limit,-0.0004634867481520961,0.2995365132518479,199
hand_friction_sweep_joint11_joint_3_4_20260811_162022.csv,118,11,joint_3_4,-1,0.3,-0.3,1.0419602394104004,1.538682268558201,-1.4994123603883285,-3.0380946289465296,-2.9157490987042407,lower_limit,-0.0007325689431959635,-0.30073256894319594,193
hand_friction_sweep_joint11_joint_3_4_20260811_162022.csv,119,11,joint_3_4,1,0.3,0.3,1.0913336277008057,-1.5964526667992132,1.513025928553884,3.1094785953530972,2.8492465699092118,upper_limit,-0.0004817221287456752,0.2995182778712543,202
hand_friction_sweep_joint11_joint_3_4_20260811_162022.csv,120,11,joint_3_4,-1,0.3,-0.3,1.041543960571289,1.535191610054212,-1.5023794201167189,-3.037571030170931,-2.916411736000866,lower_limit,-0.000721498021235939,-0.3007214980212359,192
hand_friction_sweep_joint12_joint_4_1_20260811_140944.csv,1,12,joint_4_1,1,0.05,0.05,2.6086246967315674,-0.2113593724165132,0.1712167996206437,0.3825761720371569,0.14665818832295013,q_not_changing,-0.001076008878084291,0.048923991121915644,481
hand_friction_sweep_joint12_joint_4_1_20260811_140944.csv,2,12,joint_4_1,-1,0.05,-0.05,3.048107624053955,0.8477064176936457,-0.0703367688553714,-0.9180431865490172,-0.3011846364296114,lower_limit,-0.0069841751898195945,-0.05698417518981959,561
hand_friction_sweep_joint12_joint_4_1_20260811_140944.csv,3,12,joint_4_1,1,0.05,0.05,2.6106812953948975,-0.0797615468161408,0.1692969374434499,0.2490584842595907,0.09539980414266444,q_not_changing,-0.0022349691273317587,0.04776503087266816,482
hand_friction_sweep_joint12_joint_4_1_20260811_140944.csv,4,12,joint_4_1,-1,0.05,-0.05,2.9953527450561523,0.8492772140204407,-0.0722566310325652,-0.9215338450530058,-0.30765453136496296,lower_limit,-0.006992789697571404,-0.056992789697571405,554
hand_friction_sweep_joint12_joint_4_1_20260811_140944.csv,5,12,joint_4_1,1,0.05,0.05,2.612719774246216,-0.0829031394697306,0.168947871593051,0.2518510110627816,0.09639419180935394,q_not_changing,-0.002176653144621903,0.04782334685537803,482
hand_friction_sweep_joint12_joint_4_1_20260811_140944.csv,6,12,joint_4_1,-1,0.05,-0.05,2.99368953704834,0.8365363104808821,-0.0726056968829641,-0.9091420073638462,-0.30368613582429943,lower_limit,-0.006950406634583379,-0.056950406634583374,552
hand_friction_sweep_joint12_joint_4_1_20260811_140944.csv,7,12,joint_4_1,1,0.05,0.05,2.611778736114502,-0.0893608577021096,0.1692969374434499,0.2586577951455595,0.09903511027521428,q_not_changing,-0.002095250341730603,0.047904749658269324,482
hand_friction_sweep_joint12_joint_4_1_20260811_140944.csv,8,12,joint_4_1,-1,0.05,-0.05,3.0755488872528076,0.8634143809615947,-0.0706858347057703,-0.934100215667365,-0.30371821418248934,lower_limit,-0.007093500402495591,-0.05709350040249559,567
hand_friction_sweep_joint12_joint_4_1_20260811_140944.csv,9,12,joint_4_1,1,0.05,0.05,2.607598781585694,-0.0802851455917391,0.1696460032938488,0.2499311488855879,0.0958472410136668,q_not_changing,-0.0021725415725387274,0.0478274584274612,482
hand_friction_sweep_joint12_joint_4_1_20260811_140944.csv,10,12,joint_4_1,-1,0.05,-0.05,2.9945178031921387,0.8293804605477053,-0.0722566310325652,-0.9016370915802705,-0.30109591955644094,lower_limit,-0.006855902427822315,-0.05685590242782231,552
hand_friction_sweep_joint12_joint_4_1_20260811_140944.csv,11,12,joint_4_1,1,0.05,0.05,2.6066839694976807,-0.0790634151153431,0.1696460032938488,0.2487094184091919,0.0954121870236227,q_not_changing,-0.0021657895335725355,0.0478342104664274,482
hand_friction_sweep_joint12_joint_4_1_20260811_140944.csv,12,12,joint_4_1,-1,0.05,-0.05,3.0339622497558594,0.8426449628628622,-0.0717330322569669,-0.9143779951198291,-0.3013808082791434,lower_limit,-0.0069071128926083535,-0.05690711289260835,560
hand_friction_sweep_joint12_joint_4_1_20260811_140944.csv,13,12,joint_4_1,1,0.05,0.05,3.2121002674102783,-0.0841248699461266,0.1696460032938488,0.2537708732399754,0.0790046549339431,q_not_changing,-0.0024472171555816554,0.04755278284441826,593
hand_friction_sweep_joint12_joint_4_1_20260811_140944.csv,14,12,joint_4_1,-1,0.05,-0.05,3.0231714248657227,0.8438666933392582,-0.071383966406568,-0.9152506597458262,-0.30274520730708415,lower_limit,-0.006916972501270165,-0.05691697250127016,558
hand_friction_sweep_joint12_joint_4_1_20260811_140944.csv,15,12,joint_4_1,1,0.05,0.05,2.6066572666168213,-0.0790634151153431,0.1603957582582788,0.23945917337362188,0.09186446428548536,q_not_changing,-0.002064798826340434,0.04793520117365949,481
hand_friction_sweep_joint12_joint_4_1_20260811_140944.csv,16,12,joint_4_1,-1,0.05,-0.05,3.0135397911071777,0.8342673824532895,-0.0717330322569669,-0.9060004147102564,-0.3006432559423384,lower_limit,-0.006870763155282812,-0.056870763155282805,557
hand_friction_sweep_joint12_joint_4_1_20260811_140944.csv,17,12,joint_4_1,1,0.05,0.05,2.6128084659576416,-0.0816814089933346,0.1696460032938488,0.2513274122871834,0.09619052278869104,q_not_changing,-0.0021180899727097882,0.047881910027290135,483
hand_friction_sweep_joint12_joint_4_1_20260811_140944.csv,18,12,joint_4_1,-1,0.05,-0.05,3.01224946975708,0.8419468311620645,-0.071383966406568,-0.9133307975686324,-0.3032055633965427,lower_limit,-0.006985883034235015,-0.05698588303423501,556
hand_friction_sweep_joint12_joint_4_1_20260811_140944.csv,19,12,joint_4_1,1,0.05,0.05,2.6160731315612793,-0.0813323431429357,0.1699950691442476,0.2513274122871833,0.0960704841371122,q_not_changing,-0.0021175978483303393,0.04788240215166958,484
hand_friction_sweep_joint12_joint_4_1_20260811_140944.csv,20,12,joint_4_1,-1,0.05,-0.05,2.991514444351196,0.8442157591896571,-0.0717330322569669,-0.915948791446624,-0.3061823061480408,lower_limit,-0.006969986016993495,-0.05696998601699349,554
hand_friction_sweep_joint12_joint_4_1_20260811_140944.csv,21,12,joint_4_1,1,0.1,0.1,1.3268334865570068,-0.0797615468161408,0.7016223593017205,0.7813839061178612,0.5889087922746585,upper_limit,-0.006925216844176078,0.09307478315582382,247
hand_friction_sweep_joint12_joint_4_1_20260811_140944.csv,22,12,joint_4_1,-1,0.1,-0.1,0.9278297424316405,0.7176793884200683,-0.0771435529381493,-0.7948229413582176,-0.8566474052396285,lower_limit,-0.007018054116807573,-0.10701805411680756,173
hand_friction_sweep_joint12_joint_4_1_20260811_140944.csv,23,12,joint_4_1,1,0.1,0.1,1.3608350753784177,-0.1181587903600161,0.6988298324985295,0.8169886228585456,0.6003582929631347,upper_limit,-0.006646021026633059,0.09335397897336688,253
hand_friction_sweep_joint12_joint_4_1_20260811_140944.csv,24,12,joint_4_1,-1,0.1,-0.1,0.919579267501831,0.713141532364883,-0.0722566310325652,-0.7853981633974482,-0.8540842439076458,lower_limit,-0.006988337106942024,-0.10698833710694206,171
hand_friction_sweep_joint12_joint_4_1_20260811_140944.csv,25,12,joint_4_1,1,0.1,0.1,1.3814897537231445,-0.1162389281828223,0.7000515629749255,0.8162904911577479,0.5908769782460039,upper_limit,-0.006735637685529725,0.09326436231447019,257
hand_friction_sweep_joint12_joint_4_1_20260811_140944.csv,26,12,joint_4_1,-1,0.1,-0.1,0.9171617031097412,0.7215191127744558,-0.0752236907609556,-0.7967428035354114,-0.8687048323474085,lower_limit,-0.007035086675732985,-0.10703508667573297,171
hand_friction_sweep_joint12_joint_4_1_20260811_140944.csv,27,12,joint_4_1,1,0.1,0.1,1.380155086517334,-0.1162389281828223,0.7007496946757232,0.8169886228585456,0.5919542164787613,upper_limit,-0.006745807903131083,0.09325419209686885,257
hand_friction_sweep_joint12_joint_4_1_20260811_140944.csv,28,12,joint_4_1,-1,0.1,-0.1,0.9053554534912109,0.7169812567192705,-0.0703367688553714,-0.7873180255746419,-0.8696231105016314,lower_limit,-0.007133586981447346,-0.10713358698144734,169
hand_friction_sweep_joint12_joint_4_1_20260811_140944.csv,29,12,joint_4_1,1,0.1,0.1,1.3695492744445799,-0.1075122819228506,0.7012732934513215,0.8087855753741721,0.5905487231937491,upper_limit,-0.006910970518513708,0.09308902948148622,255
hand_friction_sweep_joint12_joint_4_1_20260811_140944.csv,30,12,joint_4_1,-1,0.1,-0.1,0.9171528816223143,0.7147123286916779,-0.0813323431429357,-0.7960446718346136,-0.8679519933759818,lower_limit,-0.006999106643540158,-0.10699910664354019,171
hand_friction_sweep_joint12_joint_4_1_20260811_140944.csv,31,12,joint_4_1,1,0.1,0.1,1.3912384510040283,-0.119729586686811,0.7004006288253244,0.8201302155121354,0.5894965129236215,upper_limit,-0.0067716938850504275,0.09322830611494949,259
hand_friction_sweep_joint12_joint_4_1_20260811_140944.csv,32,12,joint_4_1,-1,0.1,-0.1,0.9172525405883789,0.7189011188964642,-0.0736528944341607,-0.7925540133306249,-0.8640521320575846,lower_limit,-0.007034195661167254,-0.10703419566116727,171
hand_friction_sweep_joint12_joint_4_1_20260811_140944.csv,33,12,joint_4_1,1,0.1,0.1,1.3693044185638428,-0.1178097245096172,0.7000515629749255,0.8178612874845428,0.5972822963226352,upper_limit,-0.006682222209320901,0.09331777779067903,255
hand_friction_sweep_joint12_joint_4_1_20260811_140944.csv,34,12,joint_4_1,-1,0.1,-0.1,0.9170372486114503,0.7180284542704671,-0.0748746249105567,-0.7929030791810239,-0.8646356299938889,lower_limit,-0.007002960961728974,-0.10700296096172897,171
hand_friction_sweep_joint12_joint_4_1_20260811_140944.csv,35,12,joint_4_1,1,0.1,0.1,1.3753700256347656,-0.1171115928088195,0.7012732934513215,0.818384886260141,0.5950288802334754,upper_limit,-0.006774630706254115,0.09322536929374581,256
hand_friction_sweep_joint12_joint_4_1_20260811_140944.csv,36,12,joint_4_1,-1,0.1,-0.1,0.910428524017334,0.7189011188964642,-0.071383966406568,-0.7902850853030322,-0.8680363855647231,lower_limit,-0.007072937257598411,-0.10707293725759842,169
hand_friction_sweep_joint12_joint_4_1_20260811_140944.csv,37,12,joint_4_1,1,0.1,0.1,1.3613617420196533,-0.1097812099504433,0.7000515629749255,0.8098327729253688,0.5948696426006055,upper_limit,-0.006735795091159885,0.09326420490884005,253
hand_friction_sweep_joint12_joint_4_1_20260811_140944.csv,38,12,joint_4_1,-1,0.1,-0.1,0.9167392253875734,0.7173303225696693,-0.0764454212373516,-0.793775743807021,-0.8658686372577037,lower_limit,-0.006976372980721568,-0.10697637298072156,171
hand_friction_sweep_joint12_joint_4_1_20260811_140944.csv,39,12,joint_4_1,1,0.1,0.1,1.3702850341796875,-0.1216494488640047,0.7004006288253244,0.8220500776893291,0.5999117389335309,upper_limit,-0.0066315389485511606,0.09336846105144878,255
hand_friction_sweep_joint12_joint_4_1_20260811_140944.csv,40,12,joint_4_1,-1,0.1,-0.1,0.917375087738037,0.7150613945420767,-0.0813323431429357,-0.7963937376850124,-0.8681222635429013,lower_limit,-0.007020460119373442,-0.10702046011937344,170
hand_friction_sweep_joint12_joint_4_1_20260811_140944.csv,41,12,joint_4_1,1,0.15,0.15,0.7101681232452393,-0.1136209343048308,0.7000515629749255,0.8136724972797563,1.1457462967522893,upper_limit,-0.005935913058457976,0.14406408694154194,132
hand_friction_sweep_joint12_joint_4_1_20260811_140944.csv,42,12,joint_4_1,-1,0.15,-0.15,0.5851857662200929,0.7400196028455956,-0.0736528944341607,-0.8136724972797563,-1.3904516210904005,lower_limit,-0.007737055260128043,-0.15773705526012802,109
hand_friction_sweep_joint12_joint_4_1_20260811_140944.csv,43,12,joint_4_1,1,0.15,0.15,0.7251091003417969,-0.1392772743091475,0.7000515629749255,0.839328837284073,1.1575207605151225,upper_limit,-0.005677847602579435,0.14432215239742047,135
hand_friction_sweep_joint12_joint_4_1_20260811_140944.csv,44,12,joint_4_1,-1,0.15,-0.15,0.5856726169586182,0.7419394650227894,-0.0794124809657419,-0.8213519459885313,-1.4024079702646668,lower_limit,-0.007608879577760074,-0.1576088795777601,109
hand_friction_sweep_joint12_joint_4_1_20260811_140944.csv,45,12,joint_4_1,1,0.15,0.15,0.744194507598877,-0.1469567230179225,0.7096508738608943,0.8566075968788168,1.151053371305625,upper_limit,-0.0057711219122089635,0.14422887808779095,138
hand_friction_sweep_joint12_joint_4_1_20260811_140944.csv,46,12,joint_4_1,-1,0.15,-0.15,0.5976502895355226,0.7538077039363509,-0.0844739357965255,-0.8382816397328764,-1.4026290196970639,lower_limit,-0.007710562877205243,-0.15771056287720522,111
hand_friction_sweep_joint12_joint_4_1_20260811_140944.csv,47,12,joint_4_1,1,0.15,0.15,0.7490930557250977,-0.1553343034274953,0.710349005561692,0.8656833089891873,1.1556418823709882,upper_limit,-0.0057274069040329275,0.14427259309596702,139
hand_friction_sweep_joint12_joint_4_1_20260811_140944.csv,48,12,joint_4_1,-1,0.15,-0.15,0.586911678314209,0.7564256978143423,-0.0722566310325652,-0.8286823288469075,-1.4119370247106655,lower_limit,-0.007874912362409546,-0.1578749123624095,109
hand_friction_sweep_joint12_joint_4_1_20260811_140944.csv,49,12,joint_4_1,1,0.15,0.15,0.7352790832519531,-0.1408480706359423,0.7004006288253244,0.8412486994612667,1.1441216248674406,upper_limit,-0.00576112076743121,0.1442388792325687,137
hand_friction_sweep_joint12_joint_4_1_20260811_140944.csv,50,12,joint_4_1,-1,0.15,-0.15,0.58573317527771,0.7515387759087583,-0.0729547627333629,-0.8244935386421212,-1.4076264986206548,lower_limit,-0.007799107389161658,-0.15779910738916167,109
hand_friction_sweep_joint12_joint_4_1_20260811_140944.csv,51,12,joint_4_1,1,0.15,0.15,0.7339227199554443,-0.1446877949903299,0.7073819458333017,0.8520697408236316,1.1609801926766348,upper_limit,-0.005795074921586496,0.14420492507841345,137
hand_friction_sweep_joint12_joint_4_1_20260811_140944.csv,52,12,joint_4_1,-1,0.15,-0.15,0.5899777412414551,0.7490953149559662,-0.0822050077689329,-0.8313003227248991,-1.409036756159043,lower_limit,-0.007718359957859846,-0.15771835995785982,110
hand_friction_sweep_joint12_joint_4_1_20260811_140944.csv,53,12,joint_4_1,1,0.15,0.15,0.7336082458496094,-0.1527163095495038,0.7051130178057091,0.8578293273552129,1.169328905731887,upper_limit,-0.005671098951217448,0.1443289010487825,136
hand_friction_sweep_joint12_joint_4_1_20260811_140944.csv,54,12,joint_4_1,-1,0.15,-0.15,0.5862185955047609,0.7518878417591571,-0.0851720674973232,-0.8370599092564803,-1.4278972309565405,lower_limit,-0.00764188409369632,-0.1576418840936963,109
hand_friction_sweep_joint12_joint_4_1_20260811_140944.csv,55,12,joint_4_1,1,0.15,0.15,0.7332251071929932,-0.1473057888683214,0.7042403531797119,0.8515461420480332,1.1613706809740991,upper_limit,-0.005686751170905827,0.1443132488290941,136
hand_friction_sweep_joint12_joint_4_1_20260811_140944.csv,56,12,joint_4_1,-1,0.15,-0.15,0.587073802947998,0.744557458900781,-0.0832522053201295,-0.8278096642209105,-1.4100606432514182,lower_limit,-0.007670643663242586,-0.1576706436632426,109
hand_friction_sweep_joint12_joint_4_1_20260811_140944.csv,57,12,joint_4_1,1,0.15,0.15,0.7399129867553712,-0.1457349925415265,0.7077310116837006,0.8534660042252271,1.1534680692223052,upper_limit,-0.00573897603871768,0.14426102396128224,137
hand_friction_sweep_joint12_joint_4_1_20260811_140944.csv,58,12,joint_4_1,-1,0.15,-0.15,0.5825424194335938,0.7487462491055673,-0.0722566310325652,-0.8210028801381325,-1.4093443717564704,lower_limit,-0.00775985608435822,-0.15775985608435825,108
hand_friction_sweep_joint12_joint_4_1_20260811_140944.csv,59,12,joint_4_1,1,0.15,0.15,0.7271690368652344,-0.1411971364863412,0.7058111495065068,0.847008285992848,1.164802464148131,upper_limit,-0.005733459212656105,0.14426654078734383,135
hand_friction_sweep_joint12_joint_4_1_20260811_140944.csv,60,12,joint_4_1,-1,0.15,-0.15,0.5852565765380859,0.7487462491055673,-0.0787143492649442,-0.8274605983705114,-1.413842460797472,lower_limit,-0.00770817544639117,-0.15770817544639118,109
hand_friction_sweep_joint12_joint_4_1_20260811_140944.csv,61,12,joint_4_1,1,0.2,0.2,0.5136134624481201,-0.1450368608407287,0.713141532364883,0.8581783932056117,1.6708642898788815,upper_limit,-0.00532984662163843,0.1946701533783615,96
hand_friction_sweep_joint12_joint_4_1_20260811_140944.csv,62,12,joint_4_1,-1,0.2,-0.2,0.4513828754425048,0.7794640439406675,-0.0783652834145453,-0.8578293273552128,-1.900447212389827,lower_limit,-0.008251053623812551,-0.20825105362381255,84
hand_friction_sweep_joint12_joint_4_1_20260811_140944.csv,63,12,joint_4_1,1,0.2,0.2,0.5274105072021484,-0.1844813019358006,0.703891287329313,0.8883725892651136,1.6844044195816787,upper_limit,-0.004895355585265,0.19510464441473496,98
hand_friction_sweep_joint12_joint_4_1_20260811_140944.csv,64,12,joint_4_1,-1,0.2,-0.2,0.45142245292663574,0.7836528341454538,-0.0752236907609556,-0.8588765249064094,-1.902600367656042,lower_limit,-0.00837577970772854,-0.2083757797077285,84
hand_friction_sweep_joint12_joint_4_1_20260811_140944.csv,65,12,joint_4_1,1,0.2,0.2,0.5153441429138185,-0.1710422666954442,0.7080800775340994,0.8791223442295436,1.7058937339597553,upper_limit,-0.0049869662524278996,0.19501303374757203,96
hand_friction_sweep_joint12_joint_4_1_20260811_140944.csv,66,12,joint_4_1,-1,0.2,-0.2,0.4526042938232422,0.7810348402674624,-0.0902335223281068,-0.8712683625955692,-1.9250112614614963,lower_limit,-0.008152427111981818,-0.2081524271119819,85
hand_friction_sweep_joint12_joint_4_1_20260811_140944.csv,67,12,joint_4_1,1,0.2,0.2,0.5272254943847657,-0.1872738287389915,0.7161085920932734,0.9033824208322649,1.7134649793186638,upper_limit,-0.00485422739454303,0.19514577260545693,99
hand_friction_sweep_joint12_joint_4_1_20260811_140944.csv,68,12,joint_4_1,-1,0.2,-0.2,0.457899570465088,0.7871434926494425,-0.0966912405604858,-0.8838347332099283,-1.930193409686361,lower_limit,-0.008173317382811858,-0.2081733173828119,86
hand_friction_sweep_joint12_joint_4_1_20260811_140944.csv,69,12,joint_4_1,1,0.2,0.2,0.5318999290466309,-0.1879719604397892,0.7108726043372904,0.8988445647770795,1.6898753237063868,upper_limit,-0.004851268452889106,0.19514873154711082,99
hand_friction_sweep_joint12_joint_4_1_20260811_140944.csv,70,12,joint_4_1,-1,0.2,-0.2,0.44688510894775385,0.7843509658462516,-0.0816814089933346,-0.8660323748395863,-1.9379307063481404,lower_limit,-0.00833010887065796,-0.208330108870658,84
hand_friction_sweep_joint12_joint_4_1_20260811_140944.csv,71,12,joint_4_1,1,0.2,0.2,0.5171072483062744,-0.1687733386678516,0.7070328799829029,0.8758062186507545,1.6936645570514772,upper_limit,-0.004992613267129122,0.19500738673287085,97
hand_friction_sweep_joint12_joint_4_1_20260811_140944.csv,72,12,joint_4_1,-1,0.2,-0.2,0.455312728881836,0.7813839061178612,-0.1005309649148733,-0.8819148710327346,-1.9369431493790097,lower_limit,-0.00810741960086756,-0.20810741960086754,85
hand_friction_sweep_joint12_joint_4_1_20260811_140944.csv,73,12,joint_4_1,1,0.2,0.2,0.5339386463165283,-0.1940806128217694,0.7112216701876892,0.9053022830094586,1.6955174330512486,upper_limit,-0.004763065549784949,0.195236934450215,99
hand_friction_sweep_joint12_joint_4_1_20260811_140944.csv,74,12,joint_4_1,-1,0.2,-0.2,0.4523477554321289,0.789761486527434,-0.0740019602845595,-0.8637634468119936,-1.9095119549932071,lower_limit,-0.008382535105902552,-0.20838253510590254,85
hand_friction_sweep_joint12_joint_4_1_20260811_140944.csv,75,12,joint_4_1,1,0.2,0.2,0.5110700130462646,-0.1680752069670539,0.6984807666481306,0.8665559736151845,1.695571940231875,upper_limit,-0.0048912015716441265,0.19510879842835585,96
hand_friction_sweep_joint12_joint_4_1_20260811_140944.csv,76,12,joint_4_1,-1,0.2,-0.2,0.4419996738433838,0.7710864635310947,-0.0752236907609556,-0.8463101542920503,-1.914730268764696,lower_limit,-0.008215671168348577,-0.2082156711683486,83
hand_friction_sweep_joint12_joint_4_1_20260811_140944.csv,77,12,joint_4_1,1,0.2,0.2,0.5168297290802003,-0.1715658654710425,0.7012732934513215,0.872839158922364,1.6888331104244954,upper_limit,-0.004857741631204008,0.19514225836879592,97
hand_friction_sweep_joint12_joint_4_1_20260811_140944.csv,78,12,joint_4_1,-1,0.2,-0.2,0.4467964172363281,0.7686430025783026,-0.0841248699461266,-0.8527678725244292,-1.9086273739598205,lower_limit,-0.008231975434801909,-0.20823197543480196,84
hand_friction_sweep_joint12_joint_4_1_20260811_140944.csv,79,12,joint_4_1,1,0.2,0.2,0.5185189247131348,-0.1773254520026238,0.7035422214789142,0.880867673481538,1.698814896618998,upper_limit,-0.004867305979451336,0.1951326940205486,97
hand_friction_sweep_joint12_joint_4_1_20260811_140944.csv,80,12,joint_4_1,-1,0.2,-0.2,0.44727563858032227,0.7801621756414653,-0.0874409955249159,-0.8676031711663812,-1.939750561689883,lower_limit,-0.008152869861902223,-0.20815286986190223,84
hand_friction_sweep_joint12_joint_4_1_20260811_140944.csv,81,12,joint_4_1,1,0.25,0.25,0.4089927673339844,-0.1850049007113989,0.6981317007977318,0.8831366015091306,2.159296378920949,upper_limit,-0.004449355774101529,0.24555064422589834,77
hand_friction_sweep_joint12_joint_4_1_20260811_140944.csv,82,12,joint_4_1,-1,0.25,-0.25,0.37298011779785156,0.806691180271779,-0.0925024503556994,-0.8991936306274784,-2.4108352904613133,lower_limit,-0.008600845777447182,-0.2586008457774473,70
hand_friction_sweep_joint12_joint_4_1_20260811_140944.csv,83,12,joint_4_1,1,0.25,0.25,0.4235830307006836,-0.2122320370425104,0.720820981073658,0.9330530181161684,2.202762977951993,upper_limit,-0.004432679501774952,0.24556732049822494,79
hand_friction_sweep_joint12_joint_4_1_20260811_140944.csv,84,12,joint_4_1,-1,0.25,-0.25,0.38020539283752436,0.8239699398665229,-0.0940732466824943,-0.9180431865490172,-2.414598014240504,lower_limit,-0.008936786353826404,-0.2589367863538264,71
hand_friction_sweep_joint12_joint_4_1_20260811_140944.csv,85,12,joint_4_1,1,0.25,0.25,0.4203336238861085,-0.2090904443889206,0.7108726043372904,0.9199630487262109,2.1886496736113585,upper_limit,-0.004208341523521967,0.24579165847647796,79
hand_friction_sweep_joint12_joint_4_1_20260811_140944.csv,86,12,joint_4_1,-1,0.25,-0.25,0.3660669326782227,0.8101818387757677,-0.0790634151153431,-0.8892452538911108,-2.429187600707896,lower_limit,-0.008846403562376728,-0.25884640356237676,69
hand_friction_sweep_joint12_joint_4_1_20260811_140944.csv,87,12,joint_4_1,1,0.25,0.25,0.4107804298400879,-0.1982694030265558,0.7134905982152818,0.9117600012418376,2.219579938598281,upper_limit,-0.004387862733142062,0.2456121372668579,77
hand_friction_sweep_joint12_joint_4_1_20260811_140944.csv,88,12,joint_4_1,-1,0.25,-0.25,0.3689651489257813,0.8140215631301552,-0.0797615468161408,-0.893783109946296,-2.4224052394880355,lower_limit,-0.00900307453696088,-0.2590030745369609,69
hand_friction_sweep_joint12_joint_4_1_20260811_140944.csv,89,12,joint_4_1,1,0.25,0.25,0.4129302501678467,-0.2010619298297467,0.7119198018884869,0.9129817317182336,2.2109829235013114,upper_limit,-0.0044371491906216864,0.24556285080937826,77
hand_friction_sweep_joint12_joint_4_1_20260811_140944.csv,90,12,joint_4_1,-1,0.25,-0.25,0.3692760467529298,0.8182103533349416,-0.0802851455917391,-0.8984954989266807,-2.4331269434538596,lower_limit,-0.008864417882259959,-0.25886441788226006,69
hand_friction_sweep_joint12_joint_4_1_20260811_140944.csv,91,12,joint_4_1,1,0.25,0.25,0.42123746871948237,-0.1994911335029518,0.7230899091012507,0.9225810426042025,2.1901685180303447,upper_limit,-0.004526071791837679,0.24547392820816227,79
hand_friction_sweep_joint12_joint_4_1_20260811_140944.csv,92,12,joint_4_1,-1,0.25,-0.25,0.37431812286376953,0.8230972752405258,-0.0774926187885482,-0.900589894029074,-2.4059478796778357,lower_limit,-0.00893648784414148,-0.25893648784414147,70
hand_friction_sweep_joint12_joint_4_1_20260811_140944.csv,93,12,joint_4_1,1,0.25,0.25,0.4176278114318847,-0.205599785884932,0.7134905982152818,0.9190903841002138,2.2007403696344054,upper_limit,-0.004334060284253759,0.24566593971574618,78
hand_friction_sweep_joint12_joint_4_1_20260811_140944.csv,94,12,joint_4_1,-1,0.25,-0.25,0.3691945075988769,0.8134979643545569,-0.071383966406568,-0.8848819307611249,-2.3967906145628066,lower_limit,-0.008935556234108705,-0.2589355562341087,69
hand_friction_sweep_joint12_joint_4_1_20260811_140944.csv,95,12,joint_4_1,1,0.25,0.25,0.4123959541320801,-0.1956514091485643,0.7077310116837006,0.9033824208322648,2.190570522772234,upper_limit,-0.004355147088218966,0.24564485291178095,77
hand_friction_sweep_joint12_joint_4_1_20260811_140944.csv,96,12,joint_4_1,-1,0.25,-0.25,0.3639028072357177,0.8028514559173915,-0.0703367688553714,-0.8731882247727629,-2.39950944980525,lower_limit,-0.008886596889850804,-0.25888659688985083,68
hand_friction_sweep_joint12_joint_4_1_20260811_140944.csv,97,12,joint_4_1,1,0.25,0.25,0.41813111305236816,-0.1987930018021541,0.721170046924057,0.919963048726211,2.2001784129634756,upper_limit,-0.004496207610010317,0.24550379238998965,78
hand_friction_sweep_joint12_joint_4_1_20260811_140944.csv,98,12,joint_4_1,-1,0.25,-0.25,0.37992286682128906,0.8239699398665229,-0.0982620368872807,-0.9222319767538036,-2.4274189770936054,lower_limit,-0.008709362876955822,-0.2587093628769558,71
hand_friction_sweep_joint12_joint_4_1_20260811_140944.csv,99,12,joint_4_1,1,0.25,0.25,0.4237420558929444,-0.2094395102393195,0.7180284542704671,0.9274679645097866,2.1887559934435803,upper_limit,-0.004419752548172475,0.24558024745182758,79
hand_friction_sweep_joint12_joint_4_1_20260811_140944.csv,100,12,joint_4_1,-1,0.25,-0.25,0.37386012077331543,0.8307767239493008,-0.0717330322569669,-0.9025097562062677,-2.41403055864707,lower_limit,-0.009167717957042881,-0.2591677179570429,70
hand_friction_sweep_joint12_joint_4_1_20260811_140944.csv,101,12,joint_4_1,1,0.3,0.3,0.34225344657897944,-0.1979203371761569,0.7096508738608943,0.9075712110370512,2.651751852636544,upper_limit,-0.004056016396330232,0.2959439836036697,64
hand_friction_sweep_joint12_joint_4_1_20260811_140944.csv,102,12,joint_4_1,-1,0.3,-0.3,0.3256883621215821,0.8580038602804123,-0.0925024503556994,-0.9505063106361117,-2.9184534087873857,lower_limit,-0.009342208023397596,-0.30934220802339746,61
hand_friction_sweep_joint12_joint_4_1_20260811_140944.csv,103,12,joint_4_1,1,0.3,0.3,0.344712495803833,-0.2075196480621257,0.7070328799829029,0.9145525280450286,2.653087831679525,upper_limit,-0.0038212970765719445,0.29617870292342807,65
hand_friction_sweep_joint12_joint_4_1_20260811_140944.csv,104,12,joint_4_1,-1,0.3,-0.3,0.3201460838317871,0.8374089751068793,-0.0860447321233204,-0.9234537072301997,-2.8844760372436906,lower_limit,-0.009272481166149404,-0.3092724811661494,60
hand_friction_sweep_joint12_joint_4_1_20260811_140944.csv,105,12,joint_4_1,1,0.3,0.3,0.3473589420318604,-0.213279234593707,0.7093018080104955,0.9225810426042025,2.6559875994773776,upper_limit,-0.0038523511594184432,0.29614764884058153,65
hand_friction_sweep_joint12_joint_4_1_20260811_140944.csv,106,12,joint_4_1,-1,0.3,-0.3,0.32610893249511724,0.838107106807677,-0.1036725575684631,-0.94177966437614,-2.8879296778852908,lower_limit,-0.009083153563379643,-0.3090831535633797,61
hand_friction_sweep_joint12_joint_4_1_20260811_140944.csv,107,12,joint_4_1,1,0.3,0.3,0.3463375568389893,-0.2094395102393195,0.721170046924057,0.9306095571633765,2.687001564765361,upper_limit,-0.0040243619298097905,0.2959756380701902,65
hand_friction_sweep_joint12_joint_4_1_20260811_140944.csv,108,12,joint_4_1,-1,0.3,-0.3,0.325347900390625,0.8496262798708395,-0.0963421747100869,-0.9459684545809264,-2.9075597335810706,lower_limit,-0.009235975671004072,-0.3092359756710041,61
hand_friction_sweep_joint12_joint_4_1_20260811_140944.csv,109,12,joint_4_1,1,0.3,0.3,0.3518037796020507,-0.2136283004441059,0.7093018080104955,0.9229301084546013,2.6234229475834243,upper_limit,-0.003866532681841617,0.29613346731815837,66
hand_friction_sweep_joint12_joint_4_1_20260811_140944.csv,110,12,joint_4_1,-1,0.3,-0.3,0.3240709304809571,0.8480554835440447,-0.0890117918517107,-0.9370672753957554,-2.8915499270639424,lower_limit,-0.009359662583595177,-0.3093596625835952,61
hand_friction_sweep_joint12_joint_4_1_20260811_140944.csv,111,12,joint_4_1,1,0.3,0.3,0.34720206260681147,-0.2090904443889206,0.7279768310068347,0.9370672753957554,2.698910451050333,upper_limit,-0.0040431271301531934,0.2959568728698467,65
hand_friction_sweep_joint12_joint_4_1_20260811_140944.csv,112,12,joint_4_1,-1,0.3,-0.3,0.3235609531402588,0.8546877347016231,-0.0809832772925368,-0.9356710119941599,-2.8917921118515206,lower_limit,-0.009468820085332183,-0.3094688200853323,61
hand_friction_sweep_joint12_joint_4_1_20260811_140944.csv,113,12,joint_4_1,1,0.3,0.3,0.3435289859771728,-0.2113593724165132,0.7004006288253244,0.9117600012418376,2.654099183649159,upper_limit,-0.003698940289366601,0.29630105971063336,65
hand_friction_sweep_joint12_joint_4_1_20260811_140944.csv,114,12,joint_4_1,-1,0.3,-0.3,0.32473444938659674,0.8326965861264946,-0.0944223125328932,-0.9271188986593878,-2.855006299487652,lower_limit,-0.00919552135592465,-0.30919552135592465,61
hand_friction_sweep_joint12_joint_4_1_20260811_140944.csv,115,12,joint_4_1,1,0.3,0.3,0.34709334373474116,-0.2106612407157155,0.7157595262428744,0.9264207669585899,2.6690824923067025,upper_limit,-0.0038750724025274855,0.2961249275974725,65
hand_friction_sweep_joint12_joint_4_1_20260811_140944.csv,116,12,joint_4_1,-1,0.3,-0.3,0.3204452991485595,0.8477064176936457,-0.0759218224617533,-0.923628240155399,-2.8823273195441756,lower_limit,-0.009403244585554875,-0.3094032445855549,60
hand_friction_sweep_joint12_joint_4_1_20260811_140944.csv,117,12,joint_4_1,1,0.3,0.3,0.3475735187530518,-0.213279234593707,0.7199483164476609,0.9332275510413679,2.684978862570996,upper_limit,-0.0038743390945808853,0.2961256609054191,65
hand_friction_sweep_joint12_joint_4_1_20260811_140944.csv,118,12,joint_4_1,-1,0.3,-0.3,0.3227953910827637,0.845786555516452,-0.0890117918517107,-0.9347983473681627,-2.8959470091333595,lower_limit,-0.009303555878173931,-0.309303555878174,61
hand_friction_sweep_joint12_joint_4_1_20260811_140944.csv,119,12,joint_4_1,1,0.3,0.3,0.3469688892364502,-0.2113593724165132,0.7169812567192705,0.9283406291357836,2.6755731073720095,upper_limit,-0.003941542590951972,0.29605845740904796,65
hand_friction_sweep_joint12_joint_4_1_20260811_140944.csv,120,12,joint_4_1,-1,0.3,-0.3,0.3301546573638916,0.844564825040056,-0.1085594794740472,-0.9531243045141032,-2.8869024963157908,lower_limit,-0.009221232336321593,-0.30922123233632154,62
hand_friction_sweep_joint13_joint_4_2_20260811_163051.csv,1,13,joint_4_2,1,0.05,0.05,7.428860187530518,-0.0033161255787892,1.3484413800908188,1.351757505669608,0.18196028348178617,q_not_changing,-0.006192744905889683,0.043807255094110244,1357
hand_friction_sweep_joint13_joint_4_2_20260811_163051.csv,2,13,joint_4_2,-1,0.05,-0.05,5.742990016937256,2.1411699263466435,0.087091929674517,-2.0540779966721265,-0.3576669976117369,lower_limit,-0.005526105086139321,-0.055526105086139296,1049
hand_friction_sweep_joint13_joint_4_2_20260811_163051.csv,3,13,joint_4_2,1,0.05,0.05,6.822105169296265,0.0748746249105567,1.386838623634694,1.3119639987241372,0.19231072611263672,q_not_changing,-0.006320785079777046,0.04367921492022287,1248
hand_friction_sweep_joint13_joint_4_2_20260811_163051.csv,4,13,joint_4_2,-1,0.05,-0.05,5.7237548828125,2.135759405665461,0.0867428638241181,-2.049016541841343,-0.3579846768061652,lower_limit,-0.005462599586001891,-0.05546259958600186,1047
hand_friction_sweep_joint13_joint_4_2_20260811_163051.csv,5,13,joint_4_2,1,0.05,0.05,7.427253246307373,0.0797615468161408,1.3864895577842953,1.3067280109681545,0.1759369133693972,q_not_changing,-0.006923848922203523,0.0430761510777964,1360
hand_friction_sweep_joint13_joint_4_2_20260811_163051.csv,6,13,joint_4_2,-1,0.05,-0.05,5.8033506870269775,2.143089788523837,0.0851720674973232,-2.057917721026514,-0.35460854117033774,lower_limit,-0.0055044109844781305,-0.05550441098447809,1063
hand_friction_sweep_joint13_joint_4_2_20260811_163051.csv,7,13,joint_4_2,1,0.05,0.05,7.427755117416382,0.077841684638947,1.3864895577842953,1.3086478731453484,0.176183497228775,q_not_changing,-0.006892830225135659,0.043107169774864264,1358
hand_friction_sweep_joint13_joint_4_2_20260811_163051.csv,8,13,joint_4_2,-1,0.05,-0.05,5.783056974411011,2.1404717946458454,0.0863937979737193,-2.054077996672126,-0.35518896074533807,lower_limit,-0.0054950779592024815,-0.05549507795920246,1057
hand_friction_sweep_joint13_joint_4_2_20260811_163051.csv,9,13,joint_4_2,1,0.05,0.05,7.4290385246276855,0.080634211442138,1.3864895577842953,1.3058553463421574,0.1757771671277747,q_not_changing,-0.006923722055981506,0.043076277944018415,1359
hand_friction_sweep_joint13_joint_4_2_20260811_163051.csv,10,13,joint_4_2,-1,0.05,-0.05,5.772909879684448,2.1389009983190506,0.085870199198121,-2.0530307991209296,-0.3556318809593386,lower_limit,-0.005432297137505041,-0.05543229713750501,1055
hand_friction_sweep_joint13_joint_4_2_20260811_163051.csv,11,13,joint_4_2,1,0.05,0.05,7.43178391456604,0.0774926187885482,1.3864895577842953,1.308996938995747,0.1761349568345439,q_not_changing,-0.006941746346874845,0.04305825365312508,1358
hand_friction_sweep_joint13_joint_4_2_20260811_163051.csv,12,13,joint_4_2,-1,0.05,-0.05,5.784882545471191,2.143438854374236,0.085870199198121,-2.057568655176115,-0.3556802820114166,lower_limit,-0.005437266911989068,-0.05543726691198905,1059
hand_friction_sweep_joint13_joint_4_2_20260811_163051.csv,13,13,joint_4_2,1,0.05,0.05,7.41939902305603,0.0762708883121521,1.3864895577842953,1.3102186694721432,0.1765936385683793,q_not_changing,-0.0069273815235432815,0.043072618476456645,1358
hand_friction_sweep_joint13_joint_4_2_20260811_163051.csv,14,13,joint_4_2,-1,0.05,-0.05,5.7841644287109375,2.138551932468652,0.0855211333477221,-2.05303079912093,-0.35493990954514926,lower_limit,-0.005347863049332909,-0.055347863049332875,1057
hand_friction_sweep_joint13_joint_4_2_20260811_163051.csv,15,13,joint_4_2,1,0.05,0.05,6.8166844844818115,0.077841684638947,1.386838623634694,1.308996938995747,0.19202838887081833,q_not_changing,-0.006376356433768533,0.04362364356623139,1249
hand_friction_sweep_joint13_joint_4_2_20260811_163051.csv,16,13,joint_4_2,-1,0.05,-0.05,5.828687429428101,2.151990967709008,0.0851720674973232,-2.066818900211685,-0.35459422472659113,lower_limit,-0.0055304165788274155,-0.05553041657882739,1067
hand_friction_sweep_joint13_joint_4_2_20260811_163051.csv,17,13,joint_4_2,1,0.05,0.05,6.817266464233398,0.0790634151153431,1.386838623634694,1.3077752085193508,0.1918327845010251,q_not_changing,-0.006376219863548035,0.043623780136451885,1250
hand_friction_sweep_joint13_joint_4_2_20260811_163051.csv,18,13,joint_4_2,-1,0.05,-0.05,5.778003931045532,2.1315706154606744,0.087091929674517,-2.0444786857861574,-0.35383823032744255,lower_limit,-0.0053938884091032984,-0.05539388840910327,1057
hand_friction_sweep_joint13_joint_4_2_20260811_163051.csv,19,13,joint_4_2,1,0.05,0.05,7.437029838562012,0.0825540736193317,1.3864895577842953,1.3039354841649635,0.17533014018632553,q_not_changing,-0.0069246392577858844,0.04307536074221403,1362
hand_friction_sweep_joint13_joint_4_2_20260811_163051.csv,20,13,joint_4_2,-1,0.05,-0.05,5.794970273971558,2.143438854374236,0.0855211333477221,-2.057917721026514,-0.35512135933980016,lower_limit,-0.005425508477750975,-0.05542550847775095,1061
hand_friction_sweep_joint13_joint_4_2_20260811_163051.csv,21,13,joint_4_2,1,0.1,0.1,2.8249852657318115,0.0801106126665397,2.025454596939419,1.9453439842728795,0.6886209311852601,upper_limit,-0.008369286211629468,0.09163071378837047,518
hand_friction_sweep_joint13_joint_4_2_20260811_163051.csv,22,13,joint_4_2,-1,0.1,-0.1,2.169260025024414,2.035053907825388,0.0809832772925368,-1.9540706305328515,-0.900800553179815,lower_limit,-0.006656876099417919,-0.1066568760994179,398
hand_friction_sweep_joint13_joint_4_2_20260811_163051.csv,23,13,joint_4_2,1,0.1,0.1,2.8176329135894775,0.0528834763354281,2.027723524967012,1.974840048631584,0.7008862081028748,upper_limit,-0.008191232168722843,0.0918087678312771,516
hand_friction_sweep_joint13_joint_4_2_20260811_163051.csv,24,13,joint_4_2,-1,0.1,-0.1,2.153153657913208,2.0361011053765847,0.0851720674973232,-1.9509290378792614,-0.9060798009976034,lower_limit,-0.006666436634378786,-0.10666643663437876,394
hand_friction_sweep_joint13_joint_4_2_20260811_163051.csv,25,13,joint_4_2,1,0.1,0.1,2.802399158477783,0.0548033385126219,2.025454596939419,1.9706512584267972,0.7032014880768171,upper_limit,-0.008203756383534771,0.09179624361646516,514
hand_friction_sweep_joint13_joint_4_2_20260811_163051.csv,26,13,joint_4_2,-1,0.1,-0.1,2.165367841720581,2.0457004162625534,0.0790634151153431,-1.9666370011472103,-0.9082230571894606,lower_limit,-0.006663499325116624,-0.10666349932511661,396
hand_friction_sweep_joint13_joint_4_2_20260811_163051.csv,27,13,joint_4_2,1,0.1,0.1,2.810418605804443,0.0514872129338327,2.0284216566678097,1.976934443733977,0.7034305991466732,upper_limit,-0.008177439753610275,0.09182256024638967,514
hand_friction_sweep_joint13_joint_4_2_20260811_163051.csv,28,13,joint_4_2,-1,0.1,-0.1,2.1641225814819336,2.042209757758565,0.0790634151153431,-1.9631463426432219,-0.9071326917622714,lower_limit,-0.006629722226767266,-0.10662972222676725,396
hand_friction_sweep_joint13_joint_4_2_20260811_163051.csv,29,13,joint_4_2,1,0.1,0.1,2.8013224601745605,0.0460766922526502,2.024930998163821,1.9788543059111707,0.706400042852568,upper_limit,-0.008199266923429531,0.0918007330765704,512
hand_friction_sweep_joint13_joint_4_2_20260811_163051.csv,30,13,joint_4_2,-1,0.1,-0.1,2.160515546798706,2.040289895581371,0.0832522053201295,-1.9570376902612414,-0.9058197674906977,lower_limit,-0.006664541756690425,-0.1066645417566904,396
hand_friction_sweep_joint13_joint_4_2_20260811_163051.csv,31,13,joint_4_2,1,0.1,0.1,2.79671573638916,0.0553269372882202,2.028770722518209,1.9734437852299889,0.7056290203372267,upper_limit,-0.008165732870435427,0.0918342671295645,512
hand_friction_sweep_joint13_joint_4_2_20260811_163051.csv,32,13,joint_4_2,-1,0.1,-0.1,2.1622354984283447,2.041860691908166,0.0781907504893459,-1.9636699414188201,-0.9081665446923542,lower_limit,-0.006605100119188724,-0.1066051001191887,396
hand_friction_sweep_joint13_joint_4_2_20260811_163051.csv,33,13,joint_4_2,1,0.1,0.1,2.805912256240845,0.0448549617762542,2.0284216566678097,1.9835666948915556,0.7069239925374545,upper_limit,-0.008161490901609662,0.09183850909839027,514
hand_friction_sweep_joint13_joint_4_2_20260811_163051.csv,34,13,joint_4_2,-1,0.1,-0.1,2.1604273319244385,2.0388936321797755,0.0809832772925368,-1.9579103548872387,-0.9062606855390947,lower_limit,-0.006618628319937024,-0.106618628319937,396
hand_friction_sweep_joint13_joint_4_2_20260811_163051.csv,35,13,joint_4_2,1,0.1,0.1,2.804103136062622,0.0438077642250576,2.026850860341015,1.9830430961159573,0.707193351989344,upper_limit,-0.008126386680101112,0.09187361331989882,514
hand_friction_sweep_joint13_joint_4_2_20260811_163051.csv,36,13,joint_4_2,-1,0.1,-0.1,2.157870292663574,2.0380209675537784,0.0820304748437334,-1.9559904927100449,-0.9064448865903157,lower_limit,-0.0066296146615079906,-0.10662961466150798,396
hand_friction_sweep_joint13_joint_4_2_20260811_163051.csv,37,13,joint_4_2,1,0.1,0.1,2.7995676994323735,0.0460766922526502,2.026501794490616,1.980425102237966,0.7074038976230177,upper_limit,-0.00813569710621852,0.09186430289378142,514
hand_friction_sweep_joint13_joint_4_2_20260811_163051.csv,38,13,joint_4_2,-1,0.1,-0.1,2.1517112255096436,2.0388936321797755,0.0839503370209272,-1.9549432951588483,-0.9085528169310035,lower_limit,-0.006661792926968641,-0.10666179292696863,394
hand_friction_sweep_joint13_joint_4_2_20260811_163051.csv,39,13,joint_4_2,1,0.1,0.1,2.803980588912964,0.0422369678982627,2.025803662789818,1.9835666948915551,0.7074109937617423,upper_limit,-0.008088407418463818,0.09191159258153613,514
hand_friction_sweep_joint13_joint_4_2_20260811_163051.csv,40,13,joint_4_2,-1,0.1,-0.1,2.158696413040161,2.0361011053765847,0.0801106126665397,-1.955990492710045,-0.9060979954820795,lower_limit,-0.006607573244666751,-0.10660757324466673,396
hand_friction_sweep_joint13_joint_4_2_20260811_163051.csv,41,13,joint_4_2,1,0.15,0.15,1.6051447391510008,0.0490437519810406,2.025454596939419,1.9764108449583786,1.2312975875332897,upper_limit,-0.007242456516913272,0.1427575434830867,294
hand_friction_sweep_joint13_joint_4_2_20260811_163051.csv,42,13,joint_4_2,-1,0.15,-0.15,1.3925399780273438,2.0568705234753173,0.0813323431429357,-1.9755381803323815,-1.4186581437546277,lower_limit,-0.00724703705385038,-0.15724703705385037,256
hand_friction_sweep_joint13_joint_4_2_20260811_163051.csv,43,13,joint_4_2,1,0.15,0.15,1.625377893447876,0.0092502450355699,2.028770722518209,2.019520477482639,1.2424928908062591,upper_limit,-0.007035648105767329,0.14296435189423262,298
hand_friction_sweep_joint13_joint_4_2_20260811_163051.csv,44,13,joint_4_2,-1,0.15,-0.15,1.3934381008148193,2.065597169735289,0.0740019602845595,-1.9915952094507294,-1.429267082826381,lower_limit,-0.007261097801373798,-0.15726109780137376,256
hand_friction_sweep_joint13_joint_4_2_20260811_163051.csv,45,13,joint_4_2,1,0.15,0.15,1.6131117343902588,0.0195476876223364,2.028770722518209,2.0092230348958724,1.245557261819399,upper_limit,-0.007117620110668911,0.14288237988933103,296
hand_friction_sweep_joint13_joint_4_2_20260811_163051.csv,46,13,joint_4_2,-1,0.15,-0.15,1.3845484256744385,2.0610593136801034,0.0855211333477221,-1.9755381803323813,-1.4268465758935525,lower_limit,-0.007351767533321214,-0.1573517675333212,254
hand_friction_sweep_joint13_joint_4_2_20260811_163051.csv,47,13,joint_4_2,1,0.15,0.15,1.602161169052124,0.0280998009571087,2.027374459116613,1.9992746581595044,1.24786113705547,upper_limit,-0.007107312956670001,0.1428926870433299,294
hand_friction_sweep_joint13_joint_4_2_20260811_163051.csv,48,13,joint_4_2,-1,0.15,-0.15,1.37941837310791,2.0687387623888784,0.087091929674517,-1.9816468327143615,-1.4365814399365986,lower_limit,-0.007407211140082559,-0.15740721114008255,254
hand_friction_sweep_joint13_joint_4_2_20260811_163051.csv,49,13,joint_4_2,1,0.15,0.15,1.602351188659668,0.0342084533390888,2.035053907825388,2.0008454544862992,1.2486934628606374,upper_limit,-0.007184093557748056,0.1428159064422519,294
hand_friction_sweep_joint13_joint_4_2_20260811_163051.csv,50,13,joint_4_2,-1,0.15,-0.15,1.3847832679748535,2.072578486743266,0.0781907504893459,-1.9943877362539202,-1.4402165179036064,lower_limit,-0.007291751575766185,-0.15729175157576616,254
hand_friction_sweep_joint13_joint_4_2_20260811_163051.csv,51,13,joint_4_2,1,0.15,0.15,1.5993332862854002,0.0188495559215387,2.028770722518209,2.00992116659667,1.2567244012440324,upper_limit,-0.007061031395994387,0.14293896860400554,294
hand_friction_sweep_joint13_joint_4_2_20260811_163051.csv,52,13,joint_4_2,-1,0.15,-0.15,1.3857448101043701,2.064899038034491,0.0755727566113544,-1.9893262814231367,-1.4355646630733596,lower_limit,-0.007243991207510381,-0.15724399120751037,254
hand_friction_sweep_joint13_joint_4_2_20260811_163051.csv,53,13,joint_4_2,1,0.15,0.15,1.6037659645080566,0.0160570291183478,2.030690584695402,2.0146335555770545,1.256189244666399,upper_limit,-0.007077959812094334,0.14292204018790564,294
hand_friction_sweep_joint13_joint_4_2_20260811_163051.csv,54,13,joint_4_2,-1,0.15,-0.15,1.3819053173065186,2.06838969653848,0.0844739357965255,-1.9839157607419546,-1.4356379817749156,lower_limit,-0.00732152152840049,-0.15732152152840048,254
hand_friction_sweep_joint13_joint_4_2_20260811_163051.csv,55,13,joint_4_2,1,0.15,0.15,1.6040549278259277,0.0218166156499291,2.0315632493213998,2.0097466336714707,1.2529163427061698,upper_limit,-0.007120309528646212,0.1428796904713537,294
hand_friction_sweep_joint13_joint_4_2_20260811_163051.csv,56,13,joint_4_2,-1,0.15,-0.15,1.382800817489624,2.0626301100068987,0.0839503370209272,-1.9786797729859715,-1.4309217552952587,lower_limit,-0.007340721924521516,-0.15734072192452148,254
hand_friction_sweep_joint13_joint_4_2_20260811_163051.csv,57,13,joint_4_2,1,0.15,0.15,1.6133599281311035,0.0195476876223364,2.033483111498593,2.0139354238762563,1.2482865036874782,upper_limit,-0.0070770939713484995,0.14292290602865143,296
hand_friction_sweep_joint13_joint_4_2_20260811_163051.csv,58,13,joint_4_2,-1,0.15,-0.15,1.3846089839935303,2.0690878282392773,0.0790634151153431,-1.9900244131239342,-1.4372464978410344,lower_limit,-0.007324719279007499,-0.15732471927900746,254
hand_friction_sweep_joint13_joint_4_2_20260811_163051.csv,59,13,joint_4_2,1,0.15,0.15,1.6116700172424316,0.0230383461263251,2.0299924529946045,2.0069541068682795,1.2452636615416965,upper_limit,-0.007116887647879462,0.14288311235212045,296
hand_friction_sweep_joint13_joint_4_2_20260811_163051.csv,60,13,joint_4_2,-1,0.15,-0.15,1.3894171714782715,2.073800217219662,0.0748746249105567,-1.9989255923091054,-1.4386792054558726,lower_limit,-0.007302503990185467,-0.15730250399018544,256
hand_friction_sweep_joint13_joint_4_2_20260811_163051.csv,61,13,joint_4_2,1,0.2,0.2,1.1433632373809814,0.0127409035395586,2.029294321293807,2.016553417754248,1.7637032150634995,upper_limit,-0.006508814203032572,0.1934911857969674,210
hand_friction_sweep_joint13_joint_4_2_20260811_163051.csv,62,13,joint_4_2,-1,0.2,-0.2,1.031904935836792,2.0847957915072266,0.0801106126665397,-2.004685178840687,-1.94270335301289,lower_limit,-0.007711499973705046,-0.20771149997370505,190
hand_friction_sweep_joint13_joint_4_2_20260811_163051.csv,63,13,joint_4_2,1,0.2,0.2,1.1538145542144775,-0.0120427718387608,2.0296433871442057,2.0416861589829667,1.7695097981953922,upper_limit,-0.006350687758385372,0.19364931224161458,212
hand_friction_sweep_joint13_joint_4_2_20260811_163051.csv,64,13,joint_4_2,-1,0.2,-0.2,1.0335280895233154,2.088286450011215,0.0829031394697306,-2.005383310541484,-1.9403278255034253,lower_limit,-0.007699237989205915,-0.20769923798920592,190
hand_friction_sweep_joint13_joint_4_2_20260811_163051.csv,65,13,joint_4_2,1,0.2,0.2,1.1559782028198244,-0.0097738438111682,2.039940829730972,2.04971467354214,1.773143013027571,upper_limit,-0.006473155506746407,0.19352684449325352,212
hand_friction_sweep_joint13_joint_4_2_20260811_163051.csv,66,13,joint_4_2,-1,0.2,-0.2,1.0421545505523682,2.096314964570389,0.0767944870877505,-2.0195204774826383,-1.9378320388393848,lower_limit,-0.0077427997560159,-0.20774279975601587,192
hand_friction_sweep_joint13_joint_4_2_20260811_163051.csv,67,13,joint_4_2,1,0.2,0.2,1.1519668102264404,-0.0104719755119659,2.031912315171798,2.042384290683764,1.7729541099211839,upper_limit,-0.006352372140135888,0.19364762785986406,212
hand_friction_sweep_joint13_joint_4_2_20260811_163051.csv,68,13,joint_4_2,-1,0.2,-0.2,1.0343875885009766,2.085144857357625,0.0781907504893459,-2.006954106868279,-1.940234133876969,lower_limit,-0.007707390593613711,-0.2077073905936137,190
hand_friction_sweep_joint13_joint_4_2_20260811_163051.csv,69,13,joint_4_2,1,0.2,0.2,1.142155647277832,-0.0033161255787892,2.0296433871442057,2.0329595127229947,1.7799321113267432,upper_limit,-0.006320898362781028,0.1936791016372189,210
hand_friction_sweep_joint13_joint_4_2_20260811_163051.csv,70,13,joint_4_2,-1,0.2,-0.2,1.0349609851837158,2.0837485939560296,0.0671951762017816,-2.016553417754248,-1.9484342372541608,lower_limit,-0.007602296131185045,-0.20760229613118497,190
hand_friction_sweep_joint13_joint_4_2_20260811_163051.csv,71,13,joint_4_2,1,0.2,0.2,1.1506216526031494,-0.0113446401379631,2.030341518845004,2.0416861589829667,1.774420074890722,upper_limit,-0.006344469441769817,0.19365553055823015,212
hand_friction_sweep_joint13_joint_4_2_20260811_163051.csv,72,13,joint_4_2,-1,0.2,-0.2,1.032265901565552,2.0847957915072266,0.077841684638947,-2.0069541068682795,-1.9442220302196351,lower_limit,-0.007721776427186159,-0.20772177642718614,190
hand_friction_sweep_joint13_joint_4_2_20260811_163051.csv,73,13,joint_4_2,1,0.2,0.2,1.1461007595062256,0.0038397243543875,2.035053907825388,2.031214183471001,1.7722823814776185,upper_limit,-0.0064537400489752175,0.19354625995102473,208
hand_friction_sweep_joint13_joint_4_2_20260811_163051.csv,74,13,joint_4_2,-1,0.2,-0.2,1.035952091217041,2.0863665878340214,0.0755727566113544,-2.010793831222667,-1.9410104465935079,lower_limit,-0.007732807689639798,-0.20773280768963973,190
hand_friction_sweep_joint13_joint_4_2_20260811_163051.csv,75,13,joint_4_2,1,0.2,0.2,1.1526472568511963,-0.0085521133347722,2.033483111498593,2.042035224833365,1.7716046368008547,upper_limit,-0.00639821256956993,0.19360178743043002,212
hand_friction_sweep_joint13_joint_4_2_20260811_163051.csv,76,13,joint_4_2,-1,0.2,-0.2,1.0440223217010498,2.098583892597982,0.0759218224617533,-2.0226620701362283,-1.93737435310833,lower_limit,-0.007725613012450201,-0.2077256130124502,192
hand_friction_sweep_joint13_joint_4_2_20260811_163051.csv,77,13,joint_4_2,1,0.2,0.2,1.1553349494934082,-0.0071558499331767,2.032261381022197,2.0394172309553737,1.76521729204991,upper_limit,-0.006401591593777146,0.1935984084062228,212
hand_friction_sweep_joint13_joint_4_2_20260811_163051.csv,78,13,joint_4_2,-1,0.2,-0.2,1.0311660766601562,2.096314964570389,0.0844739357965255,-2.0118410287738633,-1.9510349247426904,lower_limit,-0.007824421851035055,-0.20782442185103503,190
hand_friction_sweep_joint13_joint_4_2_20260811_163051.csv,79,13,joint_4_2,1,0.2,0.2,1.1449096202850342,0.0066322511575784,2.025803662789818,2.0191714116322395,1.763607690823273,upper_limit,-0.006433741423023675,0.1935662585769763,210
hand_friction_sweep_joint13_joint_4_2_20260811_163051.csv,80,13,joint_4_2,-1,0.2,-0.2,1.033646583557129,2.0902063121884087,0.0771435529381493,-2.0130627592502592,-1.9475348646948811,lower_limit,-0.007748359050569526,-0.20774835905056951,190
hand_friction_sweep_joint13_joint_4_2_20260811_163051.csv,81,13,joint_4_2,1,0.25,0.25,0.8943634033203125,-0.0062831853071795,2.0312141834710005,2.03749736877818,2.2781537809060586,upper_limit,-0.0060205379213763245,0.24397946207862362,164
hand_friction_sweep_joint13_joint_4_2_20260811_163051.csv,82,13,joint_4_2,-1,0.25,-0.25,0.837662935256958,2.107136005932754,0.0652753140245879,-2.041860691908166,-2.4375683893448303,lower_limit,-0.007982553132267547,-0.25798255313226753,154
hand_friction_sweep_joint13_joint_4_2_20260811_163051.csv,83,13,joint_4_2,1,0.25,0.25,0.9020662307739258,-0.0090757121103705,2.041860691908166,2.0509364040185365,2.2735984720977083,upper_limit,-0.006130010471785694,0.24386998952821423,166
hand_friction_sweep_joint13_joint_4_2_20260811_163051.csv,84,13,joint_4_2,-1,0.25,-0.25,0.8365402221679688,2.121273172873908,0.0832522053201295,-2.0380209675537784,-2.4362498222405433,lower_limit,-0.008090521946420544,-0.25809052194642057,154
hand_friction_sweep_joint13_joint_4_2_20260811_163051.csv,85,13,joint_4_2,1,0.25,0.25,0.903724431991577,-0.0109955742875642,2.04378055408536,2.0547761283729242,2.273675531649315,upper_limit,-0.006100879651914095,0.24389912034808586,166
hand_friction_sweep_joint13_joint_4_2_20260811_163051.csv,86,13,joint_4_2,-1,0.25,-0.25,0.8375935554504395,2.1247638313778965,0.0755727566113544,-2.0491910747665423,-2.4465220170713136,lower_limit,-0.00810781550557721,-0.25810781550557726,154
hand_friction_sweep_joint13_joint_4_2_20260811_163051.csv,87,13,joint_4_2,1,0.25,0.25,0.9024636745452882,-0.0071558499331767,2.047271212589348,2.054427062522525,2.276465103770144,upper_limit,-0.006131101601713711,0.24386889839828627,166
hand_friction_sweep_joint13_joint_4_2_20260811_163051.csv,88,13,joint_4_2,-1,0.25,-0.25,0.8368525505065918,2.125461963078694,0.0839503370209272,-2.041511626057767,-2.4395117453151456,lower_limit,-0.00811532438304829,-0.2581153243830483,154
hand_friction_sweep_joint13_joint_4_2_20260811_163051.csv,89,13,joint_4_2,1,0.25,0.25,0.9006950855255128,-0.0123918376891597,2.0441296199357586,2.0565214576249184,2.283260440379816,upper_limit,-0.00610853229958102,0.24389146770041895,166
hand_friction_sweep_joint13_joint_4_2_20260811_163051.csv,90,13,joint_4_2,-1,0.25,-0.25,0.8360254764556885,2.1205750411731104,0.0752236907609556,-2.0453513504121545,-2.4465179686669076,lower_limit,-0.008053534627493598,-0.25805353462749353,154
hand_friction_sweep_joint13_joint_4_2_20260811_163051.csv,91,13,joint_4_2,1,0.25,0.25,0.9035568237304688,-0.0113446401379631,2.045002284561756,2.056346924699719,2.2758357534280855,upper_limit,-0.006185712303211528,0.2438142876967884,166
hand_friction_sweep_joint13_joint_4_2_20260811_163051.csv,92,13,joint_4_2,-1,0.25,-0.25,0.8378279209136963,2.1296507532834807,0.080634211442138,-2.049016541841343,-2.4456293359223222,lower_limit,-0.00807839689758298,-0.25807839689758294,154
hand_friction_sweep_joint13_joint_4_2_20260811_163051.csv,93,13,joint_4_2,1,0.25,0.25,0.9017961025238037,-0.0139626340159546,2.041860691908166,2.0558233259241208,2.2796986149869234,upper_limit,-0.006086167294411759,0.24391383270558822,166
hand_friction_sweep_joint13_joint_4_2_20260811_163051.csv,94,13,joint_4_2,-1,0.25,-0.25,0.8365893363952637,2.115164520491928,0.0771435529381493,-2.0380209675537784,-2.4361067956415763,lower_limit,-0.008068694273239502,-0.2580686942732395,154
hand_friction_sweep_joint13_joint_4_2_20260811_163051.csv,95,13,joint_4_2,1,0.25,0.25,0.9062304496765138,-0.011693705988362,2.04378055408536,2.0554742600737224,2.2681584588196526,upper_limit,-0.006120885094309774,0.24387911490569023,166
hand_friction_sweep_joint13_joint_4_2_20260811_163051.csv,96,13,joint_4_2,-1,0.25,-0.25,0.8366215229034424,2.1231930350511017,0.0825540736193317,-2.04063896143177,-2.4391423189184294,lower_limit,-0.008183540716363211,-0.2581835407163632,154
hand_friction_sweep_joint13_joint_4_2_20260811_163051.csv,97,13,joint_4_2,1,0.25,0.25,0.903918981552124,-0.0123918376891597,2.0415116260577677,2.0539034637469276,2.272220747284407,upper_limit,-0.006104513646571288,0.24389548635342864,166
hand_friction_sweep_joint13_joint_4_2_20260811_163051.csv,98,13,joint_4_2,-1,0.25,-0.25,0.8361039161682129,2.127730891106287,0.080634211442138,-2.047096679664149,-2.448375901701076,lower_limit,-0.008110656253117552,-0.2581106562531176,154
hand_friction_sweep_joint13_joint_4_2_20260811_163051.csv,99,13,joint_4_2,1,0.25,0.25,0.9021067619323729,-0.0123918376891597,2.0453513504121545,2.0577431881013144,2.2810417513039045,upper_limit,-0.006119996554516669,0.2438800034454833,166
hand_friction_sweep_joint13_joint_4_2_20260811_163051.csv,100,13,joint_4_2,-1,0.25,-0.25,0.8368980884552002,2.1273818252558883,0.0736528944341607,-2.0537289308217277,-2.453977323108279,lower_limit,-0.008071133724504811,-0.2580711337245048,154
hand_friction_sweep_joint13_joint_4_2_20260811_163051.csv,101,13,joint_4_2,1,0.3,0.3,0.7381255626678467,-0.0104719755119659,2.039591763880573,2.050063739392539,2.777391602565401,upper_limit,-0.005836475017552545,0.2941635249824474,136
hand_friction_sweep_joint13_joint_4_2_20260811_163051.csv,102,13,joint_4_2,-1,0.3,-0.3,0.7056121826171875,2.147802177504221,0.071383966406568,-2.076418211097653,-2.9427187657049885,lower_limit,-0.008413716910010338,-0.3084137169100104,130
hand_friction_sweep_joint13_joint_4_2_20260811_163051.csv,103,13,joint_4_2,1,0.3,0.3,0.7371277809143068,-0.0109955742875642,2.0284216566678097,2.0394172309553737,2.766707867699348,upper_limit,-0.005664284618370837,0.2943357153816291,136
hand_friction_sweep_joint13_joint_4_2_20260811_163051.csv,104,13,joint_4_2,-1,0.3,-0.3,0.7062537670135498,2.136981136141857,0.0591666616426077,-2.0778144744992493,-2.9420225017495523,lower_limit,-0.008224590607184858,-0.3082245906071848,130
hand_friction_sweep_joint13_joint_4_2_20260811_163051.csv,105,13,joint_4_2,1,0.3,0.3,0.7382440567016602,-0.0059341194567807,2.0361011053765847,2.0420352248333655,2.7660706595550617,upper_limit,-0.005761504892142392,0.29423849510785755,136
hand_friction_sweep_joint13_joint_4_2_20260811_163051.csv,106,13,joint_4_2,-1,0.3,-0.3,0.7061028480529785,2.143438854374236,0.0614355896702003,-2.082003264704036,-2.948583581619861,lower_limit,-0.00823734000692852,-0.30823734000692854,130
hand_friction_sweep_joint13_joint_4_2_20260811_163051.csv,107,13,joint_4_2,1,0.3,0.3,0.736015796661377,-0.0059341194567807,2.033483111498593,2.0394172309553737,2.7708878535030412,upper_limit,-0.005718207791679554,0.2942817922083204,136
hand_friction_sweep_joint13_joint_4_2_20260811_163051.csv,108,13,joint_4_2,-1,0.3,-0.3,0.7048327922821045,2.143089788523837,0.0553269372882202,-2.087762851235617,-2.9620682722151273,lower_limit,-0.008254088483335162,-0.3082540884833352,130
hand_friction_sweep_joint13_joint_4_2_20260811_163051.csv,109,13,joint_4_2,1,0.3,0.3,0.7388834953308105,-0.0071558499331767,2.0488420089161434,2.05599785884932,2.7825738047225097,upper_limit,-0.005811395007584384,0.2941886049924156,136
hand_friction_sweep_joint13_joint_4_2_20260811_163051.csv,110,13,joint_4_2,-1,0.3,-0.3,0.7053544521331788,2.143089788523837,0.0694641042293743,-2.0736256842944627,-2.9398349695295307,lower_limit,-0.008366806959365435,-0.30836680695936547,130
hand_friction_sweep_joint13_joint_4_2_20260811_163051.csv,111,13,joint_4_2,1,0.3,0.3,0.7375168800354004,-0.0071558499331767,2.0441296199357586,2.0512854698689353,2.7813403671119703,upper_limit,-0.0057798805924580065,0.29422011940754195,136
hand_friction_sweep_joint13_joint_4_2_20260811_163051.csv,112,13,joint_4_2,-1,0.3,-0.3,0.7140536308288574,2.1500711055318145,0.0432841654494593,-2.106786940082355,-2.950460370374203,lower_limit,-0.008235059739707925,-0.30823505973970794,132
hand_friction_sweep_joint13_joint_4_2_20260811_163051.csv,113,13,joint_4_2,1,0.3,0.3,0.7380938529968262,-0.0113446401379631,2.0457004162625534,2.0570450564005163,2.7869694999469963,upper_limit,-0.005817248659971436,0.2941827513400285,136
hand_friction_sweep_joint13_joint_4_2_20260811_163051.csv,114,13,joint_4_2,-1,0.3,-0.3,0.7041547298431396,2.152689099409806,0.0787143492649442,-2.0739747501448615,-2.945339514522424,lower_limit,-0.00851164483023814,-0.3085116448302382,130
hand_friction_sweep_joint13_joint_4_2_20260811_163051.csv,115,13,joint_4_2,1,0.3,0.3,0.737299919128418,-0.0109955742875642,2.046398547963351,2.057394122250915,2.790443981986348,upper_limit,-0.005813644479923344,0.2941863555200766,136
hand_friction_sweep_joint13_joint_4_2_20260811_163051.csv,116,13,joint_4_2,-1,0.3,-0.3,0.7040472030639648,2.1530381652602046,0.080634211442138,-2.0724039538180667,-2.9435582512068903,lower_limit,-0.00846262368953656,-0.3084626236895366,130
hand_friction_sweep_joint13_joint_4_2_20260811_163051.csv,117,13,joint_4_2,1,0.3,0.3,0.7380092144012451,-0.0109955742875642,2.042209757758565,2.053205332046129,2.7820863100089026,upper_limit,-0.005725049477007564,0.29427495052299235,136
hand_friction_sweep_joint13_joint_4_2_20260811_163051.csv,118,13,joint_4_2,-1,0.3,-0.3,0.7058944702148438,2.1472785787286237,0.071383966406568,-2.0758946123220556,-2.940800218608092,lower_limit,-0.008319075132749909,-0.3083190751327499,130
hand_friction_sweep_joint13_joint_4_2_20260811_163051.csv,119,13,joint_4_2,1,0.3,0.3,0.7280128002166748,-0.012915436464758,2.026501794490616,2.039417230955374,2.801348039963573,upper_limit,-0.005694096785661959,0.29430590321433797,134
hand_friction_sweep_joint13_joint_4_2_20260811_163051.csv,120,13,joint_4_2,-1,0.3,-0.3,0.7046473026275635,2.135759405665461,0.0598647933434055,-2.0758946123220556,-2.9460051923582764,lower_limit,-0.008189403721074006,-0.30818940372107406,130
hand_friction_sweep_joint14_joint_4_3_20260811_163616.csv,1,14,joint_4_3,1,0.05,0.05,1.4068574905395508,-1.5842353620352527,-1.5474089148181724,0.03682644721708028,0.026176387775393505,q_not_changing,0.009743949046986373,0.059743949046986385,258
hand_friction_sweep_joint14_joint_4_3_20260811_163616.csv,2,14,joint_4_3,-1,0.05,-0.05,3.8129048347473145,1.5573572915545402,0.6483898171158934,-0.9089674744386468,-0.23839238424078976,q_not_changing,-0.006381769940357827,-0.05638176994035783,699
hand_friction_sweep_joint14_joint_4_3_20260811_163616.csv,3,14,joint_4_3,1,0.05,0.05,1.4048948287963867,-1.5941837387716205,-1.5482815794441696,0.0459021593274509,0.032673021771157475,q_not_changing,0.009733774232069111,0.05973377423206911,258
hand_friction_sweep_joint14_joint_4_3_20260811_163616.csv,4,14,joint_4_3,-1,0.05,-0.05,5.014817237854004,1.557008225704141,0.5900958200992827,-0.9669124056048584,-0.1928110955482458,q_not_changing,-0.005705383439010412,-0.055705383439010416,919
hand_friction_sweep_joint14_joint_4_3_20260811_163616.csv,5,14,joint_4_3,1,0.05,0.05,1.4038219451904297,-1.5950564033976176,-1.5486306452945684,0.046425758103049164,0.03307097332543229,q_not_changing,0.009734637760952212,0.05973463776095222,257
hand_friction_sweep_joint14_joint_4_3_20260811_163616.csv,6,14,joint_4_3,-1,0.05,-0.05,5.016350984573364,1.558928087881335,0.5900958200992827,-0.9688322677820522,-0.1931348645183468,q_not_changing,-0.0057489974163800325,-0.055748997416380036,918
hand_friction_sweep_joint14_joint_4_3_20260811_163616.csv,7,14,joint_4_3,1,0.05,0.05,1.4076690673828125,-1.592787475370025,-1.5486306452945684,0.04415683007545668,0.03136875782711813,q_not_changing,0.009733284244465661,0.05973328424446567,258
hand_friction_sweep_joint14_joint_4_3_20260811_163616.csv,8,14,joint_4_3,-1,0.05,-0.05,4.41192626953125,1.558928087881335,0.6288421294935569,-0.9300859583877781,-0.21081176374386604,q_not_changing,-0.006085109389999307,-0.05608510938999931,808
hand_friction_sweep_joint14_joint_4_3_20260811_163616.csv,9,14,joint_4_3,1,0.05,0.05,1.4052326679229736,-1.5919148107440275,-1.543569190463785,0.048345620280242585,0.03440399684964668,q_not_changing,0.009741563766194606,0.05974156376619461,258
hand_friction_sweep_joint14_joint_4_3_20260811_163616.csv,10,14,joint_4_3,-1,0.05,-0.05,4.414906024932861,1.5599752854325315,0.5759586531581287,-0.9840166322744028,-0.22288506861012225,q_not_changing,-0.0058451427090514246,-0.05584514270905143,808
hand_friction_sweep_joint14_joint_4_3_20260811_163616.csv,11,14,joint_4_3,1,0.05,0.05,1.4016072750091553,-1.5919148107440275,-1.5439182563141838,0.04799655442984374,0.03424393928715177,q_not_changing,0.009742748213174182,0.0597427482131742,257
hand_friction_sweep_joint14_joint_4_3_20260811_163616.csv,12,14,joint_4_3,-1,0.05,-0.05,4.41342306137085,1.5608479500585288,0.5794493116621173,-0.9813986383964115,-0.2223667717210822,q_not_changing,-0.005959758113078629,-0.055959758113078635,808
hand_friction_sweep_joint14_joint_4_3_20260811_163616.csv,13,14,joint_4_3,1,0.05,0.05,1.4010834693908691,-1.5941837387716205,-1.5896458827164353,0.0045378560551851965,0.00323881920979202,q_not_changing,0.009654695641017931,0.05965469564101793,257
hand_friction_sweep_joint14_joint_4_3_20260811_163616.csv,14,14,joint_4_3,-1,0.05,-0.05,4.414391756057739,1.5615460817593263,0.5743878568313338,-0.9871582249279925,-0.22362270488869604,q_not_changing,-0.005909263939745297,-0.0559092639397453,808
hand_friction_sweep_joint14_joint_4_3_20260811_163616.csv,15,14,joint_4_3,1,0.05,0.05,1.4031999111175537,-1.5957545350984152,-1.5892968168660364,0.00645771823237884,0.004602137002157949,q_not_changing,0.0096538458082147,0.05965384580821471,258
hand_friction_sweep_joint14_joint_4_3_20260811_163616.csv,16,14,joint_4_3,-1,0.05,-0.05,4.412392139434814,1.5608479500585288,0.5763077190085275,-0.9845402310500013,-0.22313071910605656,q_not_changing,-0.005843149831479192,-0.05584314983147919,808
hand_friction_sweep_joint14_joint_4_3_20260811_163616.csv,17,14,joint_4_3,1,0.05,0.05,1.4043195247650146,-1.5950564033976176,-1.5880750863896402,0.006981317007977328,0.004971316630483732,q_not_changing,0.009657792000064315,0.05965779200006433,258
hand_friction_sweep_joint14_joint_4_3_20260811_163616.csv,18,14,joint_4_3,-1,0.05,-0.05,5.014409780502319,1.558579022030936,0.5740387909809349,-0.984540231050001,-0.19634219661867652,q_not_changing,-0.005652497363832396,-0.0556524973638324,918
hand_friction_sweep_joint14_joint_4_3_20260811_163616.csv,19,14,joint_4_3,1,0.05,0.05,1.4048643112182617,-1.5954054692480164,-1.5908676131928312,0.0045378560551851965,0.0032301027358649934,q_not_changing,0.009652473967796154,0.05965247396779616,258
hand_friction_sweep_joint14_joint_4_3_20260811_163616.csv,20,14,joint_4_3,-1,0.05,-0.05,5.014726877212524,1.5573572915545402,0.5770058507093253,-0.9803514408452149,-0.19549448351814347,q_not_changing,-0.005620057357288299,-0.0556200573572883,918
hand_friction_sweep_joint14_joint_4_3_20260811_163616.csv,21,14,joint_4_3,1,0.1,0.1,4.322760105133057,-1.589994948566834,1.487544121474767,3.0775390700416008,0.7119384363678152,upper_limit,0.0014801080226713632,0.10148010802267134,791
hand_friction_sweep_joint14_joint_4_3_20260811_163616.csv,22,14,joint_4_3,-1,0.1,-0.1,4.555152177810669,1.5166911199830722,-1.4894639836519608,-3.0061551036350327,-0.6599461414876095,lower_limit,0.002368021272126138,-0.0976319787278738,834
hand_friction_sweep_joint14_joint_4_3_20260811_163616.csv,23,14,joint_4_3,1,0.1,0.1,3.904688119888305,-1.502903018892317,1.4856242592975732,2.98852727818989,0.7653690093628728,upper_limit,0.0012261426599470449,0.10122614265994702,714
hand_friction_sweep_joint14_joint_4_3_20260811_163616.csv,24,14,joint_4_3,-1,0.1,-0.1,4.511277675628663,1.5154693895066762,-1.488416786100764,-3.00388617560744,-0.6658615123239643,lower_limit,0.0025750928871197333,-0.09742490711288021,826
hand_friction_sweep_joint14_joint_4_3_20260811_163616.csv,25,14,joint_4_3,1,0.1,0.1,3.909735441207886,-1.5002850250143256,1.4878931873251655,2.9881782123394913,0.764291665580399,upper_limit,0.0011957018400621574,0.10119570184006212,716
hand_friction_sweep_joint14_joint_4_3_20260811_163616.csv,26,14,joint_4_3,-1,0.1,-0.1,4.573364019393921,1.5193091138610637,-1.4880677202503652,-3.0073768341114286,-0.6575852745065278,lower_limit,0.0025671208654238346,-0.09743287913457611,838
hand_friction_sweep_joint14_joint_4_3_20260811_163616.csv,27,14,joint_4_3,1,0.1,0.1,3.938762903213501,-1.5022048871915192,1.4901621153527584,2.9923670025442775,0.7597225514901921,upper_limit,0.001181462375435981,0.10118146237543593,722
hand_friction_sweep_joint14_joint_4_3_20260811_163616.csv,28,14,joint_4_3,-1,0.1,-0.1,4.546036005020142,1.5217525748138558,-1.4864969239235704,-3.008249498737426,-0.6617302404590387,lower_limit,0.00249654207994503,-0.09750345792005492,834
hand_friction_sweep_joint14_joint_4_3_20260811_163616.csv,29,14,joint_4_3,1,0.1,0.1,3.932053089141846,-1.5022048871915192,1.489114917801562,2.991319804993081,0.7607526493610807,upper_limit,0.0011852317712845624,0.10118523177128454,720
hand_friction_sweep_joint14_joint_4_3_20260811_163616.csv,30,14,joint_4_3,-1,0.1,-0.1,4.5491414070129395,1.5154693895066762,-1.4845770617463765,-3.000046451253053,-0.6594753125563854,lower_limit,0.0025221764564775173,-0.09747782354352244,832
hand_friction_sweep_joint14_joint_4_3_20260811_163616.csv,31,14,joint_4_3,1,0.1,0.1,3.931853771209717,-1.5034266176679154,1.4852751934471744,2.9887018111150896,0.760125372158882,upper_limit,0.0011550141878302704,0.10115501418783027,720
hand_friction_sweep_joint14_joint_4_3_20260811_163616.csv,32,14,joint_4_3,-1,0.1,-0.1,4.566957712173462,1.512153263927887,-1.4837043971203794,-2.9958576610482663,-0.6559854173956227,lower_limit,0.0024862710718185194,-0.09751372892818143,836
hand_friction_sweep_joint14_joint_4_3_20260811_163616.csv,33,14,joint_4_3,1,0.1,0.1,3.9317705631256104,-1.4990632945379294,1.4852751934471744,2.984338487985104,0.7590316983330448,upper_limit,0.001134948888392159,0.10113494888839211,720
hand_friction_sweep_joint14_joint_4_3_20260811_163616.csv,34,14,joint_4_3,-1,0.1,-0.1,4.533163785934448,1.5154693895066762,-1.4849261275967751,-3.0003955171034513,-0.6618767065979642,lower_limit,0.002479759817775311,-0.09752024018222463,830
hand_friction_sweep_joint14_joint_4_3_20260811_163616.csv,35,14,joint_4_3,1,0.1,0.1,3.933419942855835,-1.5015067554907215,1.4913838458291544,2.9928906013198757,0.7608876358995897,upper_limit,0.0011287525627524453,0.10112875256275243,720
hand_friction_sweep_joint14_joint_4_3_20260811_163616.csv,36,14,joint_4_3,-1,0.1,-0.1,4.578584909439088,1.5201817784870608,-1.4864969239235704,-3.006678702410631,-0.6566829625048872,lower_limit,0.0024866221200511474,-0.09751337787994878,838
hand_friction_sweep_joint14_joint_4_3_20260811_163616.csv,37,14,joint_4_3,1,0.1,0.1,3.9311933517456055,-1.4999359591639267,1.4852751934471744,2.985211152611101,0.7593651305107009,upper_limit,0.0011816143694673958,0.10118161436946735,720
hand_friction_sweep_joint14_joint_4_3_20260811_163616.csv,38,14,joint_4_3,-1,0.1,-0.1,4.53975510597229,1.512153263927887,-1.4864969239235704,-2.9986501878514575,-0.6605312660822988,lower_limit,0.0025453843351214683,-0.09745461566487848,832
hand_friction_sweep_joint14_joint_4_3_20260811_163616.csv,39,14,joint_4_3,1,0.1,0.1,3.934783935546875,-1.5018558213411204,1.4856242592975732,2.9874800806386936,0.7592488252403825,upper_limit,0.0011497748919913659,0.10114977489199133,722
hand_friction_sweep_joint14_joint_4_3_20260811_163616.csv,40,14,joint_4_3,-1,0.1,-0.1,4.521517515182495,1.5128513956286846,-1.4906857141283567,-3.0035371097570414,-0.6642763407797645,lower_limit,0.0024762450103939277,-0.09752375498960603,828
hand_friction_sweep_joint14_joint_4_3_20260811_163616.csv,41,14,joint_4_3,1,0.15,0.15,2.247162103652954,-1.5018558213411204,1.4974924982111346,2.9993483195522552,1.3347271719634992,upper_limit,0.0014133093406193452,0.1514133093406193,412
hand_friction_sweep_joint14_joint_4_3_20260811_163616.csv,42,14,joint_4_3,-1,0.15,-0.15,2.4473769664764404,1.5496778428457652,-1.490336648277958,-3.0400144911237232,-1.2421521215428126,lower_limit,0.0017197672232014945,-0.14828023277679844,448
hand_friction_sweep_joint14_joint_4_3_20260811_163616.csv,43,14,joint_4_3,1,0.15,0.15,2.2819366455078125,-1.5301301552234283,1.4901621153527584,3.0202922705761868,1.3235653481098568,upper_limit,0.0014883385592335935,0.15148833855923358,418
hand_friction_sweep_joint14_joint_4_3_20260811_163616.csv,44,14,joint_4_3,-1,0.15,-0.15,2.450455904006958,1.5496778428457652,-1.497667031136334,-3.047344873982099,-1.2435828243222475,lower_limit,0.0017082458818014038,-0.1482917541181985,444
hand_friction_sweep_joint14_joint_4_3_20260811_163616.csv,45,14,joint_4_3,1,0.15,0.15,2.302631139755249,-1.533969879577816,1.4856242592975732,3.019594138875389,1.311366847577831,upper_limit,0.0015750507990579966,0.15157505079905798,420
hand_friction_sweep_joint14_joint_4_3_20260811_163616.csv,46,14,joint_4_3,-1,0.15,-0.15,2.4567058086395264,1.5393804002589986,-1.490336648277958,-3.0297170485369564,-1.2332437355267833,lower_limit,0.0017122313852371757,-0.14828776861476275,450
hand_friction_sweep_joint14_joint_4_3_20260811_163616.csv,47,14,joint_4_3,1,0.15,0.15,2.279724597930908,-1.5306537539990268,1.4933037080063485,3.0239574620053755,1.3264573557481187,upper_limit,0.00149549529669505,0.151495495296695,418
hand_friction_sweep_joint14_joint_4_3_20260811_163616.csv,48,14,joint_4_3,-1,0.15,-0.15,2.4770441055297856,1.54199839413699,-1.4861478580731715,-3.0281462522101616,-1.222483784382397,lower_limit,0.0017638490546532785,-0.14823615094534667,454
hand_friction_sweep_joint14_joint_4_3_20260811_163616.csv,49,14,joint_4_3,1,0.15,0.15,2.268484592437744,-1.5310028198494257,1.494001839707146,3.0250046595565716,1.3334913843544605,upper_limit,0.0015001884185338898,0.15150018841853383,416
hand_friction_sweep_joint14_joint_4_3_20260811_163616.csv,50,14,joint_4_3,-1,0.15,-0.15,2.4570858478546143,1.5446163880149817,-1.4945254384827442,-3.039141826497726,-1.2368887432855997,lower_limit,0.0017566143876019242,-0.148243385612398,450
hand_friction_sweep_joint14_joint_4_3_20260811_163616.csv,51,14,joint_4_3,1,0.15,0.15,2.270214796066284,-1.5332717478770184,1.4910347799787556,3.024306527855774,1.332167569824733,upper_limit,0.001523388580723626,0.15152338858072356,416
hand_friction_sweep_joint14_joint_4_3_20260811_163616.csv,52,14,joint_4_3,-1,0.15,-0.15,2.440589666366577,1.5442673221645826,-1.4922565104551515,-3.036523832619734,-1.2441763047945509,lower_limit,0.0017596768770042567,-0.14824032312299568,448
hand_friction_sweep_joint14_joint_4_3_20260811_163616.csv,53,14,joint_4_3,1,0.15,0.15,2.2800514698028564,-1.544790920940181,1.4929546421559494,3.0377455630961303,1.3323144689180142,upper_limit,0.0015562110924087647,0.15155621109240872,418
hand_friction_sweep_joint14_joint_4_3_20260811_163616.csv,54,14,joint_4_3,-1,0.15,-0.15,2.419390439987183,1.5451399867905795,-1.4945254384827442,-3.0396654252733235,-1.2563765546206864,lower_limit,0.0017432855643860037,-0.14825671443561395,444
hand_friction_sweep_joint14_joint_4_3_20260811_163616.csv,55,14,joint_4_3,1,0.15,0.15,2.2764718532562256,-1.5297810893730297,1.4945254384827442,3.024306527855774,1.3285060052597877,upper_limit,0.0014898836830247303,0.15148988368302468,418
hand_friction_sweep_joint14_joint_4_3_20260811_163616.csv,56,14,joint_4_3,-1,0.15,-0.15,2.450151681900025,1.550026908696164,-1.4957471689591402,-3.045774077655304,-1.2430961316212843,lower_limit,0.0017178520559428465,-0.1482821479440571,450
hand_friction_sweep_joint14_joint_4_3_20260811_163616.csv,57,14,joint_4_3,1,0.15,0.15,2.2791874408721924,-1.53588974175501,1.4901621153527584,3.0260518571077686,1.327688895982056,upper_limit,0.0015270400993080669,0.15152704009930804,418
hand_friction_sweep_joint14_joint_4_3_20260811_163616.csv,58,14,joint_4_3,-1,0.15,-0.15,2.452094793319702,1.5442673221645826,-1.4842279958959776,-3.0284953180605605,-1.2350645359678425,lower_limit,0.0016829813186998199,-0.14831701868130012,450
hand_friction_sweep_joint14_joint_4_3_20260811_163616.csv,59,14,joint_4_3,1,0.15,0.15,2.2685725688934326,-1.5297810893730297,1.492081977529952,3.0218630669029816,1.3320548385088646,upper_limit,0.0015372598248747853,0.15153725982487476,416
hand_friction_sweep_joint14_joint_4_3_20260811_163616.csv,60,14,joint_4_3,-1,0.15,-0.15,2.4212067127227783,1.543220124613386,-1.4852751934471744,-3.0284953180605605,-1.2508206350769833,lower_limit,0.0017117538708496327,-0.14828824612915031,444
hand_friction_sweep_joint14_joint_4_3_20260811_163616.csv,61,14,joint_4_3,1,0.2,0.2,1.5925872325897217,-1.529082957672232,1.488765851951163,3.017848809623395,1.8949346998820538,upper_limit,0.0017141546909079516,0.20171415469090795,292
hand_friction_sweep_joint14_joint_4_3_20260811_163616.csv,62,14,joint_4_3,-1,0.2,-0.2,1.6866710186004639,1.558579022030936,-1.499586893313528,-3.058165915344464,-1.8131371687894506,lower_limit,0.001310064954633525,-0.19868993504536644,310
hand_friction_sweep_joint14_joint_4_3_20260811_163616.csv,63,14,joint_4_3,1,0.2,0.2,1.6228992938995361,-1.5700981950940986,1.4971434323607358,3.0672416274548344,1.8899765616909,upper_limit,0.0017923773937957377,0.2017923773937957,298
hand_friction_sweep_joint14_joint_4_3_20260811_163616.csv,64,14,joint_4_3,-1,0.2,-0.2,1.7193973064422607,1.5592771537317338,-1.488416786100764,-3.047693939832498,-1.7725361837042304,lower_limit,0.0013723000098569483,-0.19862769999014301,316
hand_friction_sweep_joint14_joint_4_3_20260811_163616.csv,65,14,joint_4_3,1,0.2,0.2,1.674043416976929,-1.5528194354993547,1.4852751934471744,3.038094628946529,1.8148242740519072,upper_limit,0.001738891699558981,0.20173889169955897,306
hand_friction_sweep_joint14_joint_4_3_20260811_163616.csv,66,14,joint_4_3,-1,0.2,-0.2,1.7555696964263916,1.5592771537317338,-1.494874504333143,-3.054151658064877,-1.7396926275737483,lower_limit,0.0013917244702329123,-0.19860827552976706,322
hand_friction_sweep_joint14_joint_4_3_20260811_163616.csv,67,14,joint_4_3,1,0.2,0.2,1.699995994567871,-1.559800752507332,1.486322390998371,3.046123143505703,1.7918413650615743,upper_limit,0.001779178130681106,0.20177917813068108,312
hand_friction_sweep_joint14_joint_4_3_20260811_163616.csv,68,14,joint_4_3,-1,0.2,-0.2,1.7657089233398438,1.558579022030936,-1.490336648277958,-3.0489156703088938,-1.7267374197451868,lower_limit,0.0014053948474512321,-0.19859460515254873,324
hand_friction_sweep_joint14_joint_4_3_20260811_163616.csv,69,14,joint_4_3,1,0.2,0.2,1.7125420570373535,-1.5531685013497538,1.4910347799787556,3.0442032813285094,1.7775932969464645,upper_limit,0.00173753189439982,0.20173753189439983,314
hand_friction_sweep_joint14_joint_4_3_20260811_163616.csv,70,14,joint_4_3,-1,0.2,-0.2,1.779468297958374,1.5596262195821329,-1.4926055763055506,-3.0522317958876837,-1.7152493244131302,lower_limit,0.0013960187255728474,-0.1986039812744271,326
hand_friction_sweep_joint14_joint_4_3_20260811_163616.csv,71,14,joint_4_3,1,0.2,0.2,1.7209620475769045,-1.552470369648956,1.4971434323607358,3.0496138020096915,1.7720401250588378,upper_limit,0.0017749955263648618,0.20177499552636485,316
hand_friction_sweep_joint14_joint_4_3_20260811_163616.csv,72,14,joint_4_3,-1,0.2,-0.2,1.78593111038208,1.558055423255338,-1.4933037080063485,-3.0513591312616866,-1.7085536578221554,lower_limit,0.0013993300294755217,-0.19860066997052445,328
hand_friction_sweep_joint14_joint_4_3_20260811_163616.csv,73,14,joint_4_3,1,0.2,0.2,1.720759630203247,-1.557008225704141,1.4926055763055506,3.0496138020096915,1.7722485746887768,upper_limit,0.0017822903177800917,0.2017822903177801,316
hand_friction_sweep_joint14_joint_4_3_20260811_163616.csv,74,14,joint_4_3,-1,0.2,-0.2,1.7798118591308596,1.558928087881335,-1.4933037080063485,-3.0522317958876837,-1.7149182258950608,lower_limit,0.0013801835875449987,-0.19861981641245496,326
hand_friction_sweep_joint14_joint_4_3_20260811_163616.csv,75,14,joint_4_3,1,0.2,0.2,1.7218000888824463,-1.5608479500585288,1.5055210127703085,3.0663689628288373,1.7809088189901876,upper_limit,0.0017478416919666365,0.2017478416919666,316
hand_friction_sweep_joint14_joint_4_3_20260811_163616.csv,76,14,joint_4_3,-1,0.2,-0.2,1.7738726139068604,1.5646876744129163,-1.489114917801562,-3.0538025922144785,-1.7215455993137185,lower_limit,0.0013753703117725122,-0.19862462968822744,326
hand_friction_sweep_joint14_joint_4_3_20260811_163616.csv,77,14,joint_4_3,1,0.2,0.2,1.7091147899627686,-1.5482815794441696,1.4868459897739692,3.0351275692181385,1.775847700249704,upper_limit,0.001791440986803523,0.2017914409868035,314
hand_friction_sweep_joint14_joint_4_3_20260811_163616.csv,78,14,joint_4_3,-1,0.2,-0.2,1.7888710498809814,1.558055423255338,-1.496794366510337,-3.054849789765675,-1.7076970360546238,lower_limit,0.0014055235338777637,-0.19859447646612222,328
hand_friction_sweep_joint14_joint_4_3_20260811_163616.csv,79,14,joint_4_3,1,0.2,0.2,1.7221829891204834,-1.5646876744129163,1.4933037080063485,3.0579913824192646,1.775648349645456,upper_limit,0.001797525639776659,0.20179752563977663,316
hand_friction_sweep_joint14_joint_4_3_20260811_163616.csv,80,14,joint_4_3,-1,0.2,-0.2,1.7739214897155762,1.5596262195821329,-1.4913838458291544,-3.0510100654112873,-1.7199239555412764,lower_limit,0.0013631958785552411,-0.19863680412144474,326
hand_friction_sweep_joint14_joint_4_3_20260811_163616.csv,81,14,joint_4_3,1,0.25,0.25,1.3150439262390137,-1.5489797111449672,1.5151203236562774,3.0641000348012444,2.330036262411765,upper_limit,0.0018032061360505618,0.25180320613605056,242
hand_friction_sweep_joint14_joint_4_3_20260811_163616.csv,82,14,joint_4_3,-1,0.25,-0.25,1.3479506969451904,1.558928087881335,-1.496794366510337,-3.055722454391672,-2.266939333401986,lower_limit,0.0011506038312389683,-0.24884939616876098,248
hand_friction_sweep_joint14_joint_4_3_20260811_163616.csv,83,14,joint_4_3,1,0.25,0.25,1.3146567344665527,-1.5765559133264777,1.4983651628371315,3.0749210761636094,2.3389535804654877,upper_limit,0.001928082476570024,0.25192808247657006,242
hand_friction_sweep_joint14_joint_4_3_20260811_163616.csv,84,14,joint_4_3,-1,0.25,-0.25,1.2962944507598877,1.5566591598537425,-1.4938273067819463,-3.0504864666356886,-2.353235767419581,lower_limit,0.0010428360664210528,-0.24895716393357892,238
hand_friction_sweep_joint14_joint_4_3_20260811_163616.csv,85,14,joint_4_3,1,0.25,0.25,1.2500941753387451,-1.5861552242124466,1.4840534629707782,3.070208687183225,2.455981915403512,upper_limit,0.0020038359668615026,0.25200383596686143,230
hand_friction_sweep_joint14_joint_4_3_20260811_163616.csv,86,14,joint_4_3,-1,0.25,-0.25,1.262568473815918,1.556135561078144,-1.4837043971203794,-3.0398399581985234,-2.407663442610029,lower_limit,0.0010612940031005241,-0.24893870599689946,232
hand_friction_sweep_joint14_joint_4_3_20260811_163616.csv,87,14,joint_4_3,1,0.25,0.25,1.2406845092773438,-1.574985116999683,1.487544121474767,3.0625292384744496,2.468419018351626,upper_limit,0.0019768368060647913,0.2519768368060648,228
hand_friction_sweep_joint14_joint_4_3_20260811_163616.csv,88,14,joint_4_3,-1,0.25,-0.25,1.2738101482391357,1.5592771537317338,-1.4922565104551515,-3.051533664186885,-2.3955953470815126,lower_limit,0.0011023643576289393,-0.24889763564237102,234
hand_friction_sweep_joint14_joint_4_3_20260811_163616.csv,89,14,joint_4_3,1,0.25,0.25,1.2514052391052246,-1.5845844278856516,1.502903018892317,3.0874874467779687,2.467216334323143,upper_limit,0.0019593588979909425,0.2519593588979909,230
hand_friction_sweep_joint14_joint_4_3_20260811_163616.csv,90,14,joint_4_3,-1,0.25,-0.25,1.2872035503387451,1.557008225704141,-1.5037756835183145,-3.0607839092224554,-2.377855397009252,lower_limit,0.0011658223375266361,-0.24883417766247332,236
hand_friction_sweep_joint14_joint_4_3_20260811_163616.csv,91,14,joint_4_3,1,0.25,0.25,1.2615725994110107,-1.5934856070708228,1.5063936773963056,3.0998792844671286,2.457154892167416,upper_limit,0.001932046960539018,0.251932046960539,232
hand_friction_sweep_joint14_joint_4_3_20260811_163616.csv,92,14,joint_4_3,-1,0.25,-0.25,1.285278081893921,1.558579022030936,-1.5140731261050808,-3.072652148136017,-2.390651635176344,lower_limit,0.0011469044649090635,-0.2488530955350909,236
hand_friction_sweep_joint14_joint_4_3_20260811_163616.csv,93,14,joint_4_3,1,0.25,0.25,1.2511751651763916,-1.5934856070708228,1.4852751934471744,3.078760800517997,2.46069526170938,upper_limit,0.001999849776249473,0.25199984977624945,230
hand_friction_sweep_joint14_joint_4_3_20260811_163616.csv,94,14,joint_4_3,-1,0.25,-0.25,1.2744772434234617,1.557008225704141,-1.4983651628371315,-3.0553733885412724,-2.397354212723345,lower_limit,0.0011157300726167597,-0.2488842699273832,234
hand_friction_sweep_joint14_joint_4_3_20260811_163616.csv,95,14,joint_4_3,1,0.25,0.25,1.251617431640625,-1.589994948566834,1.496794366510337,3.086789315077171,2.466240272022255,upper_limit,0.0019528974726052753,0.2519528974726053,230
hand_friction_sweep_joint14_joint_4_3_20260811_163616.csv,96,14,joint_4_3,-1,0.25,-0.25,1.306650638580322,1.558579022030936,-1.502903018892317,-3.061482040923253,-2.342999689840245,lower_limit,0.0012011007103790489,-0.2487988992896209,240
hand_friction_sweep_joint14_joint_4_3_20260811_163616.csv,97,14,joint_4_3,1,0.25,0.25,1.295715570449829,-1.593136541220424,1.4894639836519608,3.082600524872385,2.3790719160704454,upper_limit,0.0019232626817252234,0.2519232626817252,238
hand_friction_sweep_joint14_joint_4_3_20260811_163616.csv,98,14,joint_4_3,-1,0.25,-0.25,1.327467679977417,1.558055423255338,-1.504473815219112,-3.06252923847445,-2.307046178726212,lower_limit,0.0011900410491646582,-0.2488099589508353,244
hand_friction_sweep_joint14_joint_4_3_20260811_163616.csv,99,14,joint_4_3,1,0.25,0.25,1.3175218105316162,-1.5889477510156376,1.5039502164435137,3.0928979674591512,2.3475117775934016,upper_limit,0.0019020411273617992,0.2519020411273618,242
hand_friction_sweep_joint14_joint_4_3_20260811_163616.csv,100,14,joint_4_3,-1,0.25,-0.25,1.3289732933044434,1.558055423255338,-1.489987582427559,-3.048043005682897,-2.2935321733246044,lower_limit,0.0011453135824733048,-0.24885468641752667,244
hand_friction_sweep_joint14_joint_4_3_20260811_163616.csv,101,14,joint_4_3,1,0.3,0.3,1.0664184093475342,-1.5720180572712923,1.4978415640615337,3.069859621332826,2.878663378674282,upper_limit,0.0019911738599646153,0.3019911738599646,196
hand_friction_sweep_joint14_joint_4_3_20260811_163616.csv,102,14,joint_4_3,-1,0.3,-0.3,1.0748546123504639,1.5599752854325315,-1.4971434323607358,-3.0571187177932675,-2.8442160294665717,lower_limit,0.0009816276766995394,-0.2990183723233004,198
hand_friction_sweep_joint14_joint_4_3_20260811_163616.csv,103,14,joint_4_3,1,0.3,0.3,1.0319862365722656,-1.5961036009488143,1.4987142286875306,3.094817829636345,2.9988944813021523,upper_limit,0.002095686619382538,0.30209568661938246,190
hand_friction_sweep_joint14_joint_4_3_20260811_163616.csv,104,14,joint_4_3,-1,0.3,-0.3,1.0446662902832031,1.558055423255338,-1.494874504333143,-3.0529299275884814,-2.9223972822563744,lower_limit,0.0009763687111820479,-0.2990236312888179,192
hand_friction_sweep_joint14_joint_4_3_20260811_163616.csv,105,14,joint_4_3,1,0.3,0.3,1.0214903354644775,-1.5947073375472187,1.4852751934471744,3.079982530994393,3.0151851897785282,upper_limit,0.002127407054171086,0.30212740705417107,188
hand_friction_sweep_joint14_joint_4_3_20260811_163616.csv,106,14,joint_4_3,-1,0.3,-0.3,1.0353596210479736,1.5596262195821329,-1.4856242592975732,-3.045250478879706,-2.9412490278473045,lower_limit,0.0008838979839033309,-0.29911610201609656,190
hand_friction_sweep_joint14_joint_4_3_20260811_163616.csv,107,14,joint_4_3,1,0.3,0.3,1.0224487781524658,-1.5938346729212216,1.4906857141283567,3.0845203870495785,3.0167969808944504,upper_limit,0.0020924055172339665,0.302092405517234,188
hand_friction_sweep_joint14_joint_4_3_20260811_163616.csv,108,14,joint_4_3,-1,0.3,-0.3,1.0551319122314453,1.5603243512829306,-1.516342054132673,-3.0766664054156037,-2.9159068830634807,lower_limit,0.0010460773475555768,-0.2989539226524444,194
hand_friction_sweep_joint14_joint_4_3_20260811_163616.csv,109,14,joint_4_3,1,0.3,0.3,1.0327415466308594,-1.5961036009488143,1.5231488382154512,3.1192524391642653,3.020361143928301,upper_limit,0.0020521021393042935,0.30205210213930433,190
hand_friction_sweep_joint14_joint_4_3_20260811_163616.csv,110,14,joint_4_3,-1,0.3,-0.3,1.0340359210968018,1.557008225704141,-1.4852751934471744,-3.0422834191513157,-2.942144810524925,lower_limit,0.0008935761825281721,-0.2991064238174718,190
hand_friction_sweep_joint14_joint_4_3_20260811_163616.csv,111,14,joint_4_3,1,0.3,0.3,1.0227577686309814,-1.5961036009488143,1.4882422531755646,3.084345854124379,3.0157149119023057,upper_limit,0.002119354674110169,0.30211935467411016,188
hand_friction_sweep_joint14_joint_4_3_20260811_163616.csv,112,14,joint_4_3,-1,0.3,-0.3,1.045102596282959,1.556135561078144,-1.5090116712742971,-3.065147232352441,-2.932867302458179,lower_limit,0.0009875440398564108,-0.29901245596014353,192
hand_friction_sweep_joint14_joint_4_3_20260811_163616.csv,113,14,joint_4_3,1,0.3,0.3,1.0218405723571777,-1.5961036009488143,1.4910347799787556,3.08713838092757,3.0211546345298967,upper_limit,0.002089757199559825,0.30208975719955977,188
hand_friction_sweep_joint14_joint_4_3_20260811_163616.csv,114,14,joint_4_3,-1,0.3,-0.3,1.034609317779541,1.5608479500585288,-1.505695545695508,-3.0665434957540367,-2.9639627664821293,lower_limit,0.0009238842157805186,-0.2990761157842194,190
hand_friction_sweep_joint14_joint_4_3_20260811_163616.csv,115,14,joint_4_3,1,0.3,0.3,1.0232322216033936,-1.5934856070708228,1.5002850250143256,3.0937706320851484,3.023527374105991,upper_limit,0.002129067469998325,0.3021290674699983,188
hand_friction_sweep_joint14_joint_4_3_20260811_163616.csv,116,14,joint_4_3,-1,0.3,-0.3,1.040407180786133,1.5573572915545402,-1.512153263927887,-3.0695105554824273,-2.9502973568128406,lower_limit,0.0008861560136297463,-0.29911384398637025,190
hand_friction_sweep_joint14_joint_4_3_20260811_163616.csv,117,14,joint_4_3,1,0.3,0.3,1.0336601734161375,-1.5961036009488143,1.5231488382154512,3.1192524391642653,3.0176769110252804,upper_limit,0.0020390400322707167,0.30203904003227067,190
hand_friction_sweep_joint14_joint_4_3_20260811_163616.csv,118,14,joint_4_3,-1,0.3,-0.3,1.0380237102508545,1.5611970159089277,-1.5172147187586704,-3.078411734667598,-2.9656468385713963,lower_limit,0.0009761746216592547,-0.2990238253783407,188
hand_friction_sweep_joint14_joint_4_3_20260811_163616.csv,119,14,joint_4_3,1,0.3,0.3,1.0279438495635986,-1.5964526667992132,1.5006340908647244,3.097086757663938,3.0128948764845176,upper_limit,0.0020406980195369355,0.30204069801953687,188
hand_friction_sweep_joint14_joint_4_3_20260811_163616.csv,120,14,joint_4_3,-1,0.3,-0.3,1.0319797992706299,1.5627678122357225,-1.487544121474767,-3.050311933710489,-2.955786475536005,lower_limit,0.0008673428073282343,-0.29913265719267174,190
hand_friction_sweep_joint15_joint_4_4_20260811_164227.csv,1,15,joint_4_4,1,0.05,0.05,8.003645658493042,-1.5756832487004806,0.1511455132227089,1.7268287619231895,0.21575527398452116,timeout,8.198175624908759e-05,0.05008198175624905,1463
hand_friction_sweep_joint15_joint_4_4_20260811_164227.csv,2,15,joint_4_4,-1,0.05,-0.05,8.004640340805054,1.593136541220424,-0.690975850864555,-2.284112392084979,-0.285348534704466,timeout,-0.0012993956905037853,-0.051299395690503784,1464
hand_friction_sweep_joint15_joint_4_4_20260811_164227.csv,3,15,joint_4_4,1,0.05,0.05,8.004623174667358,-1.604481181358387,0.2539454061651749,1.858426587523562,0.23216915362174947,timeout,0.00010004684136165045,0.0501000468413616,1462
hand_friction_sweep_joint15_joint_4_4_20260811_164227.csv,4,15,joint_4_4,-1,0.05,-0.05,8.000133752822876,1.592787475370025,-0.6606071218798537,-2.253394597249879,-0.2816696153929627,timeout,-0.0013219352818951693,-0.05132193528189517,1461
hand_friction_sweep_joint15_joint_4_4_20260811_164227.csv,5,15,joint_4_4,1,0.05,0.05,8.00188946723938,-1.6025613191811932,0.1518436449235066,1.7544049641046997,0.21924883757610344,timeout,0.00013743065890389416,0.050137430658903845,1459
hand_friction_sweep_joint15_joint_4_4_20260811_164227.csv,6,15,joint_4_4,-1,0.05,-0.05,7.999904155731201,1.593136541220424,-0.6407103684071183,-2.233846909627542,-0.27923420907826685,timeout,-0.001337153796716383,-0.05133715379671638,1462
hand_friction_sweep_joint15_joint_4_4_20260811_164227.csv,7,15,joint_4_4,1,0.05,0.05,8.001276016235352,-1.601688654555196,0.2401573050744197,1.8418459596296157,0.23019402853898988,timeout,0.00013576472820053137,0.050135764728200485,1452
hand_friction_sweep_joint15_joint_4_4_20260811_164227.csv,8,15,joint_4_4,-1,0.05,-0.05,8.005037546157837,1.5950564033976176,-0.657116463375865,-2.2521728667734826,-0.28134444764152966,timeout,-0.0013407152298936828,-0.051340715229893676,1453
hand_friction_sweep_joint15_joint_4_4_20260811_164227.csv,9,15,joint_4_4,1,0.05,0.05,8.001922845840454,-1.6009905228543984,0.2316051917396475,1.832595714594046,0.22901941819479835,timeout,0.00012935556854102163,0.050129355568540986,1451
hand_friction_sweep_joint15_joint_4_4_20260811_164227.csv,10,15,joint_4_4,-1,0.05,-0.05,8.001051187515259,1.5938346729212216,-0.6448991586119047,-2.238733831533126,-0.2798049630061633,timeout,-0.0013502287772110255,-0.05135022877721103,1449
hand_friction_sweep_joint15_joint_4_4_20260811_164227.csv,11,15,joint_4_4,1,0.05,0.05,8.00004768371582,-1.6006414570039995,0.2661627109291352,1.8668041679331346,0.23334913012244088,timeout,0.00010305742116282122,0.05010305742116278,1446
hand_friction_sweep_joint15_joint_4_4_20260811_164227.csv,12,15,joint_4_4,-1,0.05,-0.05,7.999871730804443,1.5947073375472187,-0.6234316088123745,-2.218138946359593,-0.27727181397401524,timeout,-0.0013741000874665454,-0.05137410008746654,1450
hand_friction_sweep_joint15_joint_4_4_20260811_164227.csv,13,15,joint_4_4,1,0.05,0.05,7.999946355819702,-1.5994197265276031,0.1511455132227089,1.750565239750312,0.21882212228546163,timeout,0.00014096101493705132,0.05014096101493701,1456
hand_friction_sweep_joint15_joint_4_4_20260811_164227.csv,14,15,joint_4_4,-1,0.05,-0.05,8.000043630599976,1.5966271997244126,-0.6253514709895682,-2.221978670713981,-0.2777458190621568,timeout,-0.0013710407922026156,-0.051371040792202616,1446
hand_friction_sweep_joint15_joint_4_4_20260811_164227.csv,15,15,joint_4_4,1,0.05,0.05,8.005212306976318,-1.6051793130591847,0.26162485487395,1.8668041679331346,0.2331985831664036,timeout,9.035234437973495e-05,0.05009035234437969,1455
hand_friction_sweep_joint15_joint_4_4_20260811_164227.csv,16,15,joint_4_4,-1,0.05,-0.05,8.001282453536987,1.591565744893629,-0.627271333166762,-2.2188370780603908,-0.2773101800798881,timeout,-0.0013706986059774638,-0.051370698605977455,1450
hand_friction_sweep_joint15_joint_4_4_20260811_164227.csv,17,15,joint_4_4,1,0.05,0.05,8.004791736602783,-1.6067501093859795,0.2539454061651749,1.8606955155511544,0.23244771091831423,timeout,9.856179033143449e-05,0.0500985617903314,1449
hand_friction_sweep_joint15_joint_4_4_20260811_164227.csv,18,15,joint_4_4,-1,0.05,-0.05,8.004919052124023,1.5962781338740135,-0.6330309196983432,-2.229309053572357,-0.27849239187257396,timeout,-0.001362061099037513,-0.05136206109903751,1435
hand_friction_sweep_joint15_joint_4_4_20260811_164227.csv,19,15,joint_4_4,1,0.05,0.05,8.004321575164795,-1.603259450881991,0.2443460952792061,1.847605546161197,0.23082600178056417,timeout,0.00010324141845294932,0.050103241418452904,1448
hand_friction_sweep_joint15_joint_4_4_20260811_164227.csv,20,15,joint_4_4,-1,0.05,-0.05,8.001397132873535,1.59435827169682,-0.6365215782023319,-2.230879849899152,-0.2788112891851898,timeout,-0.0013587692277252793,-0.051358769227725275,1448
hand_friction_sweep_joint15_joint_4_4_20260811_164227.csv,21,15,joint_4_4,1,0.1,0.1,4.341730833053589,-1.602910385031592,1.488765851951163,3.091676236982755,0.7120838107802145,upper_limit,-0.000700919148166865,0.09929908085183309,794
hand_friction_sweep_joint15_joint_4_4_20260811_164227.csv,22,15,joint_4_4,-1,0.1,-0.1,3.915903329849243,1.5283848259714343,-1.484751594671576,-3.0131364206430105,-0.7694613903451524,lower_limit,-0.0006381684938812548,-0.10063816849388121,716
hand_friction_sweep_joint15_joint_4_4_20260811_164227.csv,23,15,joint_4_4,1,0.1,0.1,4.232977390289307,-1.5138985931798814,1.4873695885495677,3.001268181729449,0.7090206029955488,upper_limit,-0.0007573091107480863,0.09924269088925185,774
hand_friction_sweep_joint15_joint_4_4_20260811_164227.csv,24,15,joint_4_4,-1,0.1,-0.1,3.91608738899231,1.512153263927887,-1.485973325147972,-2.9981265890758593,-0.7655923607586651,lower_limit,-0.0006335963287877676,-0.10063359632878772,716
hand_friction_sweep_joint15_joint_4_4_20260811_164227.csv,25,15,joint_4_4,1,0.1,0.1,4.237090587615967,-1.5273376284202376,1.4861478580731715,3.0134854864934093,0.7112157326305764,upper_limit,-0.000745635600622117,0.09925436439937782,774
hand_friction_sweep_joint15_joint_4_4_20260811_164227.csv,26,15,joint_4_4,-1,0.1,-0.1,3.926356554031371,1.5107570005262916,-1.486322390998371,-2.9970793915246627,-0.7633232871954594,lower_limit,-0.000623154639112641,-0.1006231546391126,718
hand_friction_sweep_joint15_joint_4_4_20260811_164227.csv,27,15,joint_4_4,1,0.1,0.1,4.229541778564453,-1.51738925168387,1.4896385165771602,3.0070277682610302,0.710958284772315,upper_limit,-0.0007539046481430926,0.09924609535185686,774
hand_friction_sweep_joint15_joint_4_4_20260811_164227.csv,28,15,joint_4_4,-1,0.1,-0.1,3.926949977874756,1.5159929882822745,-1.486322390998371,-3.0023153792806454,-0.7645412842527427,lower_limit,-0.0006275264515663453,-0.10062752645156631,718
hand_friction_sweep_joint15_joint_4_4_20260811_164227.csv,29,15,joint_4_4,1,0.1,0.1,4.2435142993927,-1.5151203236562774,1.4877186543999663,3.0028389780562437,0.7076302249025029,upper_limit,-0.0007528539220385866,0.09924714607796135,776
hand_friction_sweep_joint15_joint_4_4_20260811_164227.csv,30,15,joint_4_4,-1,0.1,-0.1,3.9347009658813477,1.5114551322270893,-1.4913838458291544,-3.0028389780562437,-0.7631682824424313,lower_limit,-0.0006257803661468128,-0.10062578036614679,720
hand_friction_sweep_joint15_joint_4_4_20260811_164227.csv,31,15,joint_4_4,1,0.1,0.1,4.24281644821167,-1.52349790406585,1.4861478580731715,3.0096457621390216,0.7093509226418633,upper_limit,-0.0007515724202986634,0.09924842757970127,776
hand_friction_sweep_joint15_joint_4_4_20260811_164227.csv,32,15,joint_4_4,-1,0.1,-0.1,3.9180030822753906,1.5111060663766904,-1.4889403848763625,-3.000046451253053,-0.7657080375523257,lower_limit,-0.0006278668739733868,-0.10062786687397338,716
hand_friction_sweep_joint15_joint_4_4_20260811_164227.csv,33,15,joint_4_4,1,0.1,0.1,4.246561050415039,-1.5212289760382576,1.488416786100764,3.0096457621390216,0.7087254195591685,upper_limit,-0.0007556840111203634,0.09924431598887959,778
hand_friction_sweep_joint15_joint_4_4_20260811_164227.csv,34,15,joint_4_4,-1,0.1,-0.1,3.924079179763794,1.5140731261050808,-1.484402528821177,-2.998475654926258,-0.7641221080321698,lower_limit,-0.0006313087766668415,-0.10063130877666684,718
hand_friction_sweep_joint15_joint_4_4_20260811_164227.csv,35,15,joint_4_4,1,0.1,0.1,4.264607906341554,-1.5112805993018898,1.485798792222773,2.9970793915246627,0.7027795889671237,upper_limit,-0.0007569849832135134,0.09924301501678644,780
hand_friction_sweep_joint15_joint_4_4_20260811_164227.csv,36,15,joint_4_4,-1,0.1,-0.1,3.927121639251709,1.5126768627034852,-1.486322390998371,-2.9989992537018564,-0.7636634484979433,lower_limit,-0.0006314298528473516,-0.10063142985284734,718
hand_friction_sweep_joint15_joint_4_4_20260811_164227.csv,37,15,joint_4_4,1,0.1,0.1,4.244166374206543,-1.5100588688254937,1.489289450726761,2.999348319552255,0.7066990440762327,upper_limit,-0.0007563699867516187,0.09924363001324832,776
hand_friction_sweep_joint15_joint_4_4_20260811_164227.csv,38,15,joint_4_4,-1,0.1,-0.1,3.938723087310791,1.5159929882822745,-1.4889403848763625,-3.0049333731586367,-0.7629206995636472,lower_limit,-0.0006280886218240938,-0.10062808862182408,720
hand_friction_sweep_joint15_joint_4_4_20260811_164227.csv,39,15,joint_4_4,1,0.1,0.1,4.234394073486328,-1.5135495273294823,1.4854497263723738,2.9989992537018564,0.7082475560033724,upper_limit,-0.0007491665112886176,0.09925083348871133,774
hand_friction_sweep_joint15_joint_4_4_20260811_164227.csv,40,15,joint_4_4,-1,0.1,-0.1,3.9303457736969,1.5152948565814768,-1.4837043971203794,-2.9989992537018564,-0.763037001419085,lower_limit,-0.0006289004268987057,-0.10062890042689868,718
hand_friction_sweep_joint15_joint_4_4_20260811_164227.csv,41,15,joint_4_4,1,0.15,0.15,2.4374279975891113,-1.5100588688254937,1.4838789300455788,2.9939377988710723,1.228318457748254,upper_limit,-0.0006844209821172633,0.1493155790178827,446
hand_friction_sweep_joint15_joint_4_4_20260811_164227.csv,42,15,joint_4_4,-1,0.15,-0.15,2.369898796081543,1.5283848259714343,-1.492081977529952,-3.020466803501386,-1.274512991227942,lower_limit,-0.0006730924535440953,-0.15067309245354407,434
hand_friction_sweep_joint15_joint_4_4_20260811_164227.csv,43,15,joint_4_4,1,0.15,0.15,2.468430519104004,-1.548456112369369,1.4938273067819463,3.0422834191513153,1.232476829145513,upper_limit,-0.0006591365195022977,0.14934086348049766,452
hand_friction_sweep_joint15_joint_4_4_20260811_164227.csv,44,15,joint_4_4,-1,0.15,-0.15,2.372933387756347,1.5390313344085995,-1.493652773856747,-3.0326841082653466,-1.2780317070479614,lower_limit,-0.00067599074836219,-0.15067599074836216,434
hand_friction_sweep_joint15_joint_4_4_20260811_164227.csv,45,15,joint_4_4,1,0.15,0.15,2.4600608348846436,-1.547234381892973,1.4896385165771602,3.036872898470133,1.2344706502400529,upper_limit,-0.0006610187207532574,0.14933898127924666,450
hand_friction_sweep_joint15_joint_4_4_20260811_164227.csv,46,15,joint_4_4,-1,0.15,-0.15,2.3624789714813232,1.537984136857403,-1.4917329116795532,-3.0297170485369564,-1.2824313295949725,lower_limit,-0.000677706961829984,-0.15067770696182997,432
hand_friction_sweep_joint15_joint_4_4_20260811_164227.csv,47,15,joint_4_4,1,0.15,0.15,2.4594364166259766,-1.5461871843417765,1.488765851951163,3.0349530362929396,1.2340034553349,upper_limit,-0.0006560389205331068,0.14934396107946682,450
hand_friction_sweep_joint15_joint_4_4_20260811_164227.csv,48,15,joint_4_4,-1,0.15,-0.15,2.367884397506714,1.537111472231406,-1.4966198335851375,-3.0337313058165436,-1.2811990775440472,lower_limit,-0.000671970192620774,-0.15067197019262074,434
hand_friction_sweep_joint15_joint_4_4_20260811_164227.csv,49,15,joint_4_4,1,0.15,0.15,2.470203399658203,-1.5458381184913774,1.5002850250143256,3.046123143505703,1.233146689024551,upper_limit,-0.0006581414086498217,0.1493418585913501,452
hand_friction_sweep_joint15_joint_4_4_20260811_164227.csv,50,15,joint_4_4,-1,0.15,-0.15,2.3593475818634033,1.5470598489677736,-1.4856242592975732,-3.0326841082653466,-1.2853909833285966,lower_limit,-0.0006868288780853731,-0.15068682887808538,432
hand_friction_sweep_joint15_joint_4_4_20260811_164227.csv,51,15,joint_4_4,1,0.15,0.15,2.449359655380249,-1.540776663660594,1.4845770617463765,3.0253537254069705,1.235161083331105,upper_limit,-0.0006614437559098896,0.14933855624409004,448
hand_friction_sweep_joint15_joint_4_4_20260811_164227.csv,52,15,joint_4_4,-1,0.15,-0.15,2.3523988723754883,1.532573616176221,-1.4837043971203794,-3.0162780132966,-1.2822136792859098,lower_limit,-0.0006829891074481627,-0.15068298910744812,430
hand_friction_sweep_joint15_joint_4_4_20260811_164227.csv,53,15,joint_4_4,1,0.15,0.15,2.449607372283936,-1.533969879577816,1.4915583787543538,3.02552825833217,1.2351074268327595,upper_limit,-0.0006673916108868968,0.14933260838911305,448
hand_friction_sweep_joint15_joint_4_4_20260811_164227.csv,54,15,joint_4_4,-1,0.15,-0.15,2.36051869392395,1.536762406381007,-1.4878931873251655,-3.0246555937061723,-1.281352103455792,lower_limit,-0.0006851373913871887,-0.15068513739138717,432
hand_friction_sweep_joint15_joint_4_4_20260811_164227.csv,55,15,joint_4_4,1,0.15,0.15,2.452062129974365,-1.5385077356330012,1.4868459897739692,3.0253537254069705,1.2337997836288916,upper_limit,-0.0006641212530809875,0.14933587874691895,448
hand_friction_sweep_joint15_joint_4_4_20260811_164227.csv,56,15,joint_4_4,-1,0.15,-0.15,2.360466480255127,1.535540675904611,-1.494001839707146,-3.029542515611757,-1.2834507674450493,lower_limit,-0.0006746350009119252,-0.15067463500091186,432
hand_friction_sweep_joint15_joint_4_4_20260811_164227.csv,57,15,joint_4_4,1,0.15,0.15,2.458966016769409,-1.5400785319597965,1.497667031136334,3.0377455630961308,1.235375170856213,upper_limit,-0.0006667734815085878,0.14933322651849135,450
hand_friction_sweep_joint15_joint_4_4_20260811_164227.csv,58,15,joint_4_4,-1,0.15,-0.15,2.3612930774688725,1.544441855089782,-1.4885913190259634,-3.0330331741157455,-1.2844797636754721,lower_limit,-0.0006846896830989842,-0.15068468968309895,432
hand_friction_sweep_joint15_joint_4_4_20260811_164227.csv,59,15,joint_4_4,1,0.15,0.15,2.461587905883789,-1.5538666330505515,1.4906857141283567,3.044552347178908,1.2368245472370472,upper_limit,-0.0006544491991919579,0.149345550800808,450
hand_friction_sweep_joint15_joint_4_4_20260811_164227.csv,60,15,joint_4_4,-1,0.15,-0.15,2.362800359725952,1.5421729270621891,-1.4898130495023596,-3.031985976564549,-1.2832171639402543,lower_limit,-0.0006829022255273033,-0.15068290222552727,432
hand_friction_sweep_joint15_joint_4_4_20260811_164227.csv,61,15,joint_4_4,1,0.2,0.2,1.7255122661590576,-1.5461871843417765,1.4919074446047529,3.0380946289465296,1.7606914123590927,upper_limit,-0.0006122464493130052,0.19938775355068697,316
hand_friction_sweep_joint15_joint_4_4_20260811_164227.csv,62,15,joint_4_4,-1,0.2,-0.2,1.6910245418548584,1.5678292670665062,-1.484402528821177,-3.0522317958876832,-1.8049600820930356,lower_limit,-0.0007246078298469008,-0.20072460782984686,310
hand_friction_sweep_joint15_joint_4_4_20260811_164227.csv,63,15,joint_4_4,1,0.2,0.2,1.7348666191101074,-1.5596262195821329,1.504124749368713,3.063750968950846,1.7659864655891437,upper_limit,-0.0006106132317610832,0.1993893867682389,318
hand_friction_sweep_joint15_joint_4_4_20260811_164227.csv,64,15,joint_4_4,-1,0.2,-0.2,1.7010319232940674,1.568178332916905,-1.4913838458291544,-3.0595621787460594,-1.798650652494036,lower_limit,-0.0007194718825489361,-0.2007194718825489,312
hand_friction_sweep_joint15_joint_4_4_20260811_164227.csv,65,15,joint_4_4,1,0.2,0.2,1.735985517501831,-1.564164075637318,1.5002850250143256,3.0644491006516437,1.7652503835755136,upper_limit,-0.0005978441611447896,0.19940215583885515,318
hand_friction_sweep_joint15_joint_4_4_20260811_164227.csv,66,15,joint_4_4,-1,0.2,-0.2,1.7031180858612058,1.5716689914208937,-1.500459557939525,-3.0721285493604187,-1.8038259207416927,lower_limit,-0.000708614335885644,-0.20070861433588563,312
hand_friction_sweep_joint15_joint_4_4_20260811_164227.csv,67,15,joint_4_4,1,0.2,0.2,1.7369236946105957,-1.5783012425784722,1.4973179652859352,3.075619207864407,1.7707278779186302,upper_limit,-0.0005830107408397056,0.19941698925916027,318
hand_friction_sweep_joint15_joint_4_4_20260811_164227.csv,68,15,joint_4_4,-1,0.2,-0.2,1.6923506259918213,1.569050997542902,-1.484751594671576,-3.0538025922144776,-1.8044739342503342,lower_limit,-0.0007218723205069195,-0.2007218723205069,310
hand_friction_sweep_joint15_joint_4_4_20260811_164227.csv,69,15,joint_4_4,1,0.2,0.2,1.7350399494171143,-1.5603243512829306,1.496445300659938,3.0567696519428686,1.7617863225395984,upper_limit,-0.0005998824081912437,0.19940011759180873,318
hand_friction_sweep_joint15_joint_4_4_20260811_164227.csv,70,15,joint_4_4,-1,0.2,-0.2,1.689450740814209,1.569050997542902,-1.4898130495023596,-3.0588640470452617,-1.8105671702337303,lower_limit,-0.0007236394963274382,-0.2007236394963274,310
hand_friction_sweep_joint15_joint_4_4_20260811_164227.csv,71,15,joint_4_4,1,0.2,0.2,1.7260785102844238,-1.562593279310523,1.4945254384827442,3.0571187177932675,1.7711353797513616,upper_limit,-0.0006013560923233706,0.1993986439076766,316
hand_friction_sweep_joint15_joint_4_4_20260811_164227.csv,72,15,joint_4_4,-1,0.2,-0.2,1.6919026374816892,1.5662584707397111,-1.484751594671576,-3.051010065411287,-1.8033012052942714,lower_limit,-0.0007197792263655519,-0.20071977922636552,310
hand_friction_sweep_joint15_joint_4_4_20260811_164227.csv,73,15,joint_4_4,1,0.2,0.2,1.7344765663146973,-1.5657348719641129,1.507266342022303,3.073001213986416,1.7717167666990903,upper_limit,-0.0006018104338703446,0.1993981895661296,318
hand_friction_sweep_joint15_joint_4_4_20260811_164227.csv,74,15,joint_4_4,-1,0.2,-0.2,1.6924018859863281,1.5824900327832585,-1.4851006605219748,-3.0675906933052333,-1.8125663405990877,lower_limit,-0.0007327608966271051,-0.2007327608966271,310
hand_friction_sweep_joint15_joint_4_4_20260811_164227.csv,75,15,joint_4_4,1,0.2,0.2,1.72637939453125,-1.5622442134601242,1.499586893313528,3.061831106773652,1.773556332097561,upper_limit,-0.0005968942181179962,0.19940310578188195,316
hand_friction_sweep_joint15_joint_4_4_20260811_164227.csv,76,15,joint_4_4,-1,0.2,-0.2,1.6956303119659424,1.5720180572712923,-1.4913838458291544,-3.0634019031004467,-1.8066449281321746,lower_limit,-0.0007151955301718693,-0.2007151955301719,310
hand_friction_sweep_joint15_joint_4_4_20260811_164227.csv,77,15,joint_4_4,1,0.2,0.2,1.7348706722259521,-1.573414320672888,1.504124749368713,3.0775390700416008,1.77392996452751,upper_limit,-0.0005955086279138045,0.19940449137208613,318
hand_friction_sweep_joint15_joint_4_4_20260811_164227.csv,78,15,joint_4_4,-1,0.2,-0.2,1.704512357711792,1.5789993742792698,-1.5077899407979012,-3.086789315077171,-1.8109515610793252,lower_limit,-0.0007076458778418284,-0.20070764587784182,312
hand_friction_sweep_joint15_joint_4_4_20260811_164227.csv,79,15,joint_4_4,1,0.2,0.2,1.7359125614166258,-1.5837117632596545,1.49888876161273,3.0826005248723845,1.7757809888516316,upper_limit,-0.0005774818760688102,0.19942251812393114,318
hand_friction_sweep_joint15_joint_4_4_20260811_164227.csv,80,15,joint_4_4,-1,0.2,-0.2,1.6913731098175049,1.570970859720096,-1.4901621153527584,-3.061132975072854,-1.8098507995099573,lower_limit,-0.000720653099897691,-0.2007206530998977,310
hand_friction_sweep_joint15_joint_4_4_20260811_164227.csv,81,15,joint_4_4,1,0.25,0.25,1.3417510986328127,-1.5680037999917056,1.504473815219112,3.0724776152108175,2.289901322489351,upper_limit,-0.0005613762363785817,0.24943862376362136,246
hand_friction_sweep_joint15_joint_4_4_20260811_164227.csv,82,15,joint_4_4,-1,0.25,-0.25,1.332371473312378,1.591565744893629,-1.5023794201167189,-3.0939451650103478,-2.3221340496870306,lower_limit,-0.0007297192567854046,-0.2507297192567854,244
hand_friction_sweep_joint15_joint_4_4_20260811_164227.csv,83,15,joint_4_4,1,0.25,0.25,1.3530375957489014,-1.604481181358387,1.499586893313528,3.1040680746719147,2.294147689927141,upper_limit,-0.0005289551286981579,0.2494710448713018,248
hand_friction_sweep_joint15_joint_4_4_20260811_164227.csv,84,15,joint_4_4,-1,0.25,-0.25,1.3303632736206057,1.5934856070708228,-1.5100588688254937,-3.1035444758963164,-2.3328548956782074,lower_limit,-0.0007294241793925957,-0.2507294241793926,244
hand_friction_sweep_joint15_joint_4_4_20260811_164227.csv,85,15,joint_4_4,1,0.25,0.25,1.3530068397521973,-1.6055283789095836,1.5011576896403227,3.106686068549906,2.2961347845949502,upper_limit,-0.0005346349008103462,0.24946536509918962,248
hand_friction_sweep_joint15_joint_4_4_20260811_164227.csv,86,15,joint_4_4,-1,0.25,-0.25,1.321303129196167,1.591565744893629,-1.4837043971203794,-3.0752701420140083,-2.327452402148545,lower_limit,-0.0007433190754887374,-0.2507433190754887,242
hand_friction_sweep_joint15_joint_4_4_20260811_164227.csv,87,15,joint_4_4,1,0.25,0.25,1.3402485847473145,-1.5917402778188283,1.4854497263723738,3.077190004191202,2.295984520492043,upper_limit,-0.0005355859571242427,0.2494644140428757,246
hand_friction_sweep_joint15_joint_4_4_20260811_164227.csv,88,15,joint_4_4,-1,0.25,-0.25,1.3205440044403076,1.574286985298885,-1.499761426238727,-3.0740484115376123,-2.3278651837433473,lower_limit,-0.0007320083190242901,-0.25073200831902426,242
hand_friction_sweep_joint15_joint_4_4_20260811_164227.csv,89,15,joint_4_4,1,0.25,0.25,1.3444337844848633,-1.5997687923780024,1.497667031136334,3.0974358235143367,2.303896152610564,upper_limit,-0.0005310606844328207,0.24946893931556713,247
hand_friction_sweep_joint15_joint_4_4_20260811_164227.csv,90,15,joint_4_4,-1,0.25,-0.25,1.3293838500976562,1.5889477510156376,-1.5048228810695108,-3.0937706320851484,-2.327221465687191,lower_limit,-0.0007350009565087869,-0.25073500095650875,244
hand_friction_sweep_joint15_joint_4_4_20260811_164227.csv,91,15,joint_4_4,1,0.25,0.25,1.3544533252716064,-1.6022122533307943,1.505695545695508,3.107907799026302,2.2945846424077243,upper_limit,-0.0005359600257495524,0.2494640399742504,248
hand_friction_sweep_joint15_joint_4_4_20260811_164227.csv,92,15,joint_4_4,-1,0.25,-0.25,1.3193333148956297,1.592787475370025,-1.4882422531755646,-3.0810297285455897,-2.335292904196333,lower_limit,-0.0007485272585283412,-0.2507485272585283,242
hand_friction_sweep_joint15_joint_4_4_20260811_164227.csv,93,15,joint_4_4,1,0.25,0.25,1.343388080596924,-1.5933110741456231,1.485798792222773,3.079109866368396,2.29204792780372,upper_limit,-0.0005369874186916381,0.24946301258130832,246
hand_friction_sweep_joint15_joint_4_4_20260811_164227.csv,94,15,joint_4_4,-1,0.25,-0.25,1.3292019367218018,1.5950564033976176,-1.5100588688254937,-3.1051152722231112,-2.336074893090532,lower_limit,-0.000728775361826036,-0.25072877536182603,244
hand_friction_sweep_joint15_joint_4_4_20260811_164227.csv,95,15,joint_4_4,1,0.25,0.25,1.3535492420196533,-1.6022122533307943,1.4992378274631288,3.1014500807939234,2.291346324546123,upper_limit,-0.0005363978798151435,0.24946360212018479,248
hand_friction_sweep_joint15_joint_4_4_20260811_164227.csv,96,15,joint_4_4,-1,0.25,-0.25,1.3307373523712158,1.5896458827164353,-1.5062191444711062,-3.0958650271875414,-2.3264282930595415,lower_limit,-0.0007310143895969337,-0.25073101438959694,244
hand_friction_sweep_joint15_joint_4_4_20260811_164227.csv,97,15,joint_4_4,1,0.25,0.25,1.3515427112579346,-1.604830247208786,1.5030775518175166,3.107907799026303,2.2995261438194947,upper_limit,-0.0005320143975996455,0.24946798560240036,248
hand_friction_sweep_joint15_joint_4_4_20260811_164227.csv,98,15,joint_4_4,-1,0.25,-0.25,1.3290088176727295,1.5919148107440275,-1.505870078620707,-3.0977848893647346,-2.330898672884177,lower_limit,-0.0007295035328302425,-0.25072950353283024,244
hand_friction_sweep_joint15_joint_4_4_20260811_164227.csv,99,15,joint_4_4,1,0.25,0.25,1.3438260555267334,-1.6064010435355809,1.4854497263723738,3.0918507699079547,2.300781977840172,upper_limit,-0.0005259662037056921,0.24947403379629426,246
hand_friction_sweep_joint15_joint_4_4_20260811_164227.csv,100,15,joint_4_4,-1,0.25,-0.25,1.3201038837432861,1.579348440129669,-1.502903018892317,-3.082251459021986,-2.3348552314549327,lower_limit,-0.0007356781697332267,-0.2507356781697332,242
hand_friction_sweep_joint15_joint_4_4_20260811_164227.csv,101,15,joint_4_4,1,0.3,0.3,1.1000380516052246,-1.6067501093859795,1.4934782409315477,3.1002283503175274,2.8182919179873243,upper_limit,-0.0004980118063765125,0.2995019881936234,202
hand_friction_sweep_joint15_joint_4_4_20260811_164227.csv,102,15,joint_4_4,-1,0.3,-0.3,1.0896708965301514,1.5919148107440275,-1.5180873833846678,-3.110002194128695,-2.854074752323754,lower_limit,-0.0007421893627466508,-0.3007421893627466,200
hand_friction_sweep_joint15_joint_4_4_20260811_164227.csv,103,15,joint_4_4,1,0.3,0.3,1.1012485027313232,-1.5997687923780024,1.496445300659938,3.0962140930379407,2.811548969518407,upper_limit,-0.0004948859402200016,0.29950511405978,202
hand_friction_sweep_joint15_joint_4_4_20260811_164227.csv,104,15,joint_4_4,-1,0.3,-0.3,1.0916907787322998,1.5969762655748114,-1.5128513956286846,-3.109827661203496,-2.848634175342866,lower_limit,-0.0007384780914684517,-0.3007384780914684,200
hand_friction_sweep_joint15_joint_4_4_20260811_164227.csv,105,15,joint_4_4,1,0.3,0.3,1.1089260578155518,-1.604481181358387,1.5083135395734997,3.1127947209318867,2.807035418631708,upper_limit,-0.0005068216106005394,0.29949317838939943,204
hand_friction_sweep_joint15_joint_4_4_20260811_164227.csv,106,15,joint_4_4,-1,0.3,-0.3,1.0891907215118408,1.5981979960512074,-1.501332222565522,-3.0995302186167293,-2.8457185297304552,lower_limit,-0.0007486553449952857,-0.3007486553449953,200
hand_friction_sweep_joint15_joint_4_4_20260811_164227.csv,107,15,joint_4_4,1,0.3,0.3,1.1030969619750979,-1.6022122533307943,1.506917276171904,3.1091295295026984,2.8185459997422115,upper_limit,-0.000503770926939044,0.29949622907306095,202
hand_friction_sweep_joint15_joint_4_4_20260811_164227.csv,108,15,joint_4_4,-1,0.3,-0.3,1.0792586803436277,1.59435827169682,-1.4889403848763625,-3.0832986565731826,-2.856867137349763,lower_limit,-0.0007607318661817865,-0.30076073186618174,198
hand_friction_sweep_joint15_joint_4_4_20260811_164227.csv,109,15,joint_4_4,1,0.3,0.3,1.1012656688690186,-1.60360851673239,1.4877186543999663,3.091327171132356,2.8070675936961673,upper_limit,-0.0004897909766278206,0.29951020902337216,202
hand_friction_sweep_joint15_joint_4_4_20260811_164227.csv,110,15,joint_4_4,-1,0.3,-0.3,1.0903594493865967,1.5924384095196262,-1.5055210127703085,-3.097959422289935,-2.8412276557356875,lower_limit,-0.0007545218906802869,-0.30075452189068025,200
hand_friction_sweep_joint15_joint_4_4_20260811_164227.csv,111,15,joint_4_4,1,0.3,0.3,1.1007699966430664,-1.6009905228543984,1.4934782409315477,3.094468763785946,2.8111856002824473,upper_limit,-0.000496585591486565,0.29950341440851336,202
hand_friction_sweep_joint15_joint_4_4_20260811_164227.csv,112,15,joint_4_4,-1,0.3,-0.3,1.0804116725921633,1.5954054692480164,-1.4851006605219748,-3.080506129769991,-2.8512336620532133,lower_limit,-0.0007698545765216941,-0.3007698545765216,198
hand_friction_sweep_joint15_joint_4_4_20260811_164227.csv,113,15,joint_4_4,1,0.3,0.3,1.1009976863861084,-1.6055283789095836,1.5060446115459067,3.1115729904554903,2.826139445096249,upper_limit,-0.0005056328511551674,0.2994943671488448,202
hand_friction_sweep_joint15_joint_4_4_20260811_164227.csv,114,15,joint_4_4,-1,0.3,-0.3,1.088456392288208,1.59435827169682,-1.5151203236562774,-3.1094785953530977,-2.856778293906837,lower_limit,-0.0007412728863688786,-0.30074127288636887,200
hand_friction_sweep_joint15_joint_4_4_20260811_164227.csv,115,15,joint_4_4,1,0.3,0.3,1.1006240844726562,-1.600292391153601,1.504124749368713,3.104417140522314,2.8205971360419015,upper_limit,-0.00050686831887268,0.29949313168112723,202
hand_friction_sweep_joint15_joint_4_4_20260811_164227.csv,116,15,joint_4_4,-1,0.3,-0.3,1.0852906703948975,1.5892968168660364,-1.494001839707146,-3.0832986565731826,-2.840988815882185,lower_limit,-0.0007517029047646028,-0.30075170290476455,200
hand_friction_sweep_joint15_joint_4_4_20260811_164227.csv,117,15,joint_4_4,1,0.3,0.3,1.099757194519043,-1.604481181358387,1.495398103108741,3.099879284467128,2.8186942535282062,upper_limit,-0.000499235464294551,0.2995007645357054,202
hand_friction_sweep_joint15_joint_4_4_20260811_164227.csv,118,15,joint_4_4,-1,0.3,-0.3,1.0907514095306396,1.5908676131928312,-1.5097098029750948,-3.1005774161679263,-2.842606838804942,lower_limit,-0.0007449024715507693,-0.3007449024715508,200
hand_friction_sweep_joint15_joint_4_4_20260811_164227.csv,119,15,joint_4_4,1,0.3,0.3,1.0998780727386475,-1.602910385031592,1.4922565104551515,3.0951668954867433,2.814100009994667,upper_limit,-0.0004933778965892638,0.29950662210341067,202
hand_friction_sweep_joint15_joint_4_4_20260811_164227.csv,120,15,joint_4_4,-1,0.3,-0.3,1.0905919075012207,1.5924384095196262,-1.5132004614790835,-3.1056388709987095,-2.8476635940884547,lower_limit,-0.0007451066715195597,-0.30074510667151955,200
hand_friction_sweep_joint16_joint_5_1_20260811_143454.csv,1,16,joint_5_1,1,0.05,0.05,5.01482653617859,0.0148352986419518,0.9091420073638462,0.8943067087218944,0.17833253099984117,q_not_changing,0.0,0.05000000000000001,920
hand_friction_sweep_joint16_joint_5_1_20260811_143454.csv,2,16,joint_5_1,-1,0.05,-0.05,7.44028902053833,1.7378243362107535,0.1202531854624092,-1.6175711507483443,-0.2174070316735233,q_not_changing,0.0,-0.04999999999999999,1365
hand_friction_sweep_joint16_joint_5_1_20260811_143454.csv,3,16,joint_5_1,1,0.05,0.05,6.834859848022461,-0.0008726646259971,1.2676326357234815,1.2685053003494786,0.1855934618346998,q_not_changing,0.0,0.049999999999999996,1253
hand_friction_sweep_joint16_joint_5_1_20260811_143454.csv,4,16,joint_5_1,-1,0.05,-0.05,6.683550119400024,1.7259560972971923,0.0863937979737193,-1.639562299323473,-0.24531308511690414,lower_limit,0.0,-0.049999999999999996,1229
hand_friction_sweep_joint16_joint_5_1_20260811_143454.csv,5,16,joint_5_1,1,0.05,0.05,6.229341745376587,0.0888372589265113,1.2672835698730829,1.1784463109465715,0.18917669941951948,q_not_changing,0.0,0.049999999999999996,1144
hand_friction_sweep_joint16_joint_5_1_20260811_143454.csv,6,16,joint_5_1,-1,0.05,-0.05,6.70975923538208,1.7102481340292432,0.0860447321233204,-1.6242034019059228,-0.24206582455911838,lower_limit,0.0,-0.049999999999999996,1233
hand_friction_sweep_joint16_joint_5_1_20260811_143454.csv,7,16,joint_5_1,1,0.05,0.05,6.840463876724243,0.0860447321233204,1.3765411810479276,1.2904964489246071,0.18865627714455518,q_not_changing,0.0,0.049999999999999996,1257
hand_friction_sweep_joint16_joint_5_1_20260811_143454.csv,8,16,joint_5_1,-1,0.05,-0.05,6.60537314414978,1.713738792533232,0.0869173967493176,-1.6268213957839144,-0.24628758440766527,lower_limit,0.0,-0.049999999999999996,1213
hand_friction_sweep_joint16_joint_5_1_20260811_143454.csv,9,16,joint_5_1,1,0.05,0.05,6.837235689163208,0.0825540736193317,1.414589358741404,1.3320352851220723,0.19482073540821535,q_not_changing,0.0,0.049999999999999996,1255
hand_friction_sweep_joint16_joint_5_1_20260811_143454.csv,10,16,joint_5_1,-1,0.05,-0.05,6.859555006027222,1.7245598338955967,0.0869173967493176,-1.6376424371462792,-0.23873887383472356,lower_limit,0.0,-0.04999999999999999,1259
hand_friction_sweep_joint16_joint_5_1_20260811_143454.csv,11,16,joint_5_1,1,0.05,0.05,6.835026502609253,0.0876155284501153,1.4254104001037688,1.3377948716536536,0.19572636201819466,q_not_changing,0.0,0.049999999999999996,1255
hand_friction_sweep_joint16_joint_5_1_20260811_143454.csv,12,16,joint_5_1,-1,0.05,-0.05,6.594399929046631,1.702917751170867,0.0869173967493176,-1.6160003544215495,-0.24505646788322388,lower_limit,0.0,-0.049999999999999996,1211
hand_friction_sweep_joint16_joint_5_1_20260811_143454.csv,13,16,joint_5_1,1,0.05,0.05,6.835757255554199,0.08307767239493,1.4257594659541677,1.3426817935592377,0.19642034428128352,q_not_changing,0.0,0.04999999999999999,1256
hand_friction_sweep_joint16_joint_5_1_20260811_143454.csv,14,16,joint_5_1,-1,0.05,-0.05,6.529210329055786,1.7041394816472633,0.0872664625997164,-1.6168730190475469,-0.24763684083697898,lower_limit,0.0,-0.04999999999999999,1199
hand_friction_sweep_joint16_joint_5_1_20260811_143454.csv,15,16,joint_5_1,1,0.05,0.05,7.441614627838135,0.0853466004225227,1.4248868013281706,1.3395402009056478,0.18000666090590048,q_not_changing,0.0,0.049999999999999996,1367
hand_friction_sweep_joint16_joint_5_1_20260811_143454.csv,16,16,joint_5_1,-1,0.05,-0.05,6.83128571510315,1.738347934986352,0.0869173967493176,-1.6514305382370345,-0.24174520099282634,lower_limit,0.0,-0.049999999999999996,1255
hand_friction_sweep_joint16_joint_5_1_20260811_143454.csv,17,16,joint_5_1,1,0.05,0.05,6.836275100708008,-0.0015707963267948,1.4254104001037688,1.4269811964305636,0.20873665489014281,q_not_changing,0.0,0.04999999999999999,1254
hand_friction_sweep_joint16_joint_5_1_20260811_143454.csv,18,16,joint_5_1,-1,0.05,-0.05,6.77938437461853,1.73904606668715,0.0872664625997164,-1.6517796040874335,-0.24364743357399288,lower_limit,0.0,-0.049999999999999996,1247
hand_friction_sweep_joint16_joint_5_1_20260811_143454.csv,19,16,joint_5_1,1,0.05,0.05,6.835696458816528,0.0849975345721238,1.4261085318045663,1.3411109972324424,0.19619229807998678,q_not_changing,0.0,0.049999999999999996,1258
hand_friction_sweep_joint16_joint_5_1_20260811_143454.csv,20,16,joint_5_1,-1,0.05,-0.05,6.747181177139283,1.719847444915212,0.0869173967493176,-1.6329300481658944,-0.24201662965544307,lower_limit,0.0,-0.049999999999999996,1241
hand_friction_sweep_joint16_joint_5_1_20260811_143454.csv,21,16,joint_5_1,1,0.1,0.1,1.9642503261566162,-0.0061086523819801,1.5760323145508794,1.5821409669328594,0.8054680942976258,upper_limit,0.0,0.09999999999999999,363
hand_friction_sweep_joint16_joint_5_1_20260811_143454.csv,22,16,joint_5_1,-1,0.1,-0.1,1.869550943374634,1.60360851673239,0.0802851455917391,-1.5233233711406509,-0.8148070939382775,lower_limit,0.0,-0.09999999999999998,344
hand_friction_sweep_joint16_joint_5_1_20260811_143454.csv,23,16,joint_5_1,1,0.1,0.1,1.9191009998321533,0.0485201532054423,1.5772540450272754,1.5287338918218332,0.7965885547219963,upper_limit,0.0,0.09999999999999998,354
hand_friction_sweep_joint16_joint_5_1_20260811_143454.csv,24,16,joint_5_1,-1,0.1,-0.1,1.8797838687896729,1.6067501093859795,0.0856956662729215,-1.521054443113058,-0.8091645366083557,lower_limit,0.0,-0.09999999999999998,346
hand_friction_sweep_joint16_joint_5_1_20260811_143454.csv,25,16,joint_5_1,1,0.1,0.1,1.9086611270904545,0.0549778714378213,1.5769049791768766,1.5219271077390553,0.7973794227470158,upper_limit,0.0,0.09999999999999999,352
hand_friction_sweep_joint16_joint_5_1_20260811_143454.csv,26,16,joint_5_1,-1,0.1,-0.1,1.8773579597473142,1.6022122533307943,0.081855941918534,-1.5203563114122602,-0.8098382642044967,lower_limit,0.0,-0.09999999999999999,347
hand_friction_sweep_joint16_joint_5_1_20260811_143454.csv,27,16,joint_5_1,1,0.1,0.1,1.911302089691162,0.0504400153826361,1.5725416560468908,1.5221016406642547,0.7963689512369044,upper_limit,0.0,0.09999999999999998,350
hand_friction_sweep_joint16_joint_5_1_20260811_143454.csv,28,16,joint_5_1,-1,0.1,-0.1,1.8771488666534424,1.601688654555196,0.0825540736193317,-1.5191345809358643,-0.8092776273222051,lower_limit,0.0,-0.09999999999999998,345
hand_friction_sweep_joint16_joint_5_1_20260811_143454.csv,29,16,joint_5_1,1,0.1,0.1,1.8972964286804201,0.0561996019142174,1.5725416560468908,1.5163420541326733,0.7992119898667059,upper_limit,0.0,0.09999999999999998,349
hand_friction_sweep_joint16_joint_5_1_20260811_143454.csv,30,16,joint_5_1,-1,0.1,-0.1,1.8692541122436523,1.601688654555196,0.0822050077689329,-1.5194836467862631,-0.8128823346347692,lower_limit,0.0,-0.09999999999999998,344
hand_friction_sweep_joint16_joint_5_1_20260811_143454.csv,31,16,joint_5_1,1,0.1,0.1,1.9299929141998289,0.0500909495322372,1.577952176728073,1.5278612271958358,0.7916408479817056,upper_limit,0.0,0.09999999999999999,353
hand_friction_sweep_joint16_joint_5_1_20260811_143454.csv,32,16,joint_5_1,-1,0.1,-0.1,1.8806593418121342,1.6041321155079882,0.0780162175641465,-1.5261158979438416,-0.8114791786126095,lower_limit,0.0,-0.09999999999999998,344
hand_friction_sweep_joint16_joint_5_1_20260811_143454.csv,33,16,joint_5_1,1,0.1,0.1,1.9161784648895264,0.0514872129338327,1.5753341828500818,1.5238469699162491,0.795253155088612,upper_limit,0.0,0.09999999999999999,347
hand_friction_sweep_joint16_joint_5_1_20260811_143454.csv,34,16,joint_5_1,-1,0.1,-0.1,1.8742434978485105,1.5990706606772045,0.0792379480405425,-1.519832712636662,-0.8109046206543146,lower_limit,0.0,-0.09999999999999998,344
hand_friction_sweep_joint16_joint_5_1_20260811_143454.csv,35,16,joint_5_1,1,0.1,0.1,1.922715425491333,0.0462512251778497,1.573414320672888,1.5271630954950381,0.7942741163085978,upper_limit,0.0,0.09999999999999999,352
hand_friction_sweep_joint16_joint_5_1_20260811_143454.csv,36,16,joint_5_1,-1,0.1,-0.1,1.8656187057495115,1.604830247208786,0.0869173967493176,-1.5179128504594686,-0.8136243733950168,lower_limit,0.0,-0.09999999999999996,342
hand_friction_sweep_joint16_joint_5_1_20260811_143454.csv,37,16,joint_5_1,1,0.1,0.1,1.9019744396209717,0.0565486677646162,1.5714944584956942,1.514945790731078,0.7965121713375805,upper_limit,0.0,0.09999999999999999,348
hand_friction_sweep_joint16_joint_5_1_20260811_143454.csv,38,16,joint_5_1,-1,0.1,-0.1,1.8658337593078613,1.5997687923780024,0.0841248699461266,-1.5156439224318758,-0.8123145563590349,lower_limit,0.0,-0.09999999999999996,342
hand_friction_sweep_joint16_joint_5_1_20260811_143454.csv,39,16,joint_5_1,1,0.1,0.1,1.904205083847046,0.057246799465414,1.571843524346093,1.514596724880679,0.7953957993961213,upper_limit,0.0,0.09999999999999999,348
hand_friction_sweep_joint16_joint_5_1_20260811_143454.csv,40,16,joint_5_1,-1,0.1,-0.1,1.8729808330535886,1.596801732649612,0.0834267382453289,-1.5133749944042831,-0.808003460418211,lower_limit,0.0,-0.09999999999999999,338
hand_friction_sweep_joint16_joint_5_1_20260811_143454.csv,41,16,joint_5_1,1,0.15,0.15,1.1553771495819092,0.0504400153826361,1.574985116999683,1.5245451016170468,1.3195215970548895,upper_limit,0.0,0.14999999999999997,212
hand_friction_sweep_joint16_joint_5_1_20260811_143454.csv,42,16,joint_5_1,-1,0.15,-0.15,1.164588451385498,1.6301375213627036,0.0776671517137476,-1.552470369648956,-1.3330635108067568,lower_limit,0.0,-0.14999999999999994,214
hand_friction_sweep_joint16_joint_5_1_20260811_143454.csv,43,16,joint_5_1,1,0.15,0.15,1.1835083961486816,0.0251327412287183,1.5852825595864497,1.5601498183577314,1.3182414450414537,upper_limit,0.0,0.14999999999999994,218
hand_friction_sweep_joint16_joint_5_1_20260811_143454.csv,44,16,joint_5_1,-1,0.15,-0.15,1.1732151508331299,1.6454964187802537,0.0863937979737193,-1.5591026208065344,-1.32891449594678,lower_limit,0.0,-0.14999999999999997,216
hand_friction_sweep_joint16_joint_5_1_20260811_143454.csv,45,16,joint_5_1,1,0.15,0.15,1.1629385948181152,0.0305432619099007,1.5711453926452954,1.5406021307353948,1.3247493355195994,upper_limit,0.0,0.14999999999999997,212
hand_friction_sweep_joint16_joint_5_1_20260811_143454.csv,46,16,joint_5_1,-1,0.15,-0.15,1.1674938201904297,1.6324064493902963,0.0834267382453289,-1.5489797111449675,-1.3267562400392952,lower_limit,0.0,-0.14999999999999997,212
hand_friction_sweep_joint16_joint_5_1_20260811_143454.csv,47,16,joint_5_1,1,0.15,0.15,1.1649558544158936,0.0277507351067098,1.5711453926452954,1.5433946575385855,1.3248524840560936,upper_limit,0.0,0.14999999999999997,212
hand_friction_sweep_joint16_joint_5_1_20260811_143454.csv,48,16,joint_5_1,-1,0.15,-0.15,1.1637635231018066,1.6259487311579173,0.0783652834145453,-1.547583447743372,-1.3298092069586105,lower_limit,0.0,-0.14999999999999994,214
hand_friction_sweep_joint16_joint_5_1_20260811_143454.csv,49,16,joint_5_1,1,0.15,0.15,1.1789660453796387,0.0254818070791172,1.581093769381663,1.5556119623025457,1.3194713863041097,upper_limit,0.0,0.14999999999999994,218
hand_friction_sweep_joint16_joint_5_1_20260811_143454.csv,50,16,joint_5_1,-1,0.15,-0.15,1.1606476306915283,1.6301375213627036,0.0834267382453289,-1.5467107831173748,-1.3326273558115354,lower_limit,0.0,-0.14999999999999994,214
hand_friction_sweep_joint16_joint_5_1_20260811_143454.csv,51,16,joint_5_1,1,0.15,0.15,1.160846471786499,0.0324631240870945,1.572192590196492,1.5397294661093974,1.3263851021916893,upper_limit,0.0,0.14999999999999994,214
hand_friction_sweep_joint16_joint_5_1_20260811_143454.csv,52,16,joint_5_1,-1,0.15,-0.15,1.1612677574157715,1.6259487311579173,0.0773180858633487,-1.5486306452945686,-1.3335689684012373,lower_limit,0.0,-0.14999999999999994,214
hand_friction_sweep_joint16_joint_5_1_20260811_143454.csv,53,16,joint_5_1,1,0.15,0.15,1.1816024780273438,0.0212930168743308,1.5859806912872472,1.5646876744129163,1.324208186348021,upper_limit,0.0,0.14999999999999994,218
hand_friction_sweep_joint16_joint_5_1_20260811_143454.csv,54,16,joint_5_1,-1,0.15,-0.15,1.173614740371704,1.6393877663982737,0.0780162175641465,-1.561371548834127,-1.3303953121273968,lower_limit,0.0,-0.14999999999999997,216
hand_friction_sweep_joint16_joint_5_1_20260811_143454.csv,55,16,joint_5_1,1,0.15,0.15,1.1807377338409424,0.025830872929516,1.586329757137646,1.56049888420813,1.3216304006240436,upper_limit,0.0,0.14999999999999994,218
hand_friction_sweep_joint16_joint_5_1_20260811_143454.csv,56,16,joint_5_1,-1,0.15,-0.15,1.1662790775299072,1.6423548261266638,0.0872664625997164,-1.5550883635269475,-1.3333758561634403,lower_limit,0.0,-0.14999999999999994,215
hand_friction_sweep_joint16_joint_5_1_20260811_143454.csv,57,16,joint_5_1,1,0.15,0.15,1.1715097427368164,0.036302848441482,1.5769049791768766,1.5406021307353945,1.3150570366886791,upper_limit,0.0,0.14999999999999997,216
hand_friction_sweep_joint16_joint_5_1_20260811_143454.csv,58,16,joint_5_1,-1,0.15,-0.15,1.1624057292938232,1.6269959287091138,0.0841248699461266,-1.5428710587629872,-1.3273085463027627,lower_limit,0.0,-0.14999999999999994,214
hand_friction_sweep_joint16_joint_5_1_20260811_143454.csv,59,16,joint_5_1,1,0.15,0.15,1.1743969917297363,0.0274016692563109,1.5814428352320615,1.5540411659757507,1.3232673252056335,upper_limit,0.0,0.14999999999999997,216
hand_friction_sweep_joint16_joint_5_1_20260811_143454.csv,60,16,joint_5_1,-1,0.15,-0.15,1.1756961345672607,1.636595239595083,0.0780162175641465,-1.5585790220309363,-1.3256648348211195,lower_limit,0.0,-0.14999999999999997,216
hand_friction_sweep_joint16_joint_5_1_20260811_143454.csv,61,16,joint_5_1,1,0.2,0.2,0.8478481769561768,0.0212930168743308,1.5756832487004806,1.5543902318261498,1.8333355830362215,upper_limit,0.0,0.19999999999999998,156
hand_friction_sweep_joint16_joint_5_1_20260811_143454.csv,62,16,joint_5_1,-1,0.2,-0.2,0.8535974025726318,1.65893545402061,0.0863937979737193,-1.5725416560468908,-1.84225215693892,lower_limit,0.0,-0.19999999999999998,156
hand_friction_sweep_joint16_joint_5_1_20260811_143454.csv,63,16,joint_5_1,1,0.2,0.2,0.8632915019989014,0.0052359877559829,1.5859806912872472,1.5807447035312643,1.8310671422933524,upper_limit,0.0,0.19999999999999996,158
hand_friction_sweep_joint16_joint_5_1_20260811_143454.csv,64,16,joint_5_1,-1,0.2,-0.2,0.8683044910430908,1.673421686812163,0.0757472895365539,-1.5976743972756091,-1.8399932440247189,lower_limit,0.0,-0.19999999999999998,160
hand_friction_sweep_joint16_joint_5_1_20260811_143454.csv,65,16,joint_5_1,1,0.2,0.2,0.863013505935669,-0.0050614548307835,1.580744703531264,1.5858061583620475,1.8375218318776314,upper_limit,0.0,0.19999999999999996,158
hand_friction_sweep_joint16_joint_5_1_20260811_143454.csv,66,16,joint_5_1,-1,0.2,-0.2,0.8573951721191406,1.6662658368789862,0.08307767239493,-1.5831881644840562,-1.8465093062876052,lower_limit,0.0,-0.19999999999999996,158
hand_friction_sweep_joint16_joint_5_1_20260811_143454.csv,67,16,joint_5_1,1,0.2,0.2,0.8576507568359375,0.0043633231299858,1.5772540450272754,1.5728907218972896,1.8339524676688095,upper_limit,0.0,0.19999999999999996,158
hand_friction_sweep_joint16_joint_5_1_20260811_143454.csv,68,16,joint_5_1,-1,0.2,-0.2,0.8574264049530029,1.6570155918434164,0.0776671517137476,-1.5793484401296687,-1.8419638478666114,lower_limit,0.0,-0.19999999999999996,158
hand_friction_sweep_joint16_joint_5_1_20260811_143454.csv,69,16,joint_5_1,1,0.2,0.2,0.8656113147735596,0.0001745329251994,1.5894713497912358,1.5892968168660364,1.8360397903091066,upper_limit,0.0,0.19999999999999996,158
hand_friction_sweep_joint16_joint_5_1_20260811_143454.csv,70,16,joint_5_1,-1,0.2,-0.2,0.8621902465820312,1.6631242442253964,0.0699877030049726,-1.5931365412204237,-1.8477784311943595,lower_limit,0.0,-0.19999999999999996,158
hand_friction_sweep_joint16_joint_5_1_20260811_143454.csv,71,16,joint_5_1,1,0.2,0.2,0.8567252159118652,-0.0038397243543875,1.5769049791768766,1.580744703531264,1.8451011761674139,upper_limit,0.0,0.19999999999999996,158
hand_friction_sweep_joint16_joint_5_1_20260811_143454.csv,72,16,joint_5_1,-1,0.2,-0.2,0.8559088706970215,1.6489870772842423,0.0687659725285765,-1.5802211047556658,-1.846249243180282,lower_limit,0.0,-0.19999999999999996,158
hand_friction_sweep_joint16_joint_5_1_20260811_143454.csv,73,16,joint_5_1,1,0.2,0.2,0.8572373390197754,-0.0041887902047863,1.5772540450272754,1.5814428352320617,1.8448132894448965,upper_limit,0.0,0.19999999999999996,158
hand_friction_sweep_joint16_joint_5_1_20260811_143454.csv,74,16,joint_5_1,-1,0.2,-0.2,0.8473238945007325,1.6550957296662223,0.0841248699461266,-1.5709708597200958,-1.854038190019127,lower_limit,0.0,-0.19999999999999998,156
hand_friction_sweep_joint16_joint_5_1_20260811_143454.csv,75,16,joint_5_1,1,0.2,0.2,0.8589396476745605,0.0094247779607693,1.5872024217636431,1.5777776438028739,1.8368899934639766,upper_limit,0.0,0.19999999999999996,158
hand_friction_sweep_joint16_joint_5_1_20260811_143454.csv,76,16,joint_5_1,-1,0.2,-0.2,0.8578546047210693,1.6634733100757952,0.0802851455917391,-1.5831881644840562,-1.8455203897854326,lower_limit,0.0,-0.19999999999999996,158
hand_friction_sweep_joint16_joint_5_1_20260811_143454.csv,77,16,joint_5_1,1,0.2,0.2,0.8577136993408203,-0.0022689280275926,1.589820415641635,1.5920893436692276,1.8562013698659563,upper_limit,0.0,0.19999999999999996,158
hand_friction_sweep_joint16_joint_5_1_20260811_143454.csv,78,16,joint_5_1,-1,0.2,-0.2,0.866722583770752,1.6673130344301827,0.0642281164733913,-1.6030849179567914,-1.849594031555554,lower_limit,0.0,-0.19999999999999998,160
hand_friction_sweep_joint16_joint_5_1_20260811_143454.csv,79,16,joint_5_1,1,0.2,0.2,0.8571796417236328,-0.0015707963267948,1.579522973054868,1.581093769381663,1.844530238961777,upper_limit,0.0,0.19999999999999996,158
hand_friction_sweep_joint16_joint_5_1_20260811_143454.csv,80,16,joint_5_1,-1,0.2,-0.2,0.8492364883422852,1.6509069394614362,0.0844739357965255,-1.5664330036649108,-1.84451919479178,lower_limit,0.0,-0.19999999999999998,156
hand_friction_sweep_joint16_joint_5_1_20260811_143454.csv,81,16,joint_5_1,1,0.25,0.25,0.6714253425598145,0.0059341194567807,1.579872038905267,1.5739379194484862,2.3441741317773848,upper_limit,0.0,0.25,124
hand_friction_sweep_joint16_joint_5_1_20260811_143454.csv,82,16,joint_5_1,-1,0.25,-0.25,0.6819884777069092,1.6823228659973342,0.0764454212373516,-1.6058774447599826,-2.3546987922135,lower_limit,0.0,-0.25,126
hand_friction_sweep_joint16_joint_5_1_20260811_143454.csv,83,16,joint_5_1,1,0.25,0.25,0.6811089515686035,-0.0031415926535897,1.5856316254368483,1.588773218090438,2.332627128789705,upper_limit,0.0,0.25,126
hand_friction_sweep_joint16_joint_5_1_20260811_143454.csv,84,16,joint_5_1,-1,0.25,-0.25,0.6819567680358887,1.6900023147061092,0.0869173967493176,-1.6030849179567916,-2.3507134074992093,lower_limit,0.0,-0.25,126
hand_friction_sweep_joint16_joint_5_1_20260811_143454.csv,85,16,joint_5_1,1,0.25,0.25,0.6718964576721193,-0.0003490658503988,1.5783012425784722,1.578650308428871,2.3495440263196645,upper_limit,0.0,0.25,124
hand_friction_sweep_joint16_joint_5_1_20260811_143454.csv,86,16,joint_5_1,-1,0.25,-0.25,0.6810507774353027,1.6900023147061092,0.08307767239493,-1.6069246423111792,-2.3594784640912194,lower_limit,0.0,-0.25,126
hand_friction_sweep_joint16_joint_5_1_20260811_143454.csv,87,16,joint_5_1,1,0.25,0.25,0.6802725791931152,0.0,1.595929068023615,1.595929068023615,2.3460141079279984,upper_limit,0.0,0.25,126
hand_friction_sweep_joint16_joint_5_1_20260811_143454.csv,88,16,joint_5_1,-1,0.25,-0.25,0.6913590431213379,1.7006488231432746,0.0726056968829641,-1.6280431262603106,-2.354844624451638,lower_limit,0.0,-0.25,128
hand_friction_sweep_joint16_joint_5_1_20260811_143454.csv,89,16,joint_5_1,1,0.25,0.25,0.6705255508422852,-0.0003490658503988,1.579872038905267,1.5802211047556658,2.356690364402461,upper_limit,0.0,0.25,124
hand_friction_sweep_joint16_joint_5_1_20260811_143454.csv,90,16,joint_5_1,-1,0.25,-0.25,0.681673288345337,1.693842039060497,0.0872664625997164,-1.6065755764607805,-2.356811692534571,lower_limit,0.0,-0.25,126
hand_friction_sweep_joint16_joint_5_1_20260811_143454.csv,91,16,joint_5_1,1,0.25,0.25,0.6712136268615723,-0.0054105206811824,1.5760323145508794,1.5814428352320617,2.356094649964862,upper_limit,0.0,0.25,124
hand_friction_sweep_joint16_joint_5_1_20260811_143454.csv,92,16,joint_5_1,-1,0.25,-0.25,0.6933629512786865,1.683893662324129,0.0542797397370236,-1.6296139225871054,-2.3503042952926787,lower_limit,0.0,-0.25,128
hand_friction_sweep_joint16_joint_5_1_20260811_143454.csv,93,16,joint_5_1,1,0.25,0.25,0.6829595565795898,-0.0041887902047863,1.6009905228543984,1.6051793130591847,2.3503285042210584,upper_limit,0.0,0.25,126
hand_friction_sweep_joint16_joint_5_1_20260811_143454.csv,94,16,joint_5_1,-1,0.25,-0.25,0.6912088394165039,1.7092009364780467,0.0703367688553714,-1.6388641676226754,-2.371011587476444,lower_limit,0.0,-0.25,128
hand_friction_sweep_joint16_joint_5_1_20260811_143454.csv,95,16,joint_5_1,1,0.25,0.25,0.6803557872772217,0.0001745329251994,1.5945328046220193,1.5943582716968199,2.343418401829767,upper_limit,0.0,0.25,126
hand_friction_sweep_joint16_joint_5_1_20260811_143454.csv,96,16,joint_5_1,-1,0.25,-0.25,0.6926276683807373,1.7018705536196703,0.0764454212373516,-1.6254251323823188,-2.346751662667947,lower_limit,0.0,-0.25,128
hand_friction_sweep_joint16_joint_5_1_20260811_143454.csv,97,16,joint_5_1,1,0.25,0.25,0.6704611778259277,-0.0027925268031909,1.5756832487004806,1.5784757755036716,2.354313460209761,upper_limit,0.0,0.25,124
hand_friction_sweep_joint16_joint_5_1_20260811_143454.csv,98,16,joint_5_1,-1,0.25,-0.25,0.6807975769042969,1.6926203085841007,0.0750491578357561,-1.6175711507483446,-2.375994283210756,lower_limit,0.0,-0.25,126
hand_friction_sweep_joint16_joint_5_1_20260811_143454.csv,99,16,joint_5_1,1,0.25,0.25,0.6708395481109619,0.0013962634015954,1.5817919010824608,1.5803956376808654,2.3558474483669767,upper_limit,0.0,0.25,124
hand_friction_sweep_joint16_joint_5_1_20260811_143454.csv,100,16,joint_5_1,-1,0.25,-0.25,0.6829712390899658,1.6964600329384882,0.0776671517137476,-1.6187928812247407,-2.3702211580413297,lower_limit,0.0,-0.25,126
hand_friction_sweep_joint16_joint_5_1_20260811_143454.csv,101,16,joint_5_1,1,0.3,0.3,0.5612635612487793,-0.0038397243543875,1.5920893436692272,1.5959290680236147,2.8434574738341536,upper_limit,0.0,0.29999999999999993,104
hand_friction_sweep_joint16_joint_5_1_20260811_143454.csv,102,16,joint_5_1,-1,0.3,-0.3,0.5836591720581055,1.7233381034192008,0.0577703982410123,-1.6655677051781885,-2.8536649210960654,lower_limit,0.0,-0.29999999999999993,108
hand_friction_sweep_joint16_joint_5_1_20260811_143454.csv,103,16,joint_5_1,1,0.3,0.3,0.5614430904388428,-0.0019198621771937,1.5821409669328597,1.5840608291100533,2.821409428820111,upper_limit,0.0,0.29999999999999993,104
hand_friction_sweep_joint16_joint_5_1_20260811_143454.csv,104,16,joint_5_1,-1,0.3,-0.3,0.5843179225921631,1.7188002473640156,0.0553269372882202,-1.6634733100757955,-2.846863403909059,lower_limit,0.0,-0.29999999999999993,108
hand_friction_sweep_joint16_joint_5_1_20260811_143454.csv,105,16,joint_5_1,1,0.3,0.3,0.5622363090515138,-0.0057595865315812,1.5974998643504097,1.6032594508819908,2.8515757966373094,upper_limit,0.0,0.29999999999999993,104
hand_friction_sweep_joint16_joint_5_1_20260811_143454.csv,106,16,joint_5_1,-1,0.3,-0.3,0.5834462642669678,1.7355554081831612,0.0726056968829641,-1.6629497113001972,-2.8502191429565493,lower_limit,0.0,-0.29999999999999993,108
hand_friction_sweep_joint16_joint_5_1_20260811_143454.csv,107,16,joint_5_1,1,0.3,0.3,0.5629367828369141,-0.0019198621771937,1.596801732649612,1.5987215948268056,2.839966482151095,upper_limit,0.0,0.29999999999999993,104
hand_friction_sweep_joint16_joint_5_1_20260811_143454.csv,108,16,joint_5_1,-1,0.3,-0.3,0.5835931301116943,1.7339846118563662,0.0607374579694026,-1.6732471538869635,-2.867146762962613,lower_limit,0.0,-0.29999999999999993,108
hand_friction_sweep_joint16_joint_5_1_20260811_143454.csv,109,16,joint_5_1,1,0.3,0.3,0.5563647747039795,0.0005235987755982,1.5769049791768766,1.5763813804012783,2.8333594290544557,upper_limit,0.0,0.3,103
hand_friction_sweep_joint16_joint_5_1_20260811_143454.csv,110,16,joint_5_1,-1,0.3,-0.3,0.572683572769165,1.7172294510372206,0.0776671517137476,-1.6395622993234729,-2.86294627135104,lower_limit,0.0,-0.29999999999999993,106
hand_friction_sweep_joint16_joint_5_1_20260811_143454.csv,111,16,joint_5_1,1,0.3,0.3,0.5605330467224121,-0.0034906585039886,1.5840608291100533,1.587551487614042,2.832217470311311,upper_limit,0.0,0.29999999999999993,104
hand_friction_sweep_joint16_joint_5_1_20260811_143454.csv,112,16,joint_5_1,-1,0.3,-0.3,0.5799858570098877,1.7221163729428048,0.0600393262686049,-1.6620770466741999,-2.865719959522848,lower_limit,0.0,-0.29999999999999993,106
hand_friction_sweep_joint16_joint_5_1_20260811_143454.csv,113,16,joint_5_1,1,0.3,0.3,0.564424991607666,-0.0027925268031909,1.5936601399960222,1.5964526667992132,2.8284585029659945,upper_limit,0.0,0.29999999999999993,104
hand_friction_sweep_joint16_joint_5_1_20260811_143454.csv,114,16,joint_5_1,-1,0.3,-0.3,0.5772402286529541,1.7409659288643435,0.08307767239493,-1.6578882564694135,-2.872094102551127,lower_limit,0.0,-0.29999999999999993,106
hand_friction_sweep_joint16_joint_5_1_20260811_143454.csv,115,16,joint_5_1,1,0.3,0.3,0.5651850700378418,0.002443460952792,1.6067501093859795,1.6043066484331876,2.8385510047633984,upper_limit,0.0,0.29999999999999993,104
hand_friction_sweep_joint16_joint_5_1_20260811_143454.csv,116,16,joint_5_1,-1,0.3,-0.3,0.584935188293457,1.743583922742335,0.0630063859969952,-1.68057753674534,-2.8731004227124877,lower_limit,0.0,-0.29999999999999993,106
hand_friction_sweep_joint16_joint_5_1_20260811_143454.csv,117,16,joint_5_1,1,0.3,0.3,0.5630857944488525,-0.001221730476396,1.5872024217636431,1.588424152240039,2.820927410883782,upper_limit,0.0,0.29999999999999993,104
hand_friction_sweep_joint16_joint_5_1_20260811_143454.csv,118,16,joint_5_1,-1,0.3,-0.3,0.5711386203765869,1.7236871692695996,0.0802851455917391,-1.6434020236778606,-2.877413582352852,lower_limit,0.0,-0.29999999999999993,106
hand_friction_sweep_joint16_joint_5_1_20260811_143454.csv,119,16,joint_5_1,1,0.3,0.3,0.5560169219970703,0.0017453292519943,1.5711453926452954,1.5694000633933012,2.822576078721522,upper_limit,0.0,0.3,102
hand_friction_sweep_joint16_joint_5_1_20260811_143454.csv,120,16,joint_5_1,-1,0.3,-0.3,0.5769269466400146,1.714960523009628,0.0722566310325652,-1.642703891977063,-2.847334314238682,lower_limit,0.0,-0.29999999999999993,106
hand_friction_sweep_joint17_joint_5_2_20260811_141424.csv,1,17,joint_5_2,1,0.05,0.05,8.00187087059021,-0.1408480706359423,1.195201471765717,1.3360495424016592,0.16696714605982058,timeout,-0.009991047231473626,0.040008952768526285,1475
hand_friction_sweep_joint17_joint_5_2_20260811_141424.csv,2,17,joint_5_2,-1,0.05,-0.05,3.4685606956481934,1.554913830601748,-0.0019198621771937,-1.5568336927789417,-0.4488414156143246,lower_limit,-0.008503031126921645,-0.05850303112692166,640
hand_friction_sweep_joint17_joint_5_2_20260811_141424.csv,3,17,joint_5_2,1,0.05,0.05,7.437158107757568,-0.0256563400043166,1.196074136391714,1.2217304763960306,0.16427383399603473,q_not_changing,-0.010301713935975029,0.03969828606402489,1371
hand_friction_sweep_joint17_joint_5_2_20260811_141424.csv,4,17,joint_5_2,-1,0.05,-0.05,3.4428694248199463,1.5529939684245542,-0.0008726646259971,-1.5538666330505513,-0.45132894725794453,lower_limit,-0.008518441572627593,-0.058518441572627596,633
hand_friction_sweep_joint17_joint_5_2_20260811_141424.csv,5,17,joint_5_2,1,0.05,0.05,8.004214525222778,-0.0333357887130916,1.1955505376161155,1.2288863263292071,0.153529908831998,timeout,-0.010484058943839568,0.03951594105616034,1472
hand_friction_sweep_joint17_joint_5_2_20260811_141424.csv,6,17,joint_5_2,-1,0.05,-0.05,3.4418859481811523,1.5673056682909077,-0.0015707963267948,-1.5688764646177025,-0.45581884125090416,lower_limit,-0.008508313533544792,-0.058508313533544805,634
hand_friction_sweep_joint17_joint_5_2_20260811_141424.csv,7,17,joint_5_2,1,0.05,0.05,7.440620183944701,-0.0172787595947438,1.1955505376161155,1.2128292972108594,0.1630011030300795,q_not_changing,-0.010299059068892724,0.03970094093110719,1369
hand_friction_sweep_joint17_joint_5_2_20260811_141424.csv,8,17,joint_5_2,-1,0.05,-0.05,3.4343791007995605,1.5468853160425742,-0.0019198621771937,-1.5488051782197678,-0.45097094198459026,lower_limit,-0.008527304103582316,-0.058527304103582325,632
hand_friction_sweep_joint17_joint_5_2_20260811_141424.csv,9,17,joint_5_2,1,0.05,0.05,7.435651540756226,-0.0137881010907552,1.1979939985689076,1.2117820996596629,0.16296918878159553,q_not_changing,-0.010286781262346464,0.03971321873765345,1371
hand_friction_sweep_joint17_joint_5_2_20260811_141424.csv,10,17,joint_5_2,-1,0.05,-0.05,3.410628318786621,1.557706357404939,-0.0015707963267948,-1.5592771537317338,-0.4571817882185616,lower_limit,-0.008518872036921542,-0.05851887203692154,630
hand_friction_sweep_joint17_joint_5_2_20260811_141424.csv,11,17,joint_5_2,1,0.05,0.05,6.233882665634155,-0.0185004900711398,1.1054915482132082,1.123992038284348,0.18030368849908526,q_not_changing,-0.009607219119421025,0.040392780880578884,1154
hand_friction_sweep_joint17_joint_5_2_20260811_141424.csv,12,17,joint_5_2,-1,0.05,-0.05,3.406179666519165,1.5522958367237565,-0.0003490658503988,-1.5526449025741553,-0.4558317688980953,lower_limit,-0.008556327246801956,-0.058556327246801966,627
hand_friction_sweep_joint17_joint_5_2_20260811_141424.csv,13,17,joint_5_2,1,0.05,0.05,8.00037169456482,-0.0127409035395586,1.1955505376161155,1.2082914411556742,0.1510294130429648,timeout,-0.01049937986161796,0.039500620138381945,1474
hand_friction_sweep_joint17_joint_5_2_20260811_141424.csv,14,17,joint_5_2,-1,0.05,-0.05,3.4074981212615967,1.5557864952277451,-0.001221730476396,-1.557008225704141,-0.4569359014430424,lower_limit,-0.008542690167091848,-0.05854269016709186,628
hand_friction_sweep_joint17_joint_5_2_20260811_141424.csv,15,17,joint_5_2,1,0.05,0.05,6.834648609161377,-0.0191986217719376,1.1281808284891346,1.1473794502610721,0.16787687500467674,q_not_changing,-0.009937836997084695,0.040062163002915215,1259
hand_friction_sweep_joint17_joint_5_2_20260811_141424.csv,16,17,joint_5_2,-1,0.05,-0.05,3.408755540847778,1.564164075637318,-0.0015707963267948,-1.5657348719641129,-0.4593274152991051,lower_limit,-0.008542369113855188,-0.05854236911385519,627
hand_friction_sweep_joint17_joint_5_2_20260811_141424.csv,17,17,joint_5_2,1,0.05,0.05,7.999968528747559,-0.0280998009571087,1.1979939985689076,1.2260937995260164,0.1532623278604283,timeout,-0.010537763279672801,0.0394622367203271,1473
hand_friction_sweep_joint17_joint_5_2_20260811_141424.csv,18,17,joint_5_2,-1,0.05,-0.05,3.385863780975342,1.5545647647513492,-0.0019198621771937,-1.5564846269285428,-0.45970089986318863,lower_limit,-0.00854502876295913,-0.05854502876295913,623
hand_friction_sweep_joint17_joint_5_2_20260811_141424.csv,19,17,joint_5_2,1,0.05,0.05,6.828558683395386,-0.0176278254451427,1.1285298943395334,1.1461577197846762,0.16784767810104967,q_not_changing,-0.009952617967743854,0.04004738203225605,1258
hand_friction_sweep_joint17_joint_5_2_20260811_141424.csv,20,17,joint_5_2,-1,0.05,-0.05,3.4055609703063965,1.5610224829837285,-0.0022689280275926,-1.5632914110113212,-0.459040793761115,lower_limit,-0.008493588808673602,-0.058493588808673606,628
hand_friction_sweep_joint17_joint_5_2_20260811_141424.csv,21,17,joint_5_2,1,0.1,0.1,2.0105702877044678,-0.0214675497995302,1.487544121474767,1.5090116712742971,0.7505391283769461,upper_limit,-0.0095399248036969,0.090460075196303,371
hand_friction_sweep_joint17_joint_5_2_20260811_141424.csv,22,17,joint_5_2,-1,0.1,-0.1,1.4972448348999023,1.503252084742716,-0.0008726646259971,-1.504124749368713,-1.0045950497262999,lower_limit,-0.00908162794543997,-0.10908162794543998,276
hand_friction_sweep_joint17_joint_5_2_20260811_141424.csv,23,17,joint_5_2,1,0.1,0.1,2.027467012405395,-0.0429350995990605,1.4882422531755646,1.531177352774625,0.7552169004012697,upper_limit,-0.009424228308927123,0.09057577169107278,374
hand_friction_sweep_joint17_joint_5_2_20260811_141424.csv,24,17,joint_5_2,-1,0.1,-0.1,1.4980833530426025,1.5074408749475023,-0.0047123889803846,-1.512153263927887,-1.0093919412806427,lower_limit,-0.00905099378932514,-0.10905099378932515,276
hand_friction_sweep_joint17_joint_5_2_20260811_141424.csv,25,17,joint_5_2,1,0.1,0.1,2.0301899909973145,-0.0506145483078355,1.4882422531755646,1.5388568014834,0.757986596479795,upper_limit,-0.009417820822527475,0.09058217917747247,374
hand_friction_sweep_joint17_joint_5_2_20260811_141424.csv,26,17,joint_5_2,-1,0.1,-0.1,1.4873082637786865,1.4990632945379294,0.0,-1.4990632945379294,-1.0079035604423914,lower_limit,-0.009105569861824411,-0.1091055698618244,274
hand_friction_sweep_joint17_joint_5_2_20260811_141424.csv,27,17,joint_5_2,1,0.1,0.1,2.0195977687835693,-0.0432841654494593,1.4837043971203794,1.5269885625698387,0.7560854870074274,upper_limit,-0.009414632154932347,0.09058536784506757,372
hand_friction_sweep_joint17_joint_5_2_20260811_141424.csv,28,17,joint_5_2,-1,0.1,-0.1,1.4983272552490234,1.4962707677347389,-0.0073303828583761,-1.503601150593115,-1.0035198554425382,lower_limit,-0.009008198827508342,-0.10900819882750835,277
hand_friction_sweep_joint17_joint_5_2_20260811_141424.csv,29,17,joint_5_2,1,0.1,0.1,2.0290894508361816,-0.0506145483078355,1.4837043971203794,1.534318945428215,0.7561613140297618,upper_limit,-0.009326091381091714,0.09067390861890823,374
hand_friction_sweep_joint17_joint_5_2_20260811_141424.csv,30,17,joint_5_2,-1,0.1,-0.1,1.490476131439209,1.4962707677347389,-0.0050614548307835,-1.5013322225655223,-1.0072836397023217,lower_limit,-0.009020339608574263,-0.10902033960857428,275
hand_friction_sweep_joint17_joint_5_2_20260811_141424.csv,31,17,joint_5_2,1,0.1,0.1,2.031205177307129,-0.0595157274930066,1.4856242592975732,1.5451399867905797,0.7607010872427225,upper_limit,-0.009413378601591239,0.09058662139840869,374
hand_friction_sweep_joint17_joint_5_2_20260811_141424.csv,32,17,joint_5_2,-1,0.1,-0.1,1.4959025382995605,1.5042992822939123,-0.0108210413623648,-1.5151203236562771,-1.012846950161982,lower_limit,-0.008996000339323905,-0.10899600033932393,276
hand_friction_sweep_joint17_joint_5_2_20260811_141424.csv,33,17,joint_5_2,1,0.1,0.1,2.0406270027160645,-0.0342084533390888,1.4870205226991686,1.5212289760382574,0.7454713546441898,upper_limit,-0.009389083691849211,0.09061091630815071,377
hand_friction_sweep_joint17_joint_5_2_20260811_141424.csv,34,17,joint_5_2,-1,0.1,-0.1,1.4856832027435303,1.5042992822939123,-0.0008726646259971,-1.5051719469199094,-1.0131176984032602,lower_limit,-0.009120715507718175,-0.10912071550771818,274
hand_friction_sweep_joint17_joint_5_2_20260811_141424.csv,35,17,joint_5_2,1,0.1,0.1,2.026052951812744,-0.0525344104850293,1.4894639836519608,1.5419983941369901,0.7610849424035724,upper_limit,-0.009417502810717678,0.09058249718928223,374
hand_friction_sweep_joint17_joint_5_2_20260811_141424.csv,36,17,joint_5_2,-1,0.1,-0.1,1.4874343872070312,1.4943509055575448,-0.001221730476396,-1.4955726360339407,-1.00547133298578,lower_limit,-0.009077752586591409,-0.10907775258659143,274
hand_friction_sweep_joint17_joint_5_2_20260811_141424.csv,37,17,joint_5_2,1,0.1,0.1,2.0267305374145503,-0.0418879020478639,1.4898130495023596,1.5317009515502236,0.7557496782498656,upper_limit,-0.00945630625768898,0.09054369374231094,374
hand_friction_sweep_joint17_joint_5_2_20260811_141424.csv,38,17,joint_5_2,-1,0.1,-0.1,1.4993906021118162,1.5193091138610637,-0.006457718232379,-1.5257668320934428,-1.0175913000551537,lower_limit,-0.009077723874897635,-0.10907772387489764,277
hand_friction_sweep_joint17_joint_5_2_20260811_141424.csv,39,17,joint_5_2,1,0.1,0.1,2.0255014896392822,-0.0452040276266531,1.4851006605219748,1.530304688148628,0.7555189151804361,upper_limit,-0.009410832269125018,0.0905891677308749,374
hand_friction_sweep_joint17_joint_5_2_20260811_141424.csv,40,17,joint_5_2,-1,0.1,-0.1,1.4840025901794434,1.5055210127703085,0.0,-1.5055210127703085,-1.014500259455924,lower_limit,-0.009113952206190065,-0.10911395220619007,274
hand_friction_sweep_joint17_joint_5_2_20260811_141424.csv,41,17,joint_5_2,1,0.15,0.15,1.1897015571594238,-0.032288591161895,1.495223570183542,1.527512161345437,1.2839456686873492,upper_limit,-0.009023515473562562,0.14097648452643735,220
hand_friction_sweep_joint17_joint_5_2_20260811_141424.csv,42,17,joint_5_2,-1,0.15,-0.15,0.9936337471008301,1.5231488382154512,-0.0083775804095727,-1.531526418625024,-1.5413389723261992,lower_limit,-0.009383909140841239,-0.15938390914084125,184
hand_friction_sweep_joint17_joint_5_2_20260811_141424.csv,43,17,joint_5_2,1,0.15,0.15,1.2006261348724365,-0.0729547627333629,1.490860247053556,1.5638150097869188,1.302499557827025,upper_limit,-0.008862384418749232,0.14113761558125068,222
hand_friction_sweep_joint17_joint_5_2_20260811_141424.csv,44,17,joint_5_2,-1,0.15,-0.15,1.0112884044647217,1.517040185833471,-0.0361283155162826,-1.5531685013497536,-1.5358314151459602,lower_limit,-0.0093959228116303,-0.15939592281163031,183
hand_friction_sweep_joint17_joint_5_2_20260811_141424.csv,45,17,joint_5_2,1,0.15,0.15,1.2227914333343506,-0.1054178868204575,1.4882422531755646,1.5936601399960222,1.303296781897117,upper_limit,-0.008595834190484274,0.14140416580951565,226
hand_friction_sweep_joint17_joint_5_2_20260811_141424.csv,46,17,joint_5_2,-1,0.15,-0.15,0.9955017566680909,1.533097214951819,-0.008901179185171,-1.54199839413699,-1.5489660202087476,lower_limit,-0.009362927623495259,-0.15936292762349527,183
hand_friction_sweep_joint17_joint_5_2_20260811_141424.csv,47,17,joint_5_2,1,0.15,0.15,1.205331563949585,-0.0801106126665397,1.4870205226991686,1.5671311353657082,1.30016601426299,upper_limit,-0.008750291285891018,0.1412497087141089,224
hand_friction_sweep_joint17_joint_5_2_20260811_141424.csv,48,17,joint_5_2,-1,0.15,-0.15,0.9887521266937256,1.5154693895066762,-0.0083775804095727,-1.523846969916249,-1.5411819896780596,lower_limit,-0.009428877150753589,-0.1594288771507536,183
hand_friction_sweep_joint17_joint_5_2_20260811_141424.csv,49,17,joint_5_2,1,0.15,0.15,1.2054829597473147,-0.0640535835481918,1.4889403848763625,1.5529939684245542,1.2882753388319006,upper_limit,-0.008801230295259962,0.14119876970473996,222
hand_friction_sweep_joint17_joint_5_2_20260811_141424.csv,50,17,joint_5_2,-1,0.15,-0.15,0.9849390983581543,1.5285593588966335,-0.0003490658503988,-1.5289084247470324,-1.552287270650184,lower_limit,-0.009367538659554519,-0.15936753865955455,182
hand_friction_sweep_joint17_joint_5_2_20260811_141424.csv,51,17,joint_5_2,1,0.15,0.15,1.203355312347412,-0.0678933079025794,1.4946999714079436,1.562593279310523,1.2985302539300196,upper_limit,-0.008839248479578012,0.14116075152042187,223
hand_friction_sweep_joint17_joint_5_2_20260811_141424.csv,52,17,joint_5_2,-1,0.15,-0.15,0.9924049377441406,1.5323990832510213,-0.0080285145591739,-1.5404275978101951,-1.5522167808956875,lower_limit,-0.009385500435465462,-0.15938550043546548,185
hand_friction_sweep_joint17_joint_5_2_20260811_141424.csv,53,17,joint_5_2,1,0.15,0.15,1.2064037322998047,-0.0575958653158128,1.49278010923075,1.5503759745465628,1.2851219977503163,upper_limit,-0.008888365492135652,0.14111163450786426,225
hand_friction_sweep_joint17_joint_5_2_20260811_141424.csv,54,17,joint_5_2,-1,0.15,-0.15,1.0002820491790771,1.5357152088298105,-0.0191986217719376,-1.554913830601748,-1.5544753920935124,lower_limit,-0.009369007072946718,-0.15936900707294674,187
hand_friction_sweep_joint17_joint_5_2_20260811_141424.csv,55,17,joint_5_2,1,0.15,0.15,1.2110888957977293,-0.0790634151153431,1.4971434323607358,1.5762068474760789,1.3014790680892594,upper_limit,-0.008756250753820008,0.14124374924617988,225
hand_friction_sweep_joint17_joint_5_2_20260811_141424.csv,56,17,joint_5_2,-1,0.15,-0.15,0.9930346012115479,1.5269885625698387,-0.0083775804095727,-1.5353661429794114,-1.54613559397245,lower_limit,-0.009386009350636928,-0.15938600935063693,185
hand_friction_sweep_joint17_joint_5_2_20260811_141424.csv,57,17,joint_5_2,1,0.15,0.15,1.2061727046966553,-0.057246799465414,1.4978415640615337,1.5550883635269477,1.2892750411874412,upper_limit,-0.008867972413051218,0.1411320275869487,225
hand_friction_sweep_joint17_joint_5_2_20260811_141424.csv,58,17,joint_5_2,-1,0.15,-0.15,0.996121883392334,1.5404275978101951,-0.0150098315671512,-1.5554374293773463,-1.561493081629971,lower_limit,-0.00936773860889544,-0.15936773860889544,185
hand_friction_sweep_joint17_joint_5_2_20260811_141424.csv,59,17,joint_5_2,1,0.15,0.15,1.2104084491729736,-0.085870199198121,1.4894639836519608,1.5753341828500818,1.3014897441656559,upper_limit,-0.008753044332681271,0.14124695566731862,225
hand_friction_sweep_joint17_joint_5_2_20260811_141424.csv,60,17,joint_5_2,-1,0.15,-0.15,0.9950647354125978,1.5449654538653803,-0.007679448708775,-1.5526449025741553,-1.5603456210618902,lower_limit,-0.009411193223627962,-0.15941119322362798,185
hand_friction_sweep_joint17_joint_5_2_20260811_141424.csv,61,17,joint_5_2,1,0.2,0.2,0.8541376590728761,-0.0748746249105567,1.4901621153527584,1.5650367402633152,1.8323003600638388,upper_limit,-0.008471538608911363,0.1915284613910886,159
hand_friction_sweep_joint17_joint_5_2_20260811_141424.csv,62,17,joint_5_2,-1,0.2,-0.2,0.755117177963257,1.547234381892973,-0.0095993108859688,-1.556833692778942,-2.0617113981940105,lower_limit,-0.009670471182953676,-0.20967047118295368,141
hand_friction_sweep_joint17_joint_5_2_20260811_141424.csv,63,17,joint_5_2,1,0.2,0.2,0.8628363609313965,-0.1062905514464546,1.4885913190259634,1.5948818704724181,1.848417547854391,upper_limit,-0.008261241997654259,0.1917387580023457,160
hand_friction_sweep_joint17_joint_5_2_20260811_141424.csv,64,17,joint_5_2,-1,0.2,-0.2,0.7439773082733155,1.5442673221645826,-0.0003490658503988,-1.5446163880149815,-2.076160617855208,lower_limit,-0.009695385562978987,-0.20969538556297898,139
hand_friction_sweep_joint17_joint_5_2_20260811_141424.csv,65,17,joint_5_2,1,0.2,0.2,0.8533086776733398,-0.087091929674517,1.4837043971203794,1.5707963267948963,1.840830133214961,upper_limit,-0.008324015476877776,0.19167598452312218,159
hand_friction_sweep_joint17_joint_5_2_20260811_141424.csv,66,17,joint_5_2,-1,0.2,-0.2,0.7579171657562257,1.5488051782197678,-0.0223402144255274,-1.5711453926452952,-2.0729777126470754,lower_limit,-0.00951074184112798,-0.20951074184112797,141
hand_friction_sweep_joint17_joint_5_2_20260811_141424.csv,67,17,joint_5_2,1,0.2,0.2,0.8672857284545898,-0.1101302758008421,1.4913838458291544,1.6015141216299964,1.8465818923179134,upper_limit,-0.008282474854297997,0.19171752514570192,161
hand_friction_sweep_joint17_joint_5_2_20260811_141424.csv,68,17,joint_5_2,-1,0.2,-0.2,0.756220579147339,1.5503759745465628,-0.0099483767363676,-1.5603243512829303,-2.0633190821681184,lower_limit,-0.009584138364051618,-0.20958413836405165,141
hand_friction_sweep_joint17_joint_5_2_20260811_141424.csv,69,17,joint_5_2,1,0.2,0.2,0.870201587677002,-0.0813323431429357,1.4978415640615337,1.5791739072044695,1.8147219329030013,upper_limit,-0.008331372548175366,0.19166862745182456,162
hand_friction_sweep_joint17_joint_5_2_20260811_141424.csv,70,17,joint_5_2,-1,0.2,-0.2,0.7503199577331544,1.5496778428457652,-0.0019198621771937,-1.5515977050229588,-2.0679147462778444,lower_limit,-0.009673673499407884,-0.2096736734994079,139
hand_friction_sweep_joint17_joint_5_2_20260811_141424.csv,71,17,joint_5_2,1,0.2,0.2,0.863332986831665,-0.0863937979737193,1.4955726360339407,1.58196643400766,1.8323942883420903,upper_limit,-0.008411494069268643,0.1915885059307313,160
hand_friction_sweep_joint17_joint_5_2_20260811_141424.csv,72,17,joint_5_2,-1,0.2,-0.2,0.7503225803375244,1.5477579806685713,-0.0008726646259971,-1.5486306452945684,-2.0639531394589428,lower_limit,-0.009679997552187732,-0.20967999755218775,138
hand_friction_sweep_joint17_joint_5_2_20260811_141424.csv,73,17,joint_5_2,1,0.2,0.2,0.85856032371521,-0.0912807198793034,1.4898130495023596,1.581093769381663,1.8415639829940733,upper_limit,-0.008332916320953015,0.19166708367904692,158
hand_friction_sweep_joint17_joint_5_2_20260811_141424.csv,74,17,joint_5_2,-1,0.2,-0.2,0.7570183277130127,1.548456112369369,-0.0185004900711398,-1.5669566024405088,-2.0699057672412726,lower_limit,-0.00962777922277355,-0.20962777922277356,140
hand_friction_sweep_joint17_joint_5_2_20260811_141424.csv,75,17,joint_5_2,1,0.2,0.2,0.8768386840820312,-0.094771378383292,1.5001104920891262,1.5948818704724181,1.8188999863094675,upper_limit,-0.008292777252448704,0.1917072227475512,162
hand_friction_sweep_joint17_joint_5_2_20260811_141424.csv,76,17,joint_5_2,-1,0.2,-0.2,0.7547013759613037,1.543045591688187,-0.0061086523819801,-1.5491542440701669,-2.052671816182826,lower_limit,-0.009644465607239873,-0.2096444656072399,140
hand_friction_sweep_joint17_joint_5_2_20260811_141424.csv,77,17,joint_5_2,1,0.2,0.2,0.860201120376587,-0.0809832772925368,1.4856242592975732,1.56660753659011,1.8212107604606067,upper_limit,-0.008403232255306254,0.19159676774469367,159
hand_friction_sweep_joint17_joint_5_2_20260811_141424.csv,78,17,joint_5_2,-1,0.2,-0.2,0.7564935684204102,1.5458381184913774,-0.0191986217719376,-1.565036740263315,-2.0688037619819775,lower_limit,-0.009664365882380972,-0.209664365882381,140
hand_friction_sweep_joint17_joint_5_2_20260811_141424.csv,79,17,joint_5_2,1,0.2,0.2,0.874929666519165,-0.1143190660056285,1.4943509055575448,1.6086699715631734,1.8386277584610122,upper_limit,-0.008370706820202042,0.19162929317979785,162
hand_friction_sweep_joint17_joint_5_2_20260811_141424.csv,80,17,joint_5_2,-1,0.2,-0.2,0.758448362350464,1.5522958367237565,-0.0160570291183478,-1.5683528658421042,-2.0678439610334336,lower_limit,-0.00961246235284543,-0.20961246235284547,141
hand_friction_sweep_joint17_joint_5_2_20260811_141424.csv,81,17,joint_5_2,1,0.25,0.25,0.6807618141174316,-0.1139700001552297,1.484751594671576,1.5987215948268056,2.3484301875825038,upper_limit,-0.007994035476267376,0.24200596452373255,126
hand_friction_sweep_joint17_joint_5_2_20260811_141424.csv,82,17,joint_5_2,-1,0.25,-0.25,0.6033759117126465,1.562593279310523,-0.0031415926535897,-1.5657348719641127,-2.594957540681178,lower_limit,-0.009751137009859646,-0.2597511370098597,112
hand_friction_sweep_joint17_joint_5_2_20260811_141424.csv,83,17,joint_5_2,1,0.25,0.25,0.6885116100311279,-0.1230457122656002,1.4894639836519608,1.6125096959175609,2.342022519917505,upper_limit,-0.007904095109497062,0.24209590489050287,128
hand_friction_sweep_joint17_joint_5_2_20260811_141424.csv,84,17,joint_5_2,-1,0.25,-0.25,0.6082932949066163,1.5596262195821329,-0.0137881010907552,-1.5734143206728881,-2.5866047412448214,lower_limit,-0.00969431804044292,-0.25969431804044296,113
hand_friction_sweep_joint17_joint_5_2_20260811_141424.csv,85,17,joint_5_2,1,0.25,0.25,0.6958637237548828,-0.1293288975727798,1.5027284859671175,1.6320573835398973,2.345369255252035,upper_limit,-0.007869867269885525,0.2421301327301144,129
hand_friction_sweep_joint17_joint_5_2_20260811_141424.csv,86,17,joint_5_2,-1,0.25,-0.25,0.5998854637145997,1.5554374293773463,-0.0008726646259971,-1.5563100940033434,-2.594345401147727,lower_limit,-0.009824584085287065,-0.25982458408528697,111
hand_friction_sweep_joint17_joint_5_2_20260811_141424.csv,87,17,joint_5_2,1,0.25,0.25,0.6904025077819824,-0.1082104136236484,1.5070918090971035,1.6153022227207519,2.3396528901816174,upper_limit,-0.008015720553087509,0.24198427944691242,128
hand_friction_sweep_joint17_joint_5_2_20260811_141424.csv,88,17,joint_5_2,-1,0.25,-0.25,0.6077826023101808,1.5535175672001529,-0.007679448708775,-1.561197015908928,-2.5686767110062387,lower_limit,-0.009779680903452657,-0.2597796809034527,113
hand_friction_sweep_joint17_joint_5_2_20260811_141424.csv,89,17,joint_5_2,1,0.25,0.25,0.6890654563903809,-0.1473057888683214,1.4905111812031573,1.6378169700714786,2.376867037641189,upper_limit,-0.00791694517692897,0.24208305482307094,128
hand_friction_sweep_joint17_joint_5_2_20260811_141424.csv,90,17,joint_5_2,-1,0.25,-0.25,0.6078596115112305,1.564513141487717,-0.0253072741539177,-1.5898204156416347,-2.6154401206046605,lower_limit,-0.009686163367793722,-0.25968616336779377,113
hand_friction_sweep_joint17_joint_5_2_20260811_141424.csv,91,17,joint_5_2,1,0.25,0.25,0.6916973590850831,-0.1265363707695888,1.4885913190259634,1.6151276897955522,2.3350207552214775,upper_limit,-0.0077733361496547075,0.2422266638503452,128
hand_friction_sweep_joint17_joint_5_2_20260811_141424.csv,92,17,joint_5_2,-1,0.25,-0.25,0.606844186782837,1.5622442134601242,-0.0057595865315812,-1.5680037999917054,-2.5838655690259174,lower_limit,-0.009751482780359868,-0.25975148278035987,113
hand_friction_sweep_joint17_joint_5_2_20260811_141424.csv,93,17,joint_5_2,1,0.25,0.25,0.6947157382965089,-0.1389282084587486,1.4985396957623311,1.6374679042210798,2.3570329761583704,upper_limit,-0.007934629855975824,0.24206537014402407,129
hand_friction_sweep_joint17_joint_5_2_20260811_141424.csv,94,17,joint_5_2,-1,0.25,-0.25,0.6096384525299072,1.5529939684245542,-0.0160570291183478,-1.569050997542902,-2.573740207874976,lower_limit,-0.009706063889935947,-0.259706063889936,113
hand_friction_sweep_joint17_joint_5_2_20260811_141424.csv,95,17,joint_5_2,1,0.25,0.25,0.6896185874938965,-0.1480039205691191,1.4946999714079436,1.6427038919770627,2.3820470065151795,upper_limit,-0.007875667789049544,0.24212433221095037,128
hand_friction_sweep_joint17_joint_5_2_20260811_141424.csv,96,17,joint_5_2,-1,0.25,-0.25,0.6082241535186768,1.556135561078144,-0.0188495559215387,-1.5749851169996827,-2.589481374404707,lower_limit,-0.009750256365953133,-0.2597502563659531,113
hand_friction_sweep_joint17_joint_5_2_20260811_141424.csv,97,17,joint_5_2,1,0.25,0.25,0.6918826103210449,-0.1408480706359423,1.495223570183542,1.6360716408194842,2.3646665148301964,upper_limit,-0.00780481239686402,0.2421951876031359,128
hand_friction_sweep_joint17_joint_5_2_20260811_141424.csv,98,17,joint_5_2,-1,0.25,-0.25,0.6066148281097412,1.5400785319597965,-0.0054105206811824,-1.5454890526409788,-2.547727126052692,lower_limit,-0.009793728074666346,-0.2597937280746664,113
hand_friction_sweep_joint17_joint_5_2_20260811_141424.csv,99,17,joint_5_2,1,0.25,0.25,0.6839609146118164,-0.1300270292735775,1.486322390998371,1.6163494202719484,2.363218987724337,upper_limit,-0.007828700392403982,0.24217129960759598,127
hand_friction_sweep_joint17_joint_5_2_20260811_141424.csv,100,17,joint_5_2,-1,0.25,-0.25,0.6070082187652589,1.5599752854325315,-0.0198967534727353,-1.5798720389052667,-2.60271935381526,lower_limit,-0.009721560260884067,-0.25972156026088405,113
hand_friction_sweep_joint17_joint_5_2_20260811_141424.csv,101,17,joint_5_2,1,0.3,0.3,0.5711734294891357,-0.127409035395586,1.5132004614790835,1.6406094968746694,2.8723491187992582,upper_limit,-0.007719222770692527,0.2922807772293074,106
hand_friction_sweep_joint17_joint_5_2_20260811_141424.csv,102,17,joint_5_2,-1,0.3,-0.3,0.5164947509765625,1.5545647647513492,-0.0150098315671512,-1.5695745963185004,-3.0388974783399583,lower_limit,-0.00981772762846057,-0.3098177276284606,96
hand_friction_sweep_joint17_joint_5_2_20260811_141424.csv,103,17,joint_5_2,1,0.3,0.3,0.5731766223907471,-0.1661553447898601,1.4885913190259634,1.6547466638158235,2.8869751472308764,upper_limit,-0.00755941473496395,0.29244058526503597,106
hand_friction_sweep_joint17_joint_5_2_20260811_141424.csv,104,17,joint_5_2,-1,0.3,-0.3,0.5101883411407471,1.5491542440701669,-0.0057595865315812,-1.554913830601748,-3.047725134457335,lower_limit,-0.009818062935011395,-0.3098180629350114,95
hand_friction_sweep_joint17_joint_5_2_20260811_141424.csv,105,17,joint_5_2,1,0.3,0.3,0.570389986038208,-0.1384046096831503,1.485973325147972,1.6243779348311225,2.847837400010582,upper_limit,-0.007505821329779617,0.29249417867022026,106
hand_friction_sweep_joint17_joint_5_2_20260811_141424.csv,106,17,joint_5_2,-1,0.3,-0.3,0.50531005859375,1.54810704651897,-0.0038397243543875,-1.5519467708733574,-3.0712762282871227,lower_limit,-0.009920262379313784,-0.30992026237931375,94
hand_friction_sweep_joint17_joint_5_2_20260811_141424.csv,107,17,joint_5_2,1,0.3,0.3,0.5815584659576416,-0.156032435128293,1.5138985931798814,1.6699310283081745,2.871475743300082,upper_limit,-0.007623115788400471,0.29237688421159946,108
hand_friction_sweep_joint17_joint_5_2_20260811_141424.csv,108,17,joint_5_2,-1,0.3,-0.3,0.5056700706481934,1.5596262195821329,-0.007679448708775,-1.567305668290908,-3.0994629883509943,lower_limit,-0.00989260063365403,-0.30989260063365404,94
hand_friction_sweep_joint17_joint_5_2_20260811_141424.csv,109,17,joint_5_2,1,0.3,0.3,0.5751500129699707,-0.1415462023367401,1.4971434323607358,1.6386896346974757,2.8491516956342897,upper_limit,-0.007524171195068568,0.2924758288049314,107
hand_friction_sweep_joint17_joint_5_2_20260811_141424.csv,110,17,joint_5_2,-1,0.3,-0.3,0.5112075805664064,1.570621793869697,-0.0265290046303138,-1.5971507985000106,-3.1242705687783503,lower_limit,-0.009841995440544787,-0.30984199544054475,95
hand_friction_sweep_joint17_joint_5_2_20260811_141424.csv,111,17,joint_5_2,1,0.3,0.3,0.570767641067505,-0.1549852375770964,1.484751594671576,1.6397368322486723,2.872862289778512,upper_limit,-0.007475956124141191,0.29252404387585873,106
hand_friction_sweep_joint17_joint_5_2_20260811_141424.csv,112,17,joint_5_2,-1,0.3,-0.3,0.5165050029754639,1.5557864952277451,-0.0275762021815104,-1.5833626974092556,-3.065532159974977,lower_limit,-0.009805453433800257,-0.30980545343380034,96
hand_friction_sweep_joint17_joint_5_2_20260811_141424.csv,113,17,joint_5_2,1,0.3,0.3,0.5795471668243408,-0.1610938899590766,1.5020303542663198,1.6631242442253964,2.8696960996955143,upper_limit,-0.007475750986117369,0.2925242490138825,108
hand_friction_sweep_joint17_joint_5_2_20260811_141424.csv,114,17,joint_5_2,-1,0.3,-0.3,0.5058767795562744,1.5557864952277451,-0.0111701072127637,-1.5669566024405088,-3.09750647937419,lower_limit,-0.009990208665969266,-0.3099902086659693,94
hand_friction_sweep_joint17_joint_5_2_20260811_141424.csv,115,17,joint_5_2,1,0.3,0.3,0.5824840068817139,-0.1364847475059565,1.5039502164435137,1.6404349639494702,2.8162746866328923,upper_limit,-0.00759310513770936,0.2924068948622906,107
hand_friction_sweep_joint17_joint_5_2_20260811_141424.csv,116,17,joint_5_2,-1,0.3,-0.3,0.5133697986602784,1.5615460817593263,-0.0150098315671512,-1.5765559133264775,-3.070994665912867,lower_limit,-0.009881340925475322,-0.3098813409254753,95
hand_friction_sweep_joint17_joint_5_2_20260811_141424.csv,117,17,joint_5_2,1,0.3,0.3,0.5815961360931396,-0.1534144412503015,1.4981906299119323,1.6516050711622339,2.839779992791661,upper_limit,-0.007522309351994246,0.29247769064800566,108
hand_friction_sweep_joint17_joint_5_2_20260811_141424.csv,118,17,joint_5_2,-1,0.3,-0.3,0.5053670406341553,1.554913830601748,-0.0031415926535897,-1.5580554232553376,-3.0830174862615216,lower_limit,-0.00992758926084717,-0.3099275892608472,94
hand_friction_sweep_joint17_joint_5_2_20260811_141424.csv,119,17,joint_5_2,1,0.3,0.3,0.5822148323059082,-0.1569050997542902,1.52663949671944,1.6835445964737303,2.891620932785099,upper_limit,-0.007591827583535892,0.292408172416464,108
hand_friction_sweep_joint17_joint_5_2_20260811_141424.csv,120,17,joint_5_2,-1,0.3,-0.3,0.5051865577697754,1.5414747953613916,-0.0176278254451427,-1.5591026208065344,-3.0861918173148455,lower_limit,-0.00988975112753862,-0.30988975112753864,94
hand_friction_sweep_joint18_joint_5_3_20260811_145243.csv,1,18,joint_5_3,1,0.05,0.05,8.004893779754639,-1.5264649637942405,0.6565928646002667,2.183057828394507,0.2727154024099269,timeout,0.002778290875818535,0.05277829087581849,1456
hand_friction_sweep_joint18_joint_5_3_20260811_145243.csv,2,18,joint_5_3,-1,0.05,-0.05,8.001188516616821,1.60657557646078,-0.3057816849494065,-1.9123572614101865,-0.23900914938307155,timeout,-0.003207396925540984,-0.05320739692554095,1456
hand_friction_sweep_joint18_joint_5_3_20260811_145243.csv,3,18,joint_5_3,1,0.05,0.05,8.001420974731445,-1.523846969916249,0.6539748707222752,2.177821840638524,0.2721793850762388,timeout,0.0028646213734556817,0.05286462137345565,1455
hand_friction_sweep_joint18_joint_5_3_20260811_145243.csv,4,18,joint_5_3,-1,0.05,-0.05,8.005007028579712,1.60971716911437,-0.2083923126881229,-1.8181094818024928,-0.2271215347233831,timeout,-0.003610601737214021,-0.053610601737213985,1458
hand_friction_sweep_joint18_joint_5_3_20260811_145243.csv,5,18,joint_5_3,1,0.05,0.05,7.9999611377716064,-1.5365878734558076,0.6386159733047251,2.1752038467605326,0.2719018016838063,timeout,0.0029943640435399956,0.05299436404353995,1456
hand_friction_sweep_joint18_joint_5_3_20260811_145243.csv,6,18,joint_5_3,-1,0.05,-0.05,7.999830484390259,1.6180947495239428,-0.2464404903815993,-1.8645352399055422,-0.23307184365265404,timeout,-0.003474959305465101,-0.05347495930546506,1456
hand_friction_sweep_joint18_joint_5_3_20260811_145243.csv,7,18,joint_5_3,1,0.05,0.05,8.000972986221313,-1.5433946575385855,0.6607816548050531,2.2041763123436384,0.2754885332245851,timeout,0.0028947666330215276,0.05289476663302149,1456
hand_friction_sweep_joint18_joint_5_3_20260811_145243.csv,8,18,joint_5_3,-1,0.05,-0.05,7.441956281661987,1.6231562043547263,-0.2467895562319981,-1.8699457605867245,-0.2512707263807139,q_not_changing,-0.004190583128874146,-0.05419058312887411,1353
hand_friction_sweep_joint18_joint_5_3_20260811_145243.csv,9,18,joint_5_3,1,0.05,0.05,8.0020010471344,-1.5423474599873888,0.6665412413366344,2.2088887013240233,0.2760420410236074,timeout,0.002801480524212352,0.05280148052421232,1457
hand_friction_sweep_joint18_joint_5_3_20260811_145243.csv,10,18,joint_5_3,-1,0.05,-0.05,8.00290036201477,1.6376424371462792,-0.3288200310757316,-1.9664624682220109,-0.24571872437094094,timeout,-0.0034368241336362733,-0.05343682413363624,1456
hand_friction_sweep_joint18_joint_5_3_20260811_145243.csv,11,18,joint_5_3,1,0.05,0.05,8.003473997116089,-1.5353661429794117,0.6689847022894264,2.204350845268838,0.2754242527761241,timeout,0.00278681890546466,0.05278681890546462,1456
hand_friction_sweep_joint18_joint_5_3_20260811_145243.csv,12,18,joint_5_3,-1,0.05,-0.05,8.003559350967407,1.6196655458507376,-0.3364994797845067,-1.9561650256352443,-0.2444118847446041,timeout,-0.003322558702662542,-0.053322558702662504,1457
hand_friction_sweep_joint18_joint_5_3_20260811_145243.csv,13,18,joint_5_3,1,0.05,0.05,8.004258632659912,-1.5273376284202376,0.6738716241950106,2.2012092526152482,0.2750047635434488,timeout,0.0027420591023938623,0.05274205910239382,1457
hand_friction_sweep_joint18_joint_5_3_20260811_145243.csv,14,18,joint_5_3,-1,0.05,-0.05,8.00188136100769,1.6242034019059228,-0.3361504139341078,-1.9603538158400307,-0.2449866134472606,timeout,-0.003280239754343703,-0.05328023975434367,1455
hand_friction_sweep_joint18_joint_5_3_20260811_145243.csv,15,18,joint_5_3,1,0.05,0.05,8.00142502784729,-1.539554933184198,0.6766641509982015,2.2162190841823994,0.27697804784389174,timeout,0.0027331158134924457,0.0527331158134924,1457
hand_friction_sweep_joint18_joint_5_3_20260811_145243.csv,16,18,joint_5_3,-1,0.05,-0.05,8.00028920173645,1.6360716408194844,-0.3371976114853044,-1.9732692523047888,-0.24664974009645724,timeout,-0.003308712835908969,-0.05330871283590893,1455
hand_friction_sweep_joint18_joint_5_3_20260811_145243.csv,17,18,joint_5_3,1,0.05,0.05,8.004596471786499,-1.537635071007004,0.6766641509982015,2.2142992220052053,0.27662846338473934,timeout,0.0026951691549335723,0.05269516915493353,1457
hand_friction_sweep_joint18_joint_5_3_20260811_145243.csv,18,18,joint_5_3,-1,0.05,-0.05,8.003196477890015,1.656491993067818,-0.3349286834577118,-1.9914206765255298,-0.24882816285057063,timeout,-0.0034686965970384754,-0.05346869659703844,1458
hand_friction_sweep_joint18_joint_5_3_20260811_145243.csv,19,18,joint_5_3,1,0.05,0.05,8.000955581665039,-1.5261158979438416,0.6750933546714066,2.2012092526152482,0.27511829432718404,timeout,0.002723652906613307,0.052723652906613266,1458
hand_friction_sweep_joint18_joint_5_3_20260811_145243.csv,20,18,joint_5_3,-1,0.05,-0.05,8.003352165222168,1.632231916465097,-0.3352777493081106,-1.9675096657732074,-0.245835697987006,timeout,-0.0033669955407606257,-0.05336699554076058,1457
hand_friction_sweep_joint18_joint_5_3_20260811_145243.csv,21,18,joint_5_3,1,0.1,0.1,4.081891059875488,-1.5388568014834003,1.4851006605219748,3.023957462005375,0.7408226769524849,upper_limit,-0.0010652443172967999,0.09893475568270316,743
hand_friction_sweep_joint18_joint_5_3_20260811_145243.csv,22,18,joint_5_3,-1,0.1,-0.1,4.558970928192139,1.5107570005262916,-1.4870205226991686,-2.9977775232254604,-0.6575557445842783,lower_limit,0.0039022424831740114,-0.09609775751682592,830
hand_friction_sweep_joint18_joint_5_3_20260811_145243.csv,23,18,joint_5_3,1,0.1,0.1,4.035764932632446,-1.506917276171904,1.4873695885495677,2.994286864721472,0.7419378766365265,upper_limit,-0.0011053699056828932,0.09889463009431705,734
hand_friction_sweep_joint18_joint_5_3_20260811_145243.csv,24,18,joint_5_3,-1,0.1,-0.1,4.509744167327881,1.499586893313528,-1.484751594671576,-2.984338487985104,-0.6617533893842559,lower_limit,0.0037931155578366637,-0.09620688444216327,822
hand_friction_sweep_joint18_joint_5_3_20260811_145243.csv,25,18,joint_5_3,1,0.1,0.1,4.024005889892578,-1.4924310433803512,1.488416786100764,2.980847829481115,0.7407662689978541,upper_limit,-0.0010923632836900635,0.09890763671630991,732
hand_friction_sweep_joint18_joint_5_3_20260811_145243.csv,26,18,joint_5_3,-1,0.1,-0.1,4.491857051849365,1.507266342022303,-1.4851006605219748,-2.9923670025442775,-0.6661759196705236,lower_limit,0.0037841240561305536,-0.09621587594386939,818
hand_friction_sweep_joint18_joint_5_3_20260811_145243.csv,27,18,joint_5_3,1,0.1,0.1,4.010243892669678,-1.5042992822939123,1.4864969239235704,2.9907962062174827,0.7457891056662058,upper_limit,-0.00110007299660719,0.09889992700339276,730
hand_friction_sweep_joint18_joint_5_3_20260811_145243.csv,28,18,joint_5_3,-1,0.1,-0.1,4.494263887405396,1.5081390066483,-1.4870205226991686,-2.9951595293474687,-0.6664405127035425,lower_limit,0.0037678057027384264,-0.09623219429726151,818
hand_friction_sweep_joint18_joint_5_3_20260811_145243.csv,29,18,joint_5_3,1,0.1,0.1,4.008513450622559,-1.5049974139947102,1.4838789300455788,2.988876344040289,0.7456321104712994,upper_limit,-0.0010765691818119,0.09892343081818805,730
hand_friction_sweep_joint18_joint_5_3_20260811_145243.csv,30,18,joint_5_3,-1,0.1,-0.1,4.485856056213379,1.5168656529082716,-1.4854497263723738,-3.0023153792806454,-0.6692848236006426,lower_limit,0.0037916525194120797,-0.09620834748058787,816
hand_friction_sweep_joint18_joint_5_3_20260811_145243.csv,31,18,joint_5_3,1,0.1,0.1,4.00696063041687,-1.5074408749475023,1.4889403848763625,2.996381259823865,0.7477940354787395,upper_limit,-0.0011048750966636861,0.09889512490333628,730
hand_friction_sweep_joint18_joint_5_3_20260811_145243.csv,32,18,joint_5_3,-1,0.1,-0.1,4.485555410385132,1.505695545695508,-1.4873695885495677,-2.9930651342450756,-0.6672674530595286,lower_limit,0.003780496136378553,-0.0962195038636214,816
hand_friction_sweep_joint18_joint_5_3_20260811_145243.csv,33,18,joint_5_3,1,0.1,0.1,4.012937307357788,-1.4973179652859352,1.4854497263723738,2.9827676916583092,0.7432878869523714,upper_limit,-0.0010737397632344836,0.09892626023676548,732
hand_friction_sweep_joint18_joint_5_3_20260811_145243.csv,34,18,joint_5_3,-1,0.1,-0.1,4.478726625442505,1.4980160969867329,-1.485973325147972,-2.983989422134705,-0.6662584416703224,lower_limit,0.0037722423666091986,-0.09622775763339075,816
hand_friction_sweep_joint18_joint_5_3_20260811_145243.csv,35,18,joint_5_3,1,0.1,0.1,4.000579357147217,-1.5049974139947102,1.4854497263723738,2.990447140367084,0.7475035172154538,upper_limit,-0.001038812196413867,0.0989611878035861,728
hand_friction_sweep_joint18_joint_5_3_20260811_145243.csv,36,18,joint_5_3,-1,0.1,-0.1,4.476375579833984,1.4969688994355363,-1.4840534629707782,-2.9810223624063146,-0.6659455421559761,lower_limit,0.003749345729452413,-0.09625065427054755,814
hand_friction_sweep_joint18_joint_5_3_20260811_145243.csv,37,18,joint_5_3,1,0.1,0.1,4.001709461212158,-1.492081977529952,1.4864969239235704,2.978578901453522,0.7443266259893042,upper_limit,-0.0010944434068311023,0.09890555659316885,728
hand_friction_sweep_joint18_joint_5_3_20260811_145243.csv,38,18,joint_5_3,-1,0.1,-0.1,4.486440658569336,1.513025928553884,-1.4870205226991686,-3.000046451253053,-0.6686918828454373,lower_limit,0.0037794345851979868,-0.09622056541480196,816
hand_friction_sweep_joint18_joint_5_3_20260811_145243.csv,39,18,joint_5_3,1,0.1,0.1,4.000002145767212,-1.5123277968530864,1.4870205226991686,2.9993483195522552,0.7498366776443245,upper_limit,-0.0010887433668370066,0.09891125663316297,728
hand_friction_sweep_joint18_joint_5_3_20260811_145243.csv,40,18,joint_5_3,-1,0.1,-0.1,4.475022792816162,1.5119787310026875,-1.4840534629707782,-2.9960321939734658,-0.669500990873846,lower_limit,0.003764886492722746,-0.0962351135072772,814
hand_friction_sweep_joint18_joint_5_3_20260811_145243.csv,41,18,joint_5_3,1,0.15,0.15,2.349830150604248,-1.500808623789924,1.4838789300455788,2.984687553835503,1.270171613496407,upper_limit,0.00017116668797685758,0.15017116668797684,428
hand_friction_sweep_joint18_joint_5_3_20260811_145243.csv,42,18,joint_5_3,-1,0.15,-0.15,2.5107736587524414,1.5440927892393832,-1.4873695885495677,-3.0314623777889507,-1.2073817833883242,lower_limit,0.0022590496544658873,-0.14774095034553408,458
hand_friction_sweep_joint18_joint_5_3_20260811_145243.csv,43,18,joint_5_3,1,0.15,0.15,2.370755195617676,-1.515818455357075,1.4957471689591402,3.011565624316215,1.2702980172238252,upper_limit,0.00024464468059467385,0.15024464468059462,432
hand_friction_sweep_joint18_joint_5_3_20260811_145243.csv,44,18,joint_5_3,-1,0.15,-0.15,2.5128297805786133,1.5399039990345968,-1.4885913190259634,-3.0284953180605605,-1.2052130794801421,lower_limit,0.0022007082722814786,-0.14779929172771847,458
hand_friction_sweep_joint18_joint_5_3_20260811_145243.csv,45,18,joint_5_3,1,0.15,0.15,2.3694541454315186,-1.5289084247470326,1.4946999714079436,3.0236083961549762,1.2760780376293481,upper_limit,0.00026669481069364334,0.1502666948106936,432
hand_friction_sweep_joint18_joint_5_3_20260811_145243.csv,46,18,joint_5_3,-1,0.15,-0.15,2.5109870433807373,1.5353661429794117,-1.485973325147972,-3.0213394681273837,-1.2032477332338278,lower_limit,0.0022274060343419238,-0.14777259396565803,458
hand_friction_sweep_joint18_joint_5_3_20260811_145243.csv,47,18,joint_5_3,1,0.15,0.15,2.3570659160614014,-1.517738317534269,1.488416786100764,3.0061551036350327,1.2753801593543228,upper_limit,0.00024778157791164506,0.1502477815779116,430
hand_friction_sweep_joint18_joint_5_3_20260811_145243.csv,48,18,joint_5_3,-1,0.15,-0.15,2.5012009143829346,1.5310028198494257,-1.491209312903955,-3.0222121327533804,-1.2083044250361563,lower_limit,0.0022121174005918856,-0.14778788259940806,456
hand_friction_sweep_joint18_joint_5_3_20260811_145243.csv,49,18,joint_5_3,1,0.15,0.15,2.3585703372955322,-1.5308282869242262,1.490336648277958,3.0211649352021843,1.280930607592742,upper_limit,0.00026986975018198847,0.15026986975018194,430
hand_friction_sweep_joint18_joint_5_3_20260811_145243.csv,50,18,joint_5_3,-1,0.15,-0.15,2.5033602714538574,1.5440927892393832,-1.4873695885495677,-3.0314623777889507,-1.2109572930261419,lower_limit,0.002229474364300142,-0.1477705256356998,456
hand_friction_sweep_joint18_joint_5_3_20260811_145243.csv,51,18,joint_5_3,1,0.15,0.15,2.3599631786346436,-1.5392058673337992,1.490336648277958,3.029542515611757,1.2837244847881477,upper_limit,0.0002878660774364835,0.15028786607743647,430
hand_friction_sweep_joint18_joint_5_3_20260811_145243.csv,52,18,joint_5_3,-1,0.15,-0.15,2.5025575160980225,1.547583447743372,-1.4901621153527584,-3.0377455630961308,-1.2138564422817228,lower_limit,0.0021950749486962244,-0.14780492505130374,456
hand_friction_sweep_joint18_joint_5_3_20260811_145243.csv,53,18,joint_5_3,1,0.15,0.15,2.3599419593811035,-1.5273376284202376,1.4938273067819463,3.021164935202184,1.2801861177952387,upper_limit,0.0002814628998864679,0.1502814628998864,430
hand_friction_sweep_joint18_joint_5_3_20260811_145243.csv,54,18,joint_5_3,-1,0.15,-0.15,2.4916605949401855,1.5364133405306082,-1.4851006605219748,-3.0215140010525827,-1.2126507146231595,lower_limit,0.0022100342623552916,-0.14778996573764466,454
hand_friction_sweep_joint18_joint_5_3_20260811_145243.csv,55,18,joint_5_3,1,0.15,0.15,2.355578660964966,-1.5261158979438416,1.49278010923075,3.0188960071745914,1.2815942244687752,upper_limit,0.00025947416506577874,0.15025947416506574,430
hand_friction_sweep_joint18_joint_5_3_20260811_145243.csv,56,18,joint_5_3,-1,0.15,-0.15,2.5098628997802734,1.554041165975751,-1.493652773856747,-3.047693939832498,-1.2142870194620228,lower_limit,0.002224719854874586,-0.14777528014512537,458
hand_friction_sweep_joint18_joint_5_3_20260811_145243.csv,57,18,joint_5_3,1,0.15,0.15,2.3566691875457764,-1.5308282869242262,1.4950490372583425,3.0258773241825687,1.2839635448935038,upper_limit,0.00027883671546471164,0.15027883671546466,430
hand_friction_sweep_joint18_joint_5_3_20260811_145243.csv,58,18,joint_5_3,-1,0.15,-0.15,2.5088024139404297,1.537635071007004,-1.4962707677347389,-3.0339058387417426,-1.209304416275877,lower_limit,0.002270385167237556,-0.1477296148327624,458
hand_friction_sweep_joint18_joint_5_3_20260811_145243.csv,59,18,joint_5_3,1,0.15,0.15,2.3582916259765625,-1.5273376284202376,1.4957471689591402,3.0230847973793775,1.2818960827745491,upper_limit,0.00029509683801892905,0.15029509683801892,430
hand_friction_sweep_joint18_joint_5_3_20260811_145243.csv,60,18,joint_5_3,-1,0.15,-0.15,2.500357151031494,1.5406021307353943,-1.4878931873251655,-3.0284953180605596,-1.2112250911079596,lower_limit,0.0022161750532896022,-0.14778382494671033,456
hand_friction_sweep_joint18_joint_5_3_20260811_145243.csv,61,18,joint_5_3,1,0.2,0.2,1.6755566596984863,-1.5308282869242262,1.4838789300455788,3.0147072169698053,1.799227259502103,upper_limit,0.0009570983012996531,0.20095709830129962,306
hand_friction_sweep_joint18_joint_5_3_20260811_145243.csv,62,18,joint_5_3,-1,0.2,-0.2,1.7622861862182617,1.5632914110113207,-1.4901621153527584,-3.053453526364079,-1.7326660960309568,lower_limit,0.0014687651904551477,-0.19853123480954482,322
hand_friction_sweep_joint18_joint_5_3_20260811_145243.csv,63,18,joint_5_3,1,0.2,0.2,1.6769497394561768,-1.5334462808022178,1.4845770617463765,3.0180233425485943,1.7997100757040687,upper_limit,0.0010261658755035146,0.2010261658755035,306
hand_friction_sweep_joint18_joint_5_3_20260811_145243.csv,64,18,joint_5_3,-1,0.2,-0.2,1.764021635055542,1.5652112731885146,-1.4985396957623311,-3.0637509689508455,-1.7367989757418028,lower_limit,0.0015197595213718215,-0.19848024047862814,324
hand_friction_sweep_joint18_joint_5_3_20260811_145243.csv,65,18,joint_5_3,1,0.2,0.2,1.6749706268310547,-1.5369369393062065,1.4864969239235704,3.023433863229777,1.8050667962756666,upper_limit,0.0010096436516682087,0.20100964365166818,306
hand_friction_sweep_joint18_joint_5_3_20260811_145243.csv,66,18,joint_5_3,-1,0.2,-0.2,1.7524805068969727,1.5543902318261498,-1.4840534629707782,-3.038443694796928,-1.7337960010619144,lower_limit,0.0013950020151622382,-0.19860499798483772,320
hand_friction_sweep_joint18_joint_5_3_20260811_145243.csv,67,18,joint_5_3,1,0.2,0.2,1.6786460876464844,-1.5337953466526166,1.4980160969867329,3.0318114436393495,1.806105209401254,upper_limit,0.0008972766449065278,0.2008972766449065,306
hand_friction_sweep_joint18_joint_5_3_20260811_145243.csv,68,18,joint_5_3,-1,0.2,-0.2,1.7644407749176025,1.5697491292436998,-1.489289450726761,-3.059038579970461,-1.7337156471649295,lower_limit,0.0013288389155555063,-0.19867116108444446,322
hand_friction_sweep_joint18_joint_5_3_20260811_145243.csv,69,18,joint_5_3,1,0.2,0.2,1.6752922534942627,-1.531875484475423,1.4889403848763625,3.0208158693517855,1.8031575464227685,upper_limit,0.0009853522620271555,0.20098535226202713,306
hand_friction_sweep_joint18_joint_5_3_20260811_145243.csv,70,18,joint_5_3,-1,0.2,-0.2,1.7547953128814697,1.560149818357731,-1.4851006605219748,-3.045250478879706,-1.7353878577890878,lower_limit,0.0014176076989080722,-0.19858239230109187,320
hand_friction_sweep_joint18_joint_5_3_20260811_145243.csv,71,18,joint_5_3,1,0.2,0.2,1.6801683902740479,-1.52349790406585,1.4941763726323454,3.0176742766981954,1.7960546658100087,upper_limit,0.0008871095484576721,0.20088710954845765,306
hand_friction_sweep_joint18_joint_5_3_20260811_145243.csv,72,18,joint_5_3,-1,0.2,-0.2,1.7667193412780762,1.5683528658421044,-1.4973179652859352,-3.0656708311280396,-1.7352336387002356,lower_limit,0.0014134837621952979,-0.19858651623780468,322
hand_friction_sweep_joint18_joint_5_3_20260811_145243.csv,73,18,joint_5_3,1,0.2,0.2,1.6754875183105469,-1.5360642746802091,1.4985396957623311,3.0346039704425403,1.8111767096316171,upper_limit,0.0009176766468283953,0.20091767664682836,306
hand_friction_sweep_joint18_joint_5_3_20260811_145243.csv,74,18,joint_5_3,-1,0.2,-0.2,1.764530897140503,1.5859806912872472,-1.4962707677347389,-3.082251459021986,-1.746782368059922,lower_limit,0.0014440333210905185,-0.19855596667890946,322
hand_friction_sweep_joint18_joint_5_3_20260811_145243.csv,75,18,joint_5_3,1,0.2,0.2,1.67840051651001,-1.5322245503258218,1.4957471689591402,3.0279717192849622,1.804081737046405,upper_limit,0.00095625546583513,0.20095625546583512,306
hand_friction_sweep_joint18_joint_5_3_20260811_145243.csv,76,18,joint_5_3,-1,0.2,-0.2,1.761836767196655,1.5713199255704948,-1.4962707677347389,-3.0675906933052337,-1.7411321811533242,lower_limit,0.0013847399320614227,-0.19861526006793853,322
hand_friction_sweep_joint18_joint_5_3_20260811_145243.csv,77,18,joint_5_3,1,0.2,0.2,1.676651954650879,-1.5241960357666475,1.5027284859671175,3.026924521733765,1.8053386174377775,upper_limit,0.0009085300941812485,0.20090853009418122,306
hand_friction_sweep_joint18_joint_5_3_20260811_145243.csv,78,18,joint_5_3,-1,0.2,-0.2,1.763695478439331,1.5805701706060646,-1.4985396957623311,-3.0791098663683956,-1.7458285197244232,lower_limit,0.001391125967938842,-0.19860887403206115,322
hand_friction_sweep_joint18_joint_5_3_20260811_145243.csv,79,18,joint_5_3,1,0.2,0.2,1.6682343482971191,-1.525068700392645,1.4851006605219748,3.01016936091462,1.8044043775907777,upper_limit,0.0009620430687109173,0.2009620430687109,304
hand_friction_sweep_joint18_joint_5_3_20260811_145243.csv,80,18,joint_5_3,-1,0.2,-0.2,1.7563378810882568,1.5591026208065344,-1.500459557939525,-3.0595621787460594,-1.7420122925608725,lower_limit,0.001502112074349663,-0.19849788792565032,320
hand_friction_sweep_joint18_joint_5_3_20260811_145243.csv,81,18,joint_5_3,1,0.25,0.25,1.316540241241455,-1.5346680112786135,1.505695545695508,3.040363556974121,2.3093586217365876,upper_limit,0.001287868478493092,0.25128786847849305,240
hand_friction_sweep_joint18_joint_5_3_20260811_145243.csv,82,18,joint_5_3,-1,0.25,-0.25,1.3707003593444824,1.6062265106103812,-1.4866714568487698,-3.092897967459151,-2.25643624178977,lower_limit,0.0007369749686642191,-0.24926302503133577,250
hand_friction_sweep_joint18_joint_5_3_20260811_145243.csv,83,18,joint_5_3,1,0.25,0.25,1.3161907196044924,-1.5322245503258218,1.5015067554907215,3.033731305816543,2.3049329102762264,upper_limit,0.001239264077974689,0.2512392640779747,240
hand_friction_sweep_joint18_joint_5_3_20260811_145243.csv,84,18,joint_5_3,-1,0.25,-0.25,1.3802130222320557,1.6184438153743417,-1.500808623789924,-3.1192524391642658,-2.2599789952132654,lower_limit,0.000968030901865945,-0.24903196909813402,252
hand_friction_sweep_joint18_joint_5_3_20260811_145243.csv,85,18,joint_5_3,1,0.25,0.25,1.304619789123535,-1.522276173589454,1.4845770617463765,3.0068532353358304,2.304773590285553,upper_limit,0.0013601718000342473,0.2513601718000342,238
hand_friction_sweep_joint18_joint_5_3_20260811_145243.csv,86,18,joint_5_3,-1,0.25,-0.25,1.370166540145874,1.59435827169682,-1.5011576896403227,-3.095515961337143,-2.2592260653274896,lower_limit,0.0009408357404144265,-0.24905916425958555,250
hand_friction_sweep_joint18_joint_5_3_20260811_145243.csv,87,18,joint_5_3,1,0.25,0.25,1.3061668872833252,-1.5261158979438416,1.4877186543999663,3.013834552343808,2.3073885746807075,upper_limit,0.0013233666597431224,0.25132336665974314,238
hand_friction_sweep_joint18_joint_5_3_20260811_145243.csv,88,18,joint_5_3,-1,0.25,-0.25,1.3605849742889404,1.5870278888384437,-1.490860247053556,-3.0778881358919996,-2.2621800137845445,lower_limit,0.0008404247947265149,-0.24915957520527346,248
hand_friction_sweep_joint18_joint_5_3_20260811_145243.csv,89,18,joint_5_3,1,0.25,0.25,1.3030712604522705,-1.5273376284202376,1.491209312903955,3.0185469413241925,2.3164864677289514,upper_limit,0.0014129045920631422,0.2514129045920631,238
hand_friction_sweep_joint18_joint_5_3_20260811_145243.csv,90,18,joint_5_3,-1,0.25,-0.25,1.3705296516418457,1.5796975059800675,-1.4950490372583425,-3.07474654323841,-2.243473199981462,lower_limit,0.0010206872835063717,-0.24897931271649362,250
hand_friction_sweep_joint18_joint_5_3_20260811_145243.csv,91,18,joint_5_3,1,0.25,0.25,1.3040947914123535,-1.5442673221645826,1.4938273067819463,3.0380946289465287,2.3296578200854774,upper_limit,0.0013353985320945358,0.2513353985320945,238
hand_friction_sweep_joint18_joint_5_3_20260811_145243.csv,92,18,joint_5_3,-1,0.25,-0.25,1.3602678775787354,1.6039575825827888,-1.484751594671576,-3.0887091772543647,-2.270662439483787,lower_limit,0.0008223490357429042,-0.24917765096425706,248
hand_friction_sweep_joint18_joint_5_3_20260811_145243.csv,93,18,joint_5_3,1,0.25,0.25,1.304481029510498,-1.537635071007004,1.4922565104551515,3.0298915814621554,2.322679680975592,upper_limit,0.00131757818596999,0.25131757818596995,238
hand_friction_sweep_joint18_joint_5_3_20260811_145243.csv,94,18,joint_5_3,-1,0.25,-0.25,1.3701186180114746,1.608495438637974,-1.4969688994355363,-3.10546433807351,-2.2665660456323367,lower_limit,0.0008281128568808631,-0.24917188714311908,250
hand_friction_sweep_joint18_joint_5_3_20260811_145243.csv,95,18,joint_5_3,1,0.25,0.25,1.3027429580688474,-1.5426965258377878,1.485798792222773,3.0284953180605605,2.324706726912517,upper_limit,0.0013885026187021093,0.25138850261870205,238
hand_friction_sweep_joint18_joint_5_3_20260811_145243.csv,96,18,joint_5_3,-1,0.25,-0.25,1.3613953590393064,1.592787475370025,-1.4889403848763625,-3.081727860246388,-2.263653860566313,lower_limit,0.0008962388668456016,-0.24910376113315436,249
hand_friction_sweep_joint18_joint_5_3_20260811_145243.csv,97,18,joint_5_3,1,0.25,0.25,1.3034515380859375,-1.539554933184198,1.4985396957623311,3.038094628946529,2.3308075062060536,upper_limit,0.001258854718581296,0.2512588547185812,238
hand_friction_sweep_joint18_joint_5_3_20260811_145243.csv,98,18,joint_5_3,-1,0.25,-0.25,1.369903326034546,1.5997687923780024,-1.4950490372583425,-3.094817829636345,-2.259150533340847,lower_limit,0.0008731499075491716,-0.2491268500924508,250
hand_friction_sweep_joint18_joint_5_3_20260811_145243.csv,99,18,joint_5_3,1,0.25,0.25,1.3038055896759033,-1.5426965258377878,1.489987582427559,3.0326841082653466,2.3260247787549395,upper_limit,0.0013264559136731092,0.2513264559136731,238
hand_friction_sweep_joint18_joint_5_3_20260811_145243.csv,100,18,joint_5_3,-1,0.25,-0.25,1.3669395446777344,1.598896127752005,-1.5020303542663198,-3.100926482018325,-2.2685176488543175,lower_limit,0.000883788477020837,-0.2491162115229791,250
hand_friction_sweep_joint18_joint_5_3_20260811_145243.csv,101,18,joint_5_3,1,0.3,0.3,1.0728213787078855,-1.5372860051566053,1.490860247053556,3.028146252210161,2.82260058599623,upper_limit,0.001626390324528746,0.3016263903245287,196
hand_friction_sweep_joint18_joint_5_3_20260811_145243.csv,102,18,joint_5_3,-1,0.3,-0.3,1.1274793148040771,1.6184438153743417,-1.5119787310026875,-3.130422546377029,-2.7764789165298387,lower_limit,0.0004573963804183046,-0.2995426036195817,206
hand_friction_sweep_joint18_joint_5_3_20260811_145243.csv,103,18,joint_5_3,1,0.3,0.3,1.071295976638794,-1.5388568014834003,1.4999359591639267,3.0387927606473273,2.8365576151808036,upper_limit,0.0015814596229955491,0.30158145962299554,196
hand_friction_sweep_joint18_joint_5_3_20260811_145243.csv,104,18,joint_5_3,-1,0.3,-0.3,1.1274704933166504,1.6219344738783303,-1.505870078620707,-3.1278045524990374,-2.7741786335339533,lower_limit,0.0004111297773690007,-0.299588870222631,206
hand_friction_sweep_joint18_joint_5_3_20260811_145243.csv,105,18,joint_5_3,1,0.3,0.3,1.0737636089324951,-1.5269885625698387,1.4992378274631288,3.0262263900329676,2.818335772285629,upper_limit,0.0016696767360892862,0.3016696767360893,196
hand_friction_sweep_joint18_joint_5_3_20260811_145243.csv,106,18,joint_5_3,-1,0.3,-0.3,1.1251277923583984,1.6334536469414929,-1.5055210127703085,-3.1389746597118013,-2.7898827857875115,lower_limit,0.0003683813512572031,-0.29963161864874277,206
hand_friction_sweep_joint18_joint_5_3_20260811_145243.csv,107,18,joint_5_3,1,0.3,0.3,1.0695085525512695,-1.537635071007004,1.4838789300455788,3.0215140010525827,2.8251424393427085,upper_limit,0.0016808361189235724,0.30168083611892355,196
hand_friction_sweep_joint18_joint_5_3_20260811_145243.csv,108,18,joint_5_3,-1,0.3,-0.3,1.1151413917541504,1.6228071385043277,-1.4901621153527584,-3.112969253857086,-2.791546683564757,lower_limit,0.00038306975916538256,-0.2996169302408346,204
hand_friction_sweep_joint18_joint_5_3_20260811_145243.csv,109,18,joint_5_3,1,0.3,0.3,1.0700223445892334,-1.5346680112786135,1.4969688994355363,3.03163691071415,2.8332463579327896,upper_limit,0.0015400794736751347,0.3015400794736751,196
hand_friction_sweep_joint18_joint_5_3_20260811_145243.csv,110,18,joint_5_3,-1,0.3,-0.3,1.1250410079956055,1.6299629884375042,-1.4973179652859352,-3.1272809537234396,-2.7797039676758657,lower_limit,0.0003347118184114087,-0.29966528818158855,206
hand_friction_sweep_joint18_joint_5_3_20260811_145243.csv,111,18,joint_5_3,1,0.3,0.3,1.0677566528320312,-1.52349790406585,1.4938273067819463,3.0173252108477966,2.825854751496877,upper_limit,0.0016351568781530071,0.301635156878153,196
hand_friction_sweep_joint18_joint_5_3_20260811_145243.csv,112,18,joint_5_3,-1,0.3,-0.3,1.126016616821289,1.6341517786422906,-1.5088371383490975,-3.142988916991388,-2.7912455909078417,lower_limit,0.0003710715839022443,-0.29962892841609773,206
hand_friction_sweep_joint18_joint_5_3_20260811_145243.csv,113,18,joint_5_3,1,0.3,0.3,1.0630898475646973,-1.5357152088298105,1.485798792222773,3.0215140010525836,2.842200034149702,upper_limit,0.0017743273016267442,0.3017743273016267,194
hand_friction_sweep_joint18_joint_5_3_20260811_145243.csv,114,18,joint_5_3,-1,0.3,-0.3,1.1144218444824219,1.611287965441165,-1.4924310433803512,-3.103719008821516,-2.785048609903188,lower_limit,0.00040490214918435335,-0.2995950978508157,204
hand_friction_sweep_joint18_joint_5_3_20260811_145243.csv,115,18,joint_5_3,1,0.3,0.3,1.0697360038757324,-1.5212289760382576,1.5037756835183145,3.025004659556572,2.827804849604722,upper_limit,0.0016272348594190604,0.30162723485941906,196
hand_friction_sweep_joint18_joint_5_3_20260811_145243.csv,116,18,joint_5_3,-1,0.3,-0.3,1.1283156871795654,1.6414821615006667,-1.506917276171904,-3.1483994376725706,-2.790353332357347,lower_limit,0.00046112830674251485,-0.29953887169325744,206
hand_friction_sweep_joint18_joint_5_3_20260811_145243.csv,117,18,joint_5_3,1,0.3,0.3,1.0736331939697263,-1.5423474599873888,1.5111060663766904,3.053453526364079,2.8440379298203577,upper_limit,0.0015518559961856895,0.30155185599618567,196
hand_friction_sweep_joint18_joint_5_3_20260811_145243.csv,118,18,joint_5_3,-1,0.3,-0.3,1.1273183822631836,1.6414821615006667,-1.5062191444711062,-3.147701305971773,-2.792202589345262,lower_limit,0.0004349813653515994,-0.29956501863464835,206
hand_friction_sweep_joint18_joint_5_3_20260811_145243.csv,119,18,joint_5_3,1,0.3,0.3,1.072783946990967,-1.5296065564478305,1.5107570005262916,3.040363556974122,2.8340874837864463,upper_limit,0.0014394985837480018,0.30143949858374797,196
hand_friction_sweep_joint18_joint_5_3_20260811_145243.csv,120,18,joint_5_3,-1,0.3,-0.3,1.127608060836792,1.6549211967410231,-1.493652773856747,-3.14857397059777,-2.7922591900072353,lower_limit,0.00026514249458184776,-0.2997348575054181,206
hand_friction_sweep_joint19_joint_5_4_20260811_150022.csv,1,19,joint_5_4,1,0.05,0.05,8.002187013626099,-1.5983725289764068,0.2303834612632515,1.8287559902396584,0.228532023448797,timeout,-0.003367827000120827,0.04663217299987909,1457
hand_friction_sweep_joint19_joint_5_4_20260811_150022.csv,2,19,joint_5_4,-1,0.05,-0.05,8.005157232284546,1.527163095495038,-0.9149015938954276,-2.4420646893904654,-0.305061427093736,timeout,-0.003576413701848783,-0.053576413701848784,1457
hand_friction_sweep_joint19_joint_5_4_20260811_150022.csv,3,19,joint_5_4,1,0.05,0.05,8.004559516906738,-1.5973253314252105,0.3677408733952052,1.9650662048204157,0.2454933592123244,timeout,-0.003445639397717429,0.046554360602282484,1457
hand_friction_sweep_joint19_joint_5_4_20260811_150022.csv,4,19,joint_5_4,-1,0.05,-0.05,8.001840829849243,1.5310028198494257,-0.9049532171590596,-2.435956037008485,-0.3044244554230129,timeout,-0.0035859189381900083,-0.05358591893819002,1457
hand_friction_sweep_joint19_joint_5_4_20260811_150022.csv,5,19,joint_5_4,1,0.05,0.05,8.002671241760254,-1.6025613191811932,0.3508111796508602,1.9533724988320533,0.24409005940901213,timeout,-0.003429258314382094,0.04657074168561782,1458
hand_friction_sweep_joint19_joint_5_4_20260811_150022.csv,6,19,joint_5_4,-1,0.05,-0.05,6.837123394012451,1.5285593588966335,-0.3972369377539094,-1.9257962966505429,-0.2816676233073461,q_not_changing,-0.0037180892919461282,-0.053718089291946144,1245
hand_friction_sweep_joint19_joint_5_4_20260811_150022.csv,7,19,joint_5_4,1,0.05,0.05,8.002439022064209,-1.5973253314252105,0.338244809036501,1.9355701404617114,0.24187252600425763,timeout,-0.0034176667128942963,0.046582333287105614,1457
hand_friction_sweep_joint19_joint_5_4_20260811_150022.csv,8,19,joint_5_4,-1,0.05,-0.05,8.001129627227783,1.5313518856998245,-0.8504989444968367,-2.381850830196661,-0.29768931902955814,timeout,-0.0036243581455315545,-0.053624358145531556,1455
hand_friction_sweep_joint19_joint_5_4_20260811_150022.csv,9,19,joint_5_4,1,0.05,0.05,8.001586675643921,-1.6006414570039995,0.3363249468593072,1.9369664038633068,0.24207278910809663,timeout,-0.003407884200569581,0.04659211579943033,1457
hand_friction_sweep_joint19_joint_5_4_20260811_150022.csv,10,19,joint_5_4,-1,0.05,-0.05,8.002054214477539,1.5317009515502236,-0.8854055295367232,-2.4171064810869467,-0.30206074794067883,timeout,-0.003591656361946254,-0.05359165636194626,1455
hand_friction_sweep_joint19_joint_5_4_20260811_150022.csv,11,19,joint_5_4,1,0.05,0.05,8.003859519958496,-1.599245193602404,0.337023078560105,1.9362682721625089,0.24191682366915773,timeout,-0.003404323086353259,0.046595676913646654,1457
hand_friction_sweep_joint19_joint_5_4_20260811_150022.csv,12,19,joint_5_4,-1,0.05,-0.05,8.002759218215942,1.529082957672232,-0.8670795723907828,-2.3961625300630147,-0.29941704663672136,timeout,-0.0036090731239447325,-0.053609073123944743,1457
hand_friction_sweep_joint19_joint_5_4_20260811_150022.csv,13,19,joint_5_4,1,0.05,0.05,8.000579595565796,-1.6015141216299966,0.3129375348825832,1.9144516565125798,0.23928912069990987,timeout,-0.003388695621233265,0.04661130437876665,1456
hand_friction_sweep_joint19_joint_5_4_20260811_150022.csv,14,19,joint_5_4,-1,0.05,-0.05,8.003661870956421,1.5294320235226309,-0.8501498786464379,-2.3795819021690687,-0.29731164815995825,timeout,-0.0036103709139707683,-0.05361037091397078,1458
hand_friction_sweep_joint19_joint_5_4_20260811_150022.csv,15,19,joint_5_4,1,0.05,0.05,8.001113176345825,-1.599245193602404,0.2970550386894348,1.8963002322918387,0.23700455055403863,timeout,-0.003391269581802674,0.046608730418197235,1456
hand_friction_sweep_joint19_joint_5_4_20260811_150022.csv,16,19,joint_5_4,-1,0.05,-0.05,8.00215220451355,1.529082957672232,-0.8655087760639879,-2.39459173373622,-0.2992434625756768,timeout,-0.0036042246019366993,-0.0536042246019367,1455
hand_friction_sweep_joint19_joint_5_4_20260811_150022.csv,17,19,joint_5_4,1,0.05,0.05,8.002898454666138,-1.6006414570039995,0.3056071520242071,1.9062486090282067,0.23819477653333926,timeout,-0.0033863275911645745,0.04661367240883534,1458
hand_friction_sweep_joint19_joint_5_4_20260811_150022.csv,18,19,joint_5_4,-1,0.05,-0.05,8.004945755004883,1.5310028198494257,-0.8604473212332043,-2.39145014108263,-0.29874657671320737,timeout,-0.0036098431503283532,-0.05360984315032836,1457
hand_friction_sweep_joint19_joint_5_4_20260811_150022.csv,19,19,joint_5_4,1,0.05,0.05,8.002489566802979,-1.5973253314252105,0.3101450080793923,1.9074703395046029,0.23835961591470636,timeout,-0.003391717929258719,0.0466082820707412,1457
hand_friction_sweep_joint19_joint_5_4_20260811_150022.csv,20,19,joint_5_4,-1,0.05,-0.05,8.000720977783203,1.5310028198494257,-0.8609709200088027,-2.391973739858228,-0.2989697736616961,timeout,-0.0036128659452325106,-0.05361286594523252,1456
hand_friction_sweep_joint19_joint_5_4_20260811_150022.csv,21,19,joint_5_4,1,0.1,0.1,4.17115592956543,-1.5964526667992132,1.4894639836519608,3.085916650451174,0.7398228938357332,upper_limit,-0.003068282563574832,0.09693171743642509,759
hand_friction_sweep_joint19_joint_5_4_20260811_150022.csv,22,19,joint_5_4,-1,0.1,-0.1,3.6789944171905518,1.510233401750693,-1.4878931873251655,-2.9981265890758584,-0.8149309971949794,lower_limit,-0.003070641052533821,-0.10307064105253382,670
hand_friction_sweep_joint19_joint_5_4_20260811_150022.csv,23,19,joint_5_4,1,0.1,0.1,4.041316509246826,-1.5166911199830722,1.485973325147972,3.0026644451310442,0.742991655877665,upper_limit,-0.003151459432572973,0.09684854056742695,736
hand_friction_sweep_joint19_joint_5_4_20260811_150022.csv,24,19,joint_5_4,-1,0.1,-0.1,3.6770937442779545,1.5098843359002942,-1.4840534629707782,-2.9939377988710723,-0.8142130734442211,lower_limit,-0.0030786823032399745,-0.10307868230324001,670
hand_friction_sweep_joint19_joint_5_4_20260811_150022.csv,25,19,joint_5_4,1,0.1,0.1,4.030693054199219,-1.511804198077488,1.487544121474767,2.999348319552255,0.7441271958001123,upper_limit,-0.0031663711361296595,0.09683362886387024,734
hand_friction_sweep_joint19_joint_5_4_20260811_150022.csv,26,19,joint_5_4,-1,0.1,-0.1,3.677898406982422,1.5074408749475023,-1.4922565104551515,-2.999697385402654,-0.8156009365859003,lower_limit,-0.003075319993138257,-0.10307531999313828,670
hand_friction_sweep_joint19_joint_5_4_20260811_150022.csv,27,19,joint_5_4,1,0.1,0.1,4.046094655990601,-1.5182619163098672,1.4868459897739692,3.005107906083836,0.742718142205227,upper_limit,-0.0031554361076690796,0.09684456389233083,736
hand_friction_sweep_joint19_joint_5_4_20260811_150022.csv,28,19,joint_5_4,-1,0.1,-0.1,3.678784132003784,1.512153263927887,-1.4856242592975732,-2.9977775232254604,-0.8148826937536592,lower_limit,-0.0030766222158512668,-0.10307662221585127,666
hand_friction_sweep_joint19_joint_5_4_20260811_150022.csv,29,19,joint_5_4,1,0.1,0.1,4.031923294067383,-1.5125023297782858,1.4837043971203794,2.996206726898665,0.7431209644556773,upper_limit,-0.0031701688078515206,0.0968298311921484,732
hand_friction_sweep_joint19_joint_5_4_20260811_150022.csv,30,19,joint_5_4,-1,0.1,-0.1,3.6482350826263428,1.5079644737231006,-1.490336648277958,-2.9983011220010587,-0.821849758607825,lower_limit,-0.0030867750357555616,-0.10308677503575557,660
hand_friction_sweep_joint19_joint_5_4_20260811_150022.csv,31,19,joint_5_4,1,0.1,0.1,4.04542875289917,-1.5217525748138558,1.4852751934471744,3.0070277682610302,0.7433149739952863,upper_limit,-0.003150052679524753,0.09684994732047517,730
hand_friction_sweep_joint19_joint_5_4_20260811_150022.csv,32,19,joint_5_4,-1,0.1,-0.1,3.69447922706604,1.5144221919554797,-1.489114917801562,-3.0035371097570414,-0.8129798342762078,lower_limit,-0.003062627442160064,-0.10306262744216008,668
hand_friction_sweep_joint19_joint_5_4_20260811_150022.csv,33,19,joint_5_4,1,0.1,0.1,4.044281244277954,-1.5159929882822745,1.4837043971203794,2.999697385402654,0.7417133488544526,upper_limit,-0.0031603249727149767,0.09683967502728494,732
hand_friction_sweep_joint19_joint_5_4_20260811_150022.csv,34,19,joint_5_4,-1,0.1,-0.1,3.6513452529907227,1.5151203236562774,-1.490336648277958,-3.0054569719342354,-0.8231095017576174,lower_limit,-0.0030739719124463316,-0.10307397191244633,662
hand_friction_sweep_joint19_joint_5_4_20260811_150022.csv,35,19,joint_5_4,1,0.1,0.1,4.086549282073975,-1.5175637846090697,1.485973325147972,3.003537109757042,0.7349812525037528,upper_limit,-0.003148060918461446,0.09685193908153847,740
hand_friction_sweep_joint19_joint_5_4_20260811_150022.csv,36,19,joint_5_4,-1,0.1,-0.1,3.6591315269470215,1.5140731261050808,-1.490336648277958,-3.004409774383039,-0.821071817795452,lower_limit,-0.0030797122079427738,-0.10307971220794279,662
hand_friction_sweep_joint19_joint_5_4_20260811_150022.csv,37,19,joint_5_4,1,0.1,0.1,4.056274175643921,-1.5159929882822745,1.4894639836519608,3.005456971934235,0.7409402919508339,upper_limit,-0.0031537528936463935,0.09684624710635352,735
hand_friction_sweep_joint19_joint_5_4_20260811_150022.csv,38,19,joint_5_4,-1,0.1,-0.1,3.6487672328948975,1.5140731261050808,-1.485973325147972,-3.000046451253053,-0.8222082308256327,lower_limit,-0.00308321024809177,-0.10308321024809178,658
hand_friction_sweep_joint19_joint_5_4_20260811_150022.csv,39,19,joint_5_4,1,0.1,0.1,4.06589674949646,-1.5140731261050808,1.4856242592975732,2.999697385402654,0.7377701821311992,upper_limit,-0.003171652581608784,0.09682834741839112,732
hand_friction_sweep_joint19_joint_5_4_20260811_150022.csv,40,19,joint_5_4,-1,0.1,-0.1,3.6533432006835938,1.5079644737231006,-1.4856242592975732,-2.993588733020674,-0.8194107612064834,lower_limit,-0.0030851841177923713,-0.1030851841177924,662
hand_friction_sweep_joint19_joint_5_4_20260811_150022.csv,41,19,joint_5_4,1,0.15,0.15,2.3633835315704346,-1.5090116712742971,1.4894639836519608,2.998475654926258,1.268721565870358,upper_limit,-0.003119099744348916,0.14688090025565098,426
hand_friction_sweep_joint19_joint_5_4_20260811_150022.csv,42,19,joint_5_4,-1,0.15,-0.15,2.2161684036254883,1.5301301552234283,-1.4994123603883285,-3.029542515611757,-1.3670181880833825,lower_limit,-0.0030619321086023054,-0.1530619321086023,402
hand_friction_sweep_joint19_joint_5_4_20260811_150022.csv,43,19,joint_5_4,1,0.15,0.15,2.385617971420288,-1.5528194354993547,1.493652773856747,3.046472209356102,1.2770159538756205,upper_limit,-0.0030652818233043496,0.14693471817669557,430
hand_friction_sweep_joint19_joint_5_4_20260811_150022.csv,44,19,joint_5_4,-1,0.15,-0.15,2.2063684463500977,1.5297810893730297,-1.489114917801562,-3.0188960071745914,-1.3682646759060682,lower_limit,-0.003076413360362065,-0.15307641336036207,400
hand_friction_sweep_joint19_joint_5_4_20260811_150022.csv,45,19,joint_5_4,1,0.15,0.15,2.371520757675171,-1.5439182563141838,1.4945254384827442,3.038443694796928,1.281221631715992,upper_limit,-0.0030842302329576227,0.1469157697670423,430
hand_friction_sweep_joint19_joint_5_4_20260811_150022.csv,46,19,joint_5_4,-1,0.15,-0.15,2.2059035301208496,1.5332717478770184,-1.4864969239235704,-3.0197686718005885,-1.3689486555357893,lower_limit,-0.003076578691000217,-0.15307657869100022,398
hand_friction_sweep_joint19_joint_5_4_20260811_150022.csv,47,19,joint_5_4,1,0.15,0.15,2.3689181804656982,-1.543220124613386,1.4941763726323454,3.0373964972457315,1.28218716977748,upper_limit,-0.0030905217624439397,0.14690947823755598,428
hand_friction_sweep_joint19_joint_5_4_20260811_150022.csv,48,19,joint_5_4,-1,0.15,-0.15,2.208832025527954,1.5313518856998245,-1.490336648277958,-3.0216885339777826,-1.3680028626239877,lower_limit,-0.003070473993526833,-0.15307047399352683,400
hand_friction_sweep_joint19_joint_5_4_20260811_150022.csv,49,19,joint_5_4,1,0.15,0.15,2.3693349361419678,-1.5428710587629872,1.487544121474767,3.030415180237754,1.2790151084220434,upper_limit,-0.0030803275826696568,0.14691967241733025,430
hand_friction_sweep_joint19_joint_5_4_20260811_150022.csv,50,19,joint_5_4,-1,0.15,-0.15,2.2053325176239014,1.5310028198494257,-1.487544121474767,-3.0185469413241925,-1.3687491193284882,lower_limit,-0.0030734267002624936,-0.1530734267002625,400
hand_friction_sweep_joint19_joint_5_4_20260811_150022.csv,51,19,joint_5_4,1,0.15,0.15,2.367098569869995,-1.543569190463785,1.4917329116795532,3.035302102143338,1.2822880047238767,upper_limit,-0.003076611250973623,0.1469233887490263,430
hand_friction_sweep_joint19_joint_5_4_20260811_150022.csv,52,19,joint_5_4,-1,0.15,-0.15,2.1912209987640385,1.5323990832510213,-1.4845770617463765,-3.0169761449973977,-1.3768470394812424,lower_limit,-0.00307939625855376,-0.15307939625855377,398
hand_friction_sweep_joint19_joint_5_4_20260811_150022.csv,53,19,joint_5_4,1,0.15,0.15,2.3586361408233643,-1.5365878734558076,1.4878931873251655,3.024481060780973,1.282300821408245,upper_limit,-0.003091030596205046,0.14690896940379486,428
hand_friction_sweep_joint19_joint_5_4_20260811_150022.csv,54,19,joint_5_4,-1,0.15,-0.15,2.2012343406677246,1.5294320235226309,-1.488765851951163,-3.0181978754737937,-1.3711388286620363,lower_limit,-0.003070270553230226,-0.15307027055323022,400
hand_friction_sweep_joint19_joint_5_4_20260811_150022.csv,55,19,joint_5_4,1,0.15,0.15,2.3714208602905273,-1.5451399867905795,1.4926055763055506,3.03774556309613,1.2809812100261149,upper_limit,-0.0030757983181427142,0.1469242016818572,428
hand_friction_sweep_joint19_joint_5_4_20260811_150022.csv,56,19,joint_5_4,-1,0.15,-0.15,2.2072231769561768,1.5323990832510213,-1.4971434323607358,-3.029542515611757,-1.3725583109314672,lower_limit,-0.0031034498218858683,-0.15310344982188587,385
hand_friction_sweep_joint19_joint_5_4_20260811_150022.csv,57,19,joint_5_4,1,0.15,0.15,2.3767988681793213,-1.557008225704141,1.4933037080063485,3.0503119337104896,1.283369819191766,upper_limit,-0.0030679621145248,0.1469320378854751,426
hand_friction_sweep_joint19_joint_5_4_20260811_150022.csv,58,19,joint_5_4,-1,0.15,-0.15,2.1994085311889653,1.5285593588966335,-1.4917329116795532,-3.0202922705761868,-1.3732293149483532,lower_limit,-0.0030708950416935108,-0.15307089504169355,397
hand_friction_sweep_joint19_joint_5_4_20260811_150022.csv,59,19,joint_5_4,1,0.15,0.15,2.36920166015625,-1.5454890526409786,1.4894639836519608,3.034953036292939,1.28100240993955,upper_limit,-0.003077835520693901,0.146922164479306,425
hand_friction_sweep_joint19_joint_5_4_20260811_150022.csv,60,19,joint_5_4,-1,0.15,-0.15,2.1997718811035156,1.5313518856998245,-1.4933037080063485,-3.024655593706173,-1.3749860245458063,lower_limit,-0.0030658211711305085,-0.15306582117113052,398
hand_friction_sweep_joint19_joint_5_4_20260811_150022.csv,61,19,joint_5_4,1,0.2,0.2,1.6670348644256592,-1.5442673221645826,1.490336648277958,3.0346039704425407,1.8203602307310158,upper_limit,-0.0030445460039632173,0.1969554539960367,304
hand_friction_sweep_joint19_joint_5_4_20260811_150022.csv,62,19,joint_5_4,-1,0.2,-0.2,1.590707540512085,1.528210293046235,-1.485973325147972,-3.014183618194207,-1.894869761680939,lower_limit,-0.003058712019447694,-0.20305871201944772,290
hand_friction_sweep_joint19_joint_5_4_20260811_150022.csv,63,19,joint_5_4,1,0.2,0.2,1.6772518157958984,-1.5669566024405088,1.495223570183542,3.0621801726240507,1.8257128379801268,upper_limit,-0.0030108123536034905,0.19698918764639645,306
hand_friction_sweep_joint19_joint_5_4_20260811_150022.csv,64,19,joint_5_4,-1,0.2,-0.2,1.5897862911224365,1.5336208137274172,-1.4856242592975732,-3.0192450730249902,-1.8991515336903007,lower_limit,-0.003064089401323099,-0.20306408940132314,290
hand_friction_sweep_joint19_joint_5_4_20260811_150022.csv,65,19,joint_5_4,1,0.2,0.2,1.6779656410217285,-1.5723671231216914,1.487195055624368,3.0595621787460594,1.8233759404531455,upper_limit,-0.003017372144411179,0.19698262785558873,306
hand_friction_sweep_joint19_joint_5_4_20260811_150022.csv,66,19,joint_5_4,-1,0.2,-0.2,1.5874886512756348,1.5285593588966335,-1.4852751934471744,-3.013834552343808,-1.8984920301143733,lower_limit,-0.0030684758575450027,-0.20306847585754503,290
hand_friction_sweep_joint19_joint_5_4_20260811_150022.csv,67,19,joint_5_4,1,0.2,0.2,1.676522970199585,-1.5695745963185004,1.485973325147972,3.0555479214664727,1.82255058581316,upper_limit,-0.0030198417726770366,0.1969801582273229,306
hand_friction_sweep_joint19_joint_5_4_20260811_150022.csv,68,19,joint_5_4,-1,0.2,-0.2,1.5999000072479248,1.5317009515502236,-1.4983651628371315,-3.0300661143873553,-1.893909682267917,lower_limit,-0.0030479997168757333,-0.20304799971687576,292
hand_friction_sweep_joint19_joint_5_4_20260811_150022.csv,69,19,joint_5_4,1,0.2,0.2,1.683075189590454,-1.574985116999683,1.4906857141283567,3.0656708311280396,1.8214699201133226,upper_limit,-0.0030038823013598752,0.19699611769864003,308
hand_friction_sweep_joint19_joint_5_4_20260811_150022.csv,70,19,joint_5_4,-1,0.2,-0.2,1.5796961784362793,1.5304792210738274,-1.4845770617463765,-3.015056282820204,-1.9086304847586382,lower_limit,-0.0030623355760064563,-0.2030623355760065,288
hand_friction_sweep_joint19_joint_5_4_20260811_150022.csv,71,19,joint_5_4,1,0.2,0.2,1.6767520904541016,-1.565385806113714,1.4922565104551515,3.0576423165688658,1.823550621452208,upper_limit,-0.0030149907026360595,0.19698500929736387,306
hand_friction_sweep_joint19_joint_5_4_20260811_150022.csv,72,19,joint_5_4,-1,0.2,-0.2,1.600353717803955,1.5294320235226309,-1.502903018892317,-3.032335042414948,-1.8947905132972684,lower_limit,-0.0030489715993397256,-0.20304897159933974,292
hand_friction_sweep_joint19_joint_5_4_20260811_150022.csv,73,19,joint_5_4,1,0.2,0.2,1.6883280277252197,-1.5777776438028737,1.501332222565522,3.0791098663683956,1.8237628090064082,upper_limit,-0.0029981803848116127,0.1970018196151883,308
hand_friction_sweep_joint19_joint_5_4_20260811_150022.csv,74,19,joint_5_4,-1,0.2,-0.2,1.5891249179840088,1.5304792210738274,-1.4933037080063485,-3.023782929080176,-1.902797505004326,lower_limit,-0.003056785360518906,-0.20305678536051894,290
hand_friction_sweep_joint19_joint_5_4_20260811_150022.csv,75,19,joint_5_4,1,0.2,0.2,1.6699225902557373,-1.5739379194484862,1.4852751934471744,3.0592131128956606,1.8319490560500549,upper_limit,-0.0030176088661616994,0.19698239113383822,304
hand_friction_sweep_joint19_joint_5_4_20260811_150022.csv,76,19,joint_5_4,-1,0.2,-0.2,1.5879979133605957,1.5294320235226309,-1.4837043971203794,-3.0131364206430105,-1.897443564183576,lower_limit,-0.0030710688381327036,-0.20307106883813275,290
hand_friction_sweep_joint19_joint_5_4_20260811_150022.csv,77,19,joint_5_4,1,0.2,0.2,1.6646370887756348,-1.5550883635269477,1.4906857141283567,3.045774077655304,1.8296925487197429,upper_limit,-0.00303283607583146,0.19696716392416846,304
hand_friction_sweep_joint19_joint_5_4_20260811_150022.csv,78,19,joint_5_4,-1,0.2,-0.2,1.5899155139923096,1.527163095495038,-1.4894639836519608,-3.016627079146999,-1.8973505526543282,lower_limit,-0.0030667815205135895,-0.2030667815205136,290
hand_friction_sweep_joint19_joint_5_4_20260811_150022.csv,79,19,joint_5_4,1,0.2,0.2,1.6688802242279053,-1.5657348719641129,1.4840534629707782,3.049788334934891,1.8274459069379003,upper_limit,-0.0030204754731365225,0.1969795245268634,304
hand_friction_sweep_joint19_joint_5_4_20260811_150022.csv,80,19,joint_5_4,-1,0.2,-0.2,1.587733268737793,1.5313518856998245,-1.4840534629707782,-3.015405348670603,-1.8991888675783513,lower_limit,-0.003063096817290845,-0.20306309681729087,290
hand_friction_sweep_joint19_joint_5_4_20260811_150022.csv,81,19,joint_5_4,1,0.25,0.25,1.3037385940551756,-1.5704472609444975,1.4894639836519608,3.0599112445964582,2.34702819917208,upper_limit,-0.0029822050806571966,0.2470177949193427,238
hand_friction_sweep_joint19_joint_5_4_20260811_150022.csv,82,19,joint_5_4,-1,0.25,-0.25,1.2488698959350586,1.528210293046235,-1.5112805993018898,-3.039490892348125,-2.4337930654276727,lower_limit,-0.003031845620036069,-0.2530318456200361,228
hand_friction_sweep_joint19_joint_5_4_20260811_150022.csv,83,19,joint_5_4,1,0.25,0.25,1.3139827251434326,-1.5983725289764068,1.4941763726323454,3.092548901608752,2.35356891870186,upper_limit,-0.0029396849686737347,0.2470603150313262,240
hand_friction_sweep_joint19_joint_5_4_20260811_150022.csv,84,19,joint_5_4,-1,0.25,-0.25,1.2361795902252197,1.527163095495038,-1.5006340908647244,-3.0277971863597624,-2.449318214199061,lower_limit,-0.003041913148451681,-0.2530419131484517,226
hand_friction_sweep_joint19_joint_5_4_20260811_150022.csv,85,19,joint_5_4,1,0.25,0.25,1.3144690990447998,-1.6006414570039995,1.5037756835183145,3.104417140522314,2.361726983752023,upper_limit,-0.0029363003809746518,0.24706369961902527,240
hand_friction_sweep_joint19_joint_5_4_20260811_150022.csv,86,19,joint_5_4,-1,0.25,-0.25,1.2366080284118652,1.528210293046235,-1.4878931873251655,-3.0161034803714006,-2.4390133422026077,lower_limit,-0.003055966119362381,-0.25305596611936243,226
hand_friction_sweep_joint19_joint_5_4_20260811_150022.csv,87,19,joint_5_4,1,0.25,0.25,1.311194658279419,-1.5929620082952245,1.4933037080063485,3.0862657163015728,2.353781489890635,upper_limit,-0.002948100299757525,0.24705189970024238,240
hand_friction_sweep_joint19_joint_5_4_20260811_150022.csv,88,19,joint_5_4,-1,0.25,-0.25,1.2469117641448975,1.5317009515502236,-1.5083135395734997,-3.0400144911237232,-2.43803497451842,lower_limit,-0.0030266678588376592,-0.2530266678588377,228
hand_friction_sweep_joint19_joint_5_4_20260811_150022.csv,89,19,joint_5_4,1,0.25,0.25,1.3145699501037598,-1.600292391153601,1.502903018892317,3.1031954100459176,2.360616420450643,upper_limit,-0.002945677455622441,0.24705432254437745,240
hand_friction_sweep_joint19_joint_5_4_20260811_150022.csv,90,19,joint_5_4,-1,0.25,-0.25,1.2510175704956055,1.5332717478770184,-1.5137240602546818,-3.0469958081317,-2.435613919414894,lower_limit,-0.0030162916225230374,-0.2530162916225231,228
hand_friction_sweep_joint19_joint_5_4_20260811_150022.csv,91,19,joint_5_4,1,0.25,0.25,1.3144738674163818,-1.5973253314252105,1.495223570183542,3.0925489016087524,2.3526895271696833,upper_limit,-0.0029389520032252624,0.24706104799677464,240
hand_friction_sweep_joint19_joint_5_4_20260811_150022.csv,92,19,joint_5_4,-1,0.25,-0.25,1.2362163066864014,1.5320500174006224,-1.4849261275967751,-3.0169761449973977,-2.4404921118410168,lower_limit,-0.003046839453099895,-0.2530468394530999,226
hand_friction_sweep_joint19_joint_5_4_20260811_150022.csv,93,19,joint_5_4,1,0.25,0.25,1.3147261142730713,-1.590344014417233,1.5022048871915192,3.092548901608752,2.3522381338859017,upper_limit,-0.002949176897896281,0.24705082310210363,240
hand_friction_sweep_joint19_joint_5_4_20260811_150022.csv,94,19,joint_5_4,-1,0.25,-0.25,1.2381980419158936,1.529082957672232,-1.4868459897739692,-3.015928947446201,-2.435740362486426,lower_limit,-0.0030516195925388333,-0.25305161959253886,226
hand_friction_sweep_joint19_joint_5_4_20260811_150022.csv,95,19,joint_5_4,1,0.25,0.25,1.3144288063049316,-1.5858061583620475,1.5063936773963056,3.092199835758353,2.352504617158398,upper_limit,-0.002952252335546567,0.24704774766445334,240
hand_friction_sweep_joint19_joint_5_4_20260811_150022.csv,96,19,joint_5_4,-1,0.25,-0.25,1.2483718395233154,1.5304792210738274,-1.5128513956286846,-3.0433306167025123,-2.4378398489544533,lower_limit,-0.003031384095042789,-0.25303138409504283,228
hand_friction_sweep_joint19_joint_5_4_20260811_150022.csv,97,19,joint_5_4,1,0.25,0.25,1.3131883144378664,-1.6030849179567914,1.4955726360339407,3.098657553990732,2.3596444774313787,upper_limit,-0.0029411585893587048,0.24705884141064122,240
hand_friction_sweep_joint19_joint_5_4_20260811_150022.csv,98,19,joint_5_4,-1,0.25,-0.25,1.2389349937438965,1.5323990832510213,-1.5048228810695108,-3.037221964320532,-2.451478067580004,lower_limit,-0.003033100552900075,-0.2530331005529001,226
hand_friction_sweep_joint19_joint_5_4_20260811_150022.csv,99,19,joint_5_4,1,0.25,0.25,1.316648244857788,-1.6030849179567914,1.4999359591639267,3.103020877120718,2.356757690780104,upper_limit,-0.002933153052275124,0.24706684694772477,240
hand_friction_sweep_joint19_joint_5_4_20260811_150022.csv,100,19,joint_5_4,-1,0.25,-0.25,1.239161252975464,1.5301301552234283,-1.4898130495023596,-3.019943204725788,-2.4370865353272824,lower_limit,-0.0030489129715479384,-0.25304891297154797,226
hand_friction_sweep_joint19_joint_5_4_20260811_150022.csv,101,19,joint_5_4,1,0.3,0.3,1.0733685493469238,-1.5896458827164353,1.496445300659938,3.0860911833763733,2.875145899564565,upper_limit,-0.0029197143824111127,0.2970802856175888,196
hand_friction_sweep_joint19_joint_5_4_20260811_150022.csv,102,19,joint_5_4,-1,0.3,-0.3,1.0295045375823975,1.5301301552234283,-1.5079644737231006,-3.0380946289465287,-2.951025972241887,lower_limit,-0.0030179717146015654,-0.3030179717146016,188
hand_friction_sweep_joint19_joint_5_4_20260811_150022.csv,103,19,joint_5_4,1,0.3,0.3,1.0709474086761475,-1.599245193602404,1.4840534629707782,3.083298656573182,2.879038346415726,upper_limit,-0.002913468152655197,0.29708653184734474,196
hand_friction_sweep_joint19_joint_5_4_20260811_150022.csv,104,19,joint_5_4,-1,0.3,-0.3,1.0228033065795898,1.5320500174006224,-1.4971434323607358,-3.029193449761358,-2.961657857649525,lower_limit,-0.0030251455817269122,-0.3030251455817269,188
hand_friction_sweep_joint19_joint_5_4_20260811_150022.csv,105,19,joint_5_4,1,0.3,0.3,1.0759074687957764,-1.5987215948268056,1.502553953041918,3.101275547868724,2.882474225538993,upper_limit,-0.0028940641542770937,0.2971059358457228,198
hand_friction_sweep_joint19_joint_5_4_20260811_150022.csv,106,19,joint_5_4,-1,0.3,-0.3,1.0323419570922852,1.5329226820266195,-1.510233401750693,-3.043156083777313,-2.947817884249059,lower_limit,-0.002999792084364597,-0.3029997920843646,190
hand_friction_sweep_joint19_joint_5_4_20260811_150022.csv,107,19,joint_5_4,1,0.3,0.3,1.070030689239502,-1.600292391153601,1.4864969239235704,3.086789315077171,2.8847670876346836,upper_limit,-0.002918448817411576,0.29708155118258833,196
hand_friction_sweep_joint19_joint_5_4_20260811_150022.csv,108,19,joint_5_4,-1,0.3,-0.3,1.026301383972168,1.5310028198494257,-1.5055210127703085,-3.036523832619734,-2.9587057759459094,lower_limit,-0.00300595124883872,-0.3030059512488387,188
hand_friction_sweep_joint19_joint_5_4_20260811_150022.csv,109,19,joint_5_4,1,0.3,0.3,1.0696296691894531,-1.5961036009488143,1.488765851951163,3.0848694528999774,2.8840537447298353,upper_limit,-0.0029095092746739028,0.29709049072532595,196
hand_friction_sweep_joint19_joint_5_4_20260811_150022.csv,110,19,joint_5_4,-1,0.3,-0.3,1.0272870063781738,1.527512161345437,-1.5051719469199096,-3.0326841082653466,-2.95212933623822,lower_limit,-0.0030145971461350562,-0.3030145971461351,188
hand_friction_sweep_joint19_joint_5_4_20260811_150022.csv,111,19,joint_5_4,1,0.3,0.3,1.0808391571044922,-1.6018631874803957,1.5159929882822745,3.11785617576267,2.8846624914249337,upper_limit,-0.0028842598775886182,0.2971157401224113,198
hand_friction_sweep_joint19_joint_5_4_20260811_150022.csv,112,19,joint_5_4,-1,0.3,-0.3,1.0271227359771726,1.5304792210738274,-1.4945254384827442,-3.0250046595565716,-2.9451248167325166,lower_limit,-0.003020220162033671,-0.30302022016203367,188
hand_friction_sweep_joint19_joint_5_4_20260811_150022.csv,113,19,joint_5_4,1,0.3,0.3,1.0809478759765625,-1.600292391153601,1.510233401750693,3.110525792904294,2.877590920000788,upper_limit,-0.002887417781187637,0.29711258221881226,198
hand_friction_sweep_joint19_joint_5_4_20260811_150022.csv,114,19,joint_5_4,-1,0.3,-0.3,1.0287842750549316,1.5304792210738274,-1.522101640664255,-3.0525808617380825,-2.967172939706034,lower_limit,-0.0029996014726838952,-0.3029996014726839,188
hand_friction_sweep_joint19_joint_5_4_20260811_150022.csv,115,19,joint_5_4,1,0.3,0.3,1.0766563415527344,-1.5983725289764068,1.5060446115459067,3.1044171405223135,2.8833872246042587,upper_limit,-0.0029031497230718704,0.29709685027692806,196
hand_friction_sweep_joint19_joint_5_4_20260811_150022.csv,116,19,joint_5_4,-1,0.3,-0.3,1.0235803127288818,1.5336208137274172,-1.4990632945379294,-3.0326841082653466,-2.962819888729748,lower_limit,-0.003019682961306168,-0.30301968296130616,186
hand_friction_sweep_joint19_joint_5_4_20260811_150022.csv,117,19,joint_5_4,1,0.3,0.3,1.0727741718292234,-1.5987215948268056,1.4849261275967751,3.0836477224235805,2.874461189875171,upper_limit,-0.002910042238005434,0.29708995776199454,196
hand_friction_sweep_joint19_joint_5_4_20260811_150022.csv,118,19,joint_5_4,-1,0.3,-0.3,1.0223219394683838,1.5304792210738274,-1.4913838458291544,-3.0218630669029816,-2.955882046779096,lower_limit,-0.003034697210788901,-0.3030346972107889,186
hand_friction_sweep_joint19_joint_5_4_20260811_150022.csv,119,19,joint_5_4,1,0.3,0.3,1.0732433795928955,-1.5976743972756091,1.496794366510337,3.094468763785946,2.8832870741394605,upper_limit,-0.0029146057333095106,0.2970853942666904,196
hand_friction_sweep_joint19_joint_5_4_20260811_150022.csv,120,19,joint_5_4,-1,0.3,-0.3,1.0190808773040771,1.5297810893730297,-1.496445300659938,-3.026226390032968,-2.9695644942712347,lower_limit,-0.0030253107225635244,-0.30302531072256356,186
hand_friction_sweep_joint1_joint_1_2_20260811_142927.csv,1,1,joint_1_2,1,0.05,0.05,6.2329699993133545,-1.8860027897050724,-0.0853466004225227,1.8006561892825497,0.2888921636845543,upper_limit,0.0001994700511497217,0.050199470051149706,1143
hand_friction_sweep_joint1_joint_1_2_20260811_142927.csv,2,1,joint_1_2,-1,0.05,-0.05,6.926900863647462,-0.0750491578357561,-1.746027383695127,-1.6709782258593708,-0.24123027869919486,lower_limit,0.00015596505034807062,-0.04984403494965185,1272
hand_friction_sweep_joint1_joint_1_2_20260811_142927.csv,3,1,joint_1_2,1,0.05,0.05,5.753551006317139,-1.7489944434235174,-0.0872664625997164,1.661727980823801,0.28881780642933363,upper_limit,0.00011183396345801542,0.050111833963457975,1056
hand_friction_sweep_joint1_joint_1_2_20260811_142927.csv,4,1,joint_1_2,-1,0.05,-0.05,7.187711000442505,-0.0841248699461266,-1.746725515395925,-1.6626006454497984,-0.23131156015419121,lower_limit,0.0001125547175536453,-0.0498874452824463,1320
hand_friction_sweep_joint1_joint_1_2_20260811_142927.csv,5,1,joint_1_2,1,0.05,0.05,5.770612478256226,-1.7544049641047,-0.0856956662729215,1.6687092978317783,0.28917368894887774,upper_limit,0.00011018347507213494,0.0501101834750721,1060
hand_friction_sweep_joint1_joint_1_2_20260811_142927.csv,6,1,joint_1_2,-1,0.05,-0.05,7.235721111297607,-0.0811578102177363,-1.746376449545526,-1.6652186393277897,-0.23013858794637265,lower_limit,0.00010979132986369428,-0.04989020867013626,1328
hand_friction_sweep_joint1_joint_1_2_20260811_142927.csv,7,1,joint_1_2,1,0.05,0.05,5.74405574798584,-1.7517869702267084,-0.0860447321233204,1.665742238103388,0.289994093230638,upper_limit,0.00010460043312450009,0.05010460043312446,1056
hand_friction_sweep_joint1_joint_1_2_20260811_142927.csv,8,1,joint_1_2,-1,0.05,-0.05,7.349205732345581,-0.0815068760681351,-1.746376449545526,-1.664869573477391,-0.22653734758708807,lower_limit,0.00011141450485495308,-0.04988858549514501,1350
hand_friction_sweep_joint1_joint_1_2_20260811_142927.csv,9,1,joint_1_2,1,0.05,0.05,5.751108884811401,-1.7498671080495147,-0.0872664625997164,1.6626006454497984,0.28909218704599793,upper_limit,0.00010994856813128892,0.05010994856813125,1056
hand_friction_sweep_joint1_joint_1_2_20260811_142927.csv,10,1,joint_1_2,-1,0.05,-0.05,7.334792137145996,-0.0788888821901436,-1.746027383695127,-1.6671385015049833,-0.2272918537202985,lower_limit,0.00010975731045141269,-0.04989024268954854,1348
hand_friction_sweep_joint1_joint_1_2_20260811_142927.csv,11,1,joint_1_2,1,0.05,0.05,5.748548746109009,-1.7493435092739162,-0.0869173967493176,1.6624261125245987,0.28919057416879984,upper_limit,0.0001062666272266679,0.050106266627226635,1056
hand_friction_sweep_joint1_joint_1_2_20260811_142927.csv,12,1,joint_1_2,-1,0.05,-0.05,7.406321287155151,-0.0780162175641465,-1.746027383695127,-1.6680111661309804,-0.22521452978603926,lower_limit,9.078733668456506e-05,-0.04990921266331539,1360
hand_friction_sweep_joint1_joint_1_2_20260811_142927.csv,13,1,joint_1_2,1,0.05,0.05,5.750088214874268,-1.75126337145111,-0.0860447321233204,1.6652186393277897,0.28959879867933497,upper_limit,8.533820466360945e-05,0.05008533820466357,1056
hand_friction_sweep_joint1_joint_1_2_20260811_142927.csv,14,1,joint_1_2,-1,0.05,-0.05,7.417941808700561,-0.0769690200129499,-1.746027383695127,-1.6690583636821772,-0.2250028925441995,lower_limit,8.583303597279632e-05,-0.04991416696402715,1360
hand_friction_sweep_joint1_joint_1_2_20260811_142927.csv,15,1,joint_1_2,1,0.05,0.05,5.767892599105835,-1.7594664189354834,-0.0860447321233204,1.673421686812163,0.2901270538691349,upper_limit,6.503180307606319e-05,0.05006503180307603,1060
hand_friction_sweep_joint1_joint_1_2_20260811_142927.csv,16,1,joint_1_2,-1,0.05,-0.05,7.506013631820679,-0.075398223686155,-1.746376449545526,-1.670978225859371,-0.22261859727718802,lower_limit,6.287669515725907e-05,-0.04993712330484269,1378
hand_friction_sweep_joint1_joint_1_2_20260811_142927.csv,17,1,joint_1_2,1,0.05,0.05,5.81267523765564,-1.7521360360771072,-0.0869173967493176,1.6652186393277897,0.2864805913360134,upper_limit,5.9791305350967185e-05,0.05005979130535093,1068
hand_friction_sweep_joint1_joint_1_2_20260811_142927.csv,18,1,joint_1_2,-1,0.05,-0.05,7.438207626342773,-0.0792379480405425,-1.5763813804012785,-1.497143432360736,-0.20127744580005133,q_not_changing,3.245398763829954e-05,-0.04996754601236164,1366
hand_friction_sweep_joint1_joint_1_2_20260811_142927.csv,19,1,joint_1_2,1,0.05,0.05,6.290067911148071,-1.8844319933782772,-0.0860447321233204,1.7983872612549567,0.285909037336087,upper_limit,6.021239893597507e-05,0.05006021239893594,1155
hand_friction_sweep_joint1_joint_1_2_20260811_142927.csv,20,1,joint_1_2,-1,0.05,-0.05,7.606863737106323,-0.0795870138909414,-1.746376449545526,-1.6667894356545847,-0.21911651020169806,lower_limit,3.390860360677967e-05,-0.049966091396393165,1398
hand_friction_sweep_joint1_joint_1_2_20260811_142927.csv,21,1,joint_1_2,1,0.1,0.1,1.9261517524719234,-1.7489944434235174,-0.0841248699461266,1.6648695734773908,0.8643501589845055,upper_limit,3.452798708259305e-05,0.10003452798708258,354
hand_friction_sweep_joint1_joint_1_2_20260811_142927.csv,22,1,joint_1_2,-1,0.1,-0.1,2.077641725540161,-0.0534070751110264,-1.7521360360771072,-1.6987289609660807,-0.8176236259042363,lower_limit,3.2985255390973794e-06,-0.09999670147446087,382
hand_friction_sweep_joint1_joint_1_2_20260811_142927.csv,23,1,joint_1_2,1,0.1,0.1,1.9592943191528323,-1.7784905077822215,-0.0802851455917391,1.6982053621904825,0.8667433706053715,upper_limit,4.854852283562445e-05,0.10004854852283558,360
hand_friction_sweep_joint1_joint_1_2_20260811_142927.csv,24,1,joint_1_2,-1,0.1,-0.1,2.0845460891723633,-0.0478220215046446,-1.7521360360771072,-1.7043140145724627,-0.8175947864262066,lower_limit,2.3242731736968298e-06,-0.09999767572682627,384
hand_friction_sweep_joint1_joint_1_2_20260811_142927.csv,25,1,joint_1_2,1,0.1,0.1,1.962775707244873,-1.7800613041090163,-0.0792379480405425,1.7008233560684738,0.8665398444613425,upper_limit,5.6283342496719546e-05,0.1000562833424967,361
hand_friction_sweep_joint1_joint_1_2_20260811_142927.csv,26,1,joint_1_2,-1,0.1,-0.1,2.0882830619812007,-0.0396189740202712,-1.754055898254301,-1.7144369242340298,-0.8209791840228332,lower_limit,9.111700949883451e-07,-0.09999908882990498,384
hand_friction_sweep_joint1_joint_1_2_20260811_142927.csv,27,1,joint_1_2,1,0.1,0.1,1.9543077945709229,-1.783901028463404,-0.08307767239493,1.700823356068474,0.8702945159372388,upper_limit,5.8817068760917075e-05,0.1000588170687609,360
hand_friction_sweep_joint1_joint_1_2_20260811_142927.csv,28,1,joint_1_2,-1,0.1,-0.1,2.0857796669006348,-0.0443313630006559,-1.7517869702267084,-1.7074556072260525,-0.8186174380361311,lower_limit,1.5762804644781346e-06,-0.09999842371953549,384
hand_friction_sweep_joint1_joint_1_2_20260811_142927.csv,29,1,joint_1_2,1,0.1,0.1,1.9565911293029785,-1.7832028967626063,-0.0808087443673374,1.702394152395269,0.8700817083852029,upper_limit,5.340475688454628e-05,0.10005340475688453,360
hand_friction_sweep_joint1_joint_1_2_20260811_142927.csv,30,1,joint_1_2,-1,0.1,-0.1,2.0922183990478516,-0.0396189740202712,-1.7537068324039022,-1.714087858383631,-0.8192681314549647,lower_limit,1.5506149696631463e-07,-0.09999984493850297,385
hand_friction_sweep_joint1_joint_1_2_20260811_142927.csv,31,1,joint_1_2,1,0.1,0.1,1.9571006298065186,-1.7797122382586177,-0.0802851455917391,1.6994270926668786,0.868339147606777,upper_limit,4.170733360831355e-05,0.10004170733360829,360
hand_friction_sweep_joint1_joint_1_2_20260811_142927.csv,32,1,joint_1_2,-1,0.1,-0.1,2.0962162017822266,-0.0385717764690746,-1.752485101927506,-1.7139133254584316,-0.8176224017356812,lower_limit,-1.4718781487361353e-06,-0.10000147187814869,386
hand_friction_sweep_joint1_joint_1_2_20260811_142927.csv,33,1,joint_1_2,1,0.1,0.1,1.9560308456420898,-1.7842500943138029,-0.081855941918534,1.7023941523952688,0.8703309337826103,upper_limit,4.449536361664795e-05,0.10004449536361662,360
hand_friction_sweep_joint1_joint_1_2_20260811_142927.csv,34,1,joint_1_2,-1,0.1,-0.1,2.073866128921509,-0.0534070751110264,-1.7474236470967226,-1.694016571985696,-0.816839885835182,lower_limit,-2.8663440032793142e-06,-0.10000286634400324,380
hand_friction_sweep_joint1_joint_1_2_20260811_142927.csv,35,1,joint_1_2,1,0.1,0.1,1.9440290927886965,-1.7793631724082188,-0.0844739357965255,1.6948892366116934,0.8718435556848516,upper_limit,3.733999787998558e-05,0.10003733999787995,356
hand_friction_sweep_joint1_joint_1_2_20260811_142927.csv,36,1,joint_1_2,-1,0.1,-0.1,2.0793497562408447,-0.0481710873550434,-1.7505652397503124,-1.702394152395269,-0.8187146713946502,lower_limit,-1.289072051136395e-06,-0.10000128907205111,383
hand_friction_sweep_joint1_joint_1_2_20260811_142927.csv,37,1,joint_1_2,1,0.1,0.1,1.943864583969116,-1.772032789549843,-0.0849975345721238,1.687035254977719,0.867876944150613,upper_limit,1.9977113485362917e-05,0.10001997711348531,358
hand_friction_sweep_joint1_joint_1_2_20260811_142927.csv,38,1,joint_1_2,-1,0.1,-0.1,2.0773415565490723,-0.0568977336150151,-1.7521360360771072,-1.695238302462092,-0.8160614209625985,lower_limit,-2.252462676776259e-05,-0.10002252462676772,382
hand_friction_sweep_joint1_joint_1_2_20260811_142927.csv,39,1,joint_1_2,1,0.1,0.1,1.9489808082580566,-1.7819811662862104,-0.0822050077689329,1.6997761585172775,0.8721359139685366,upper_limit,1.7154349630677073e-05,0.10001715434963063,358
hand_friction_sweep_joint1_joint_1_2_20260811_142927.csv,40,1,joint_1_2,-1,0.1,-0.1,2.081595182418823,-0.0478220215046446,-1.7517869702267084,-1.7039649487220638,-0.8185861319788649,lower_limit,-1.9760359403241093e-05,-0.10001976035940323,382
hand_friction_sweep_joint1_joint_1_2_20260811_142927.csv,41,1,joint_1_2,1,0.15,0.15,1.2036995887756348,-1.7777923760814238,-0.0773180858633487,1.7004742902180752,1.4127065474432403,upper_limit,3.270937380975638e-05,0.15003270937380966,222
hand_friction_sweep_joint1_joint_1_2_20260811_142927.csv,42,1,joint_1_2,-1,0.15,-0.15,1.2867896556854248,-0.0171042266695444,-1.7613862811126773,-1.7442820544431328,-1.3555300563199033,lower_limit,-3.997433648234426e-05,-0.1500399743364823,237
hand_friction_sweep_joint1_joint_1_2_20260811_142927.csv,43,1,joint_1_2,1,0.15,0.15,1.2306735515594482,-1.818458547652892,-0.0808087443673374,1.7376498032855547,1.411950229273792,upper_limit,-1.908417759209822e-06,0.14999809158224073,226
hand_friction_sweep_joint1_joint_1_2_20260811_142927.csv,44,1,joint_1_2,-1,0.15,-0.15,1.2770462036132812,-0.0277507351067098,-1.7589428201598851,-1.7311920850531752,-1.3556221224846299,lower_limit,-4.9346348125605835e-05,-0.15004934634812556,235
hand_friction_sweep_joint1_joint_1_2_20260811_142927.csv,45,1,joint_1_2,1,0.15,0.15,1.2304670810699463,-1.817236817176496,-0.0764454212373516,1.7407913959391446,1.4147403231831674,upper_limit,-4.033576421840808e-05,0.14995966423578155,226
hand_friction_sweep_joint1_joint_1_2_20260811_142927.csv,46,1,joint_1_2,-1,0.15,-0.15,1.2791187763214111,-0.0216420827247296,-1.7570229579826917,-1.735380875257962,-1.3567003372811903,lower_limit,-8.75240364502265e-05,-0.1500875240364502,234
hand_friction_sweep_joint1_joint_1_2_20260811_142927.csv,47,1,joint_1_2,1,0.15,0.15,1.2254621982574463,-1.812349895270912,-0.08307767239493,1.729272222875982,1.4111183725903023,upper_limit,-6.0639035441448245e-05,0.1499393609645585,224
hand_friction_sweep_joint1_joint_1_2_20260811_142927.csv,48,1,joint_1_2,-1,0.15,-0.15,1.2702441215515137,-0.0219911485751285,-1.75126337145111,-1.7292722228759816,-1.3613699867107414,lower_limit,-9.788135340860351e-05,-0.15009788135340857,234
hand_friction_sweep_joint1_joint_1_2_20260811_142927.csv,49,1,joint_1_2,1,0.15,0.15,1.2209153175354004,-1.8062412428889316,-0.0795870138909414,1.7266542289979903,1.4142293115656042,upper_limit,-4.424223583214981e-05,0.14995575776416775,224
hand_friction_sweep_joint1_joint_1_2_20260811_142927.csv,50,1,joint_1_2,-1,0.15,-0.15,1.2755703926086426,-0.0289724655831058,-1.7570229579826917,-1.7280504923995859,-1.3547276594164166,lower_limit,-0.00010081612775975104,-0.15010081612775972,234
hand_friction_sweep_joint1_joint_1_2_20260811_142927.csv,51,1,joint_1_2,1,0.15,0.15,1.2359449863433838,-1.818458547652892,-0.0722566310325652,1.7462019166203269,1.4128476072277039,upper_limit,-3.732023834498638e-05,0.14996267976165492,228
hand_friction_sweep_joint1_joint_1_2_20260811_142927.csv,52,1,joint_1_2,-1,0.15,-0.15,1.2699933052062988,-0.0097738438111682,-1.7455037849195287,-1.7357299411083604,-1.3667236937334932,lower_limit,-0.0001027368919069828,-0.15010273689190698,234
hand_friction_sweep_joint1_joint_1_2_20260811_142927.csv,53,1,joint_1_2,1,0.15,0.15,1.2210028171539307,-1.8053685782629345,-0.0811578102177363,1.7242107680451981,1.4121267730276077,upper_limit,-0.00016204646461450093,0.14983795353538543,225
hand_friction_sweep_joint1_joint_1_2_20260811_142927.csv,54,1,joint_1_2,-1,0.15,-0.15,1.271371841430664,-0.0186750229963393,-1.7563248262818936,-1.7376498032855543,-1.3667518397530274,lower_limit,-0.0001983309276198697,-0.15019833092761983,234
hand_friction_sweep_joint1_joint_1_2_20260811_142927.csv,55,1,joint_1_2,1,0.15,0.15,1.2349305152893066,-1.8142697574481053,-0.0783652834145453,1.73590447403356,1.4056697543237002,upper_limit,-0.00019975758483861252,0.14980024241516127,228
hand_friction_sweep_joint1_joint_1_2_20260811_142927.csv,56,1,joint_1_2,-1,0.15,-0.15,1.2686760425567627,-0.020594885173533,-1.752485101927506,-1.7318902167539731,-1.3651161988238503,lower_limit,-0.00024120866802984872,-0.15024120866802987,234
hand_friction_sweep_joint1_joint_1_2_20260811_142927.csv,57,1,joint_1_2,1,0.15,0.15,1.2234642505645752,-1.811128164794516,-0.0825540736193317,1.7285740911751843,1.4128521453548994,upper_limit,-0.00016593021003153438,0.14983406978996844,225
hand_friction_sweep_joint1_joint_1_2_20260811_142927.csv,58,1,joint_1_2,-1,0.15,-0.15,1.2606580257415771,-0.0267035375555132,-1.7470745812463238,-1.7203710436908106,-1.3646611599357479,lower_limit,-0.00020848567007536751,-0.15020848567007536,232
hand_friction_sweep_joint1_joint_1_2_20260811_142927.csv,59,1,joint_1_2,1,0.15,0.15,1.2158565521240234,-1.8037977819361397,-0.08307767239493,1.7207201095412097,1.4152328303328399,upper_limit,-0.00014312854667152965,0.14985687145332838,222
hand_friction_sweep_joint1_joint_1_2_20260811_142927.csv,60,1,joint_1_2,-1,0.15,-0.15,1.2716708183288574,-0.0167551608191455,-1.752485101927506,-1.7357299411083607,-1.3649207924652529,lower_limit,-0.00018066897208125532,-0.15018066897208124,234
hand_friction_sweep_joint1_joint_1_2_20260811_142927.csv,61,1,joint_1_2,1,0.2,0.2,0.8888473510742188,-1.8034487160857409,-0.0837758040957278,1.7196729119900132,1.9347224356484811,upper_limit,-0.00013096329907670535,0.19986903670092326,164
hand_friction_sweep_joint1_joint_1_2_20260811_142927.csv,62,1,joint_1_2,-1,0.2,-0.2,0.9236352443695068,-0.0017453292519943,-1.7598154847858822,-1.758070155533888,-1.9034247190664366,lower_limit,-0.0001765725895897781,-0.20017657258958976,170
hand_friction_sweep_joint1_joint_1_2_20260811_142927.csv,63,1,joint_1_2,1,0.2,0.2,0.9117851257324218,-1.8469074144603996,-0.0722566310325652,1.7746507834278344,1.9463475914923345,upper_limit,-0.00013244552775002234,0.1998675544722499,168
hand_friction_sweep_joint1_joint_1_2_20260811_142927.csv,64,1,joint_1_2,-1,0.2,-0.2,0.9333221912384033,0.0185004900711398,-1.7566738921322924,-1.7751743822034323,-1.9019952583019537,lower_limit,-0.00016946893129029408,-0.20016946893129034,172
hand_friction_sweep_joint1_joint_1_2_20260811_142927.csv,65,1,joint_1_2,1,0.2,0.2,0.9096417427062987,-1.8437658218068096,-0.0811578102177363,1.7626080115890732,1.9376947306145962,upper_limit,-0.00012092719245191507,0.19987907280754802,168
hand_friction_sweep_joint1_joint_1_2_20260811_142927.csv,66,1,joint_1_2,-1,0.2,-0.2,0.9209380149841307,0.0169296937443449,-1.7486453775731186,-1.7655750713174634,-1.9171486490845826,lower_limit,-0.00017010645424065453,-0.20017010645424063,170
hand_friction_sweep_joint1_joint_1_2_20260811_142927.csv,67,1,joint_1_2,1,0.2,0.2,0.9006891250610352,-1.8299777207160544,-0.0692895713041748,1.7606881494118796,1.9548233684875085,upper_limit,-6.893054653787367e-05,0.19993106945346212,166
hand_friction_sweep_joint1_joint_1_2_20260811_142927.csv,68,1,joint_1_2,-1,0.2,-0.2,0.9211974143981935,0.0127409035395586,-1.7517869702267084,-1.764527873766267,-1.9154720217262124,lower_limit,-0.00012051193805517148,-0.20012051193805516,170
hand_friction_sweep_joint1_joint_1_2_20260811_142927.csv,69,1,joint_1_2,1,0.2,0.2,0.893951177597046,-1.8277087926884616,-0.0757472895365539,1.7519615031519078,1.9597955090357464,upper_limit,-6.105869860938052e-05,0.1999389413013906,165
hand_friction_sweep_joint1_joint_1_2_20260811_142927.csv,70,1,joint_1_2,-1,0.2,-0.2,0.9254915714263917,0.001221730476396,-1.7582446884590874,-1.7594664189354834,-1.9011155511916202,lower_limit,-0.00010955630831362838,-0.20010955630831365,171
hand_friction_sweep_joint1_joint_1_2_20260811_142927.csv,71,1,joint_1_2,1,0.2,0.2,0.8979926109313965,-1.846034749834402,-0.0849975345721238,1.7610372152622782,1.9610820777642404,upper_limit,-5.540434165072808e-05,0.19994459565834924,166
hand_friction_sweep_joint1_joint_1_2_20260811_142927.csv,72,1,joint_1_2,-1,0.2,-0.2,0.9153304100036621,0.0038397243543875,-1.7531832336283035,-1.757022957982691,-1.9195505128860095,lower_limit,-0.000130942562249256,-0.20013094256224928,170
hand_friction_sweep_joint1_joint_1_2_20260811_142927.csv,73,1,joint_1_2,1,0.2,0.2,0.9095942974090575,-1.8498744741887896,-0.0696386371545737,1.780235837034216,1.9571756794266912,upper_limit,-6.686347380787091e-05,0.19993313652619213,168
hand_friction_sweep_joint1_joint_1_2_20260811_142927.csv,74,1,joint_1_2,-1,0.2,-0.2,0.9197444915771484,0.0176278254451427,-1.7531832336283035,-1.7708110590734463,-1.9253293444975312,lower_limit,-0.0001363581600085168,-0.20013635816000852,170
hand_friction_sweep_joint1_joint_1_2_20260811_142927.csv,75,1,joint_1_2,1,0.2,0.2,0.8996078968048096,-1.8364354389484332,-0.066147978650585,1.7702874602978482,1.9678433977574925,upper_limit,-5.1066524698537415e-05,0.19994893347530138,166
hand_friction_sweep_joint1_joint_1_2_20260811_142927.csv,76,1,joint_1_2,-1,0.2,-0.2,0.921029567718506,0.0165806278939461,-1.7521360360771072,-1.7687166639710534,-1.9203690369597621,lower_limit,-0.00012326313183636857,-0.20012326313183634,170
hand_friction_sweep_joint1_joint_1_2_20260811_142927.csv,77,1,joint_1_2,1,0.2,0.2,0.8993644714355469,-1.840275163302821,-0.0795870138909414,1.7606881494118796,1.957702583693912,upper_limit,-8.096811864577628e-05,0.1999190318813542,166
hand_friction_sweep_joint1_joint_1_2_20260811_142927.csv,78,1,joint_1_2,-1,0.2,-0.2,0.9148247241973877,0.0137881010907552,-1.7505652397503124,-1.7643533408410677,-1.928624461247487,lower_limit,-0.0001297213997256187,-0.20012972139972562,170
hand_friction_sweep_joint1_joint_1_2_20260811_142927.csv,79,1,joint_1_2,1,0.2,0.2,0.8925962448120118,-1.8353882413972369,-0.0849975345721238,1.750390706825113,1.9610106103390115,upper_limit,-6.32191773425264e-05,0.19993678082265742,165
hand_friction_sweep_joint1_joint_1_2_20260811_142927.csv,80,1,joint_1_2,-1,0.2,-0.2,0.9201307296752931,-0.0001745329251994,-1.7585937543094865,-1.758419221384287,-1.91105368473545,lower_limit,-0.00013540152654142876,-0.20013540152654144,170
hand_friction_sweep_joint1_joint_1_2_20260811_142927.csv,81,1,joint_1_2,1,0.25,0.25,0.7188045978546144,-1.8456856839840032,-0.0677187749773799,1.7779669090066232,2.47350519781488,upper_limit,-9.245406821260392e-05,0.2499075459317873,133
hand_friction_sweep_joint1_joint_1_2_20260811_142927.csv,82,1,joint_1_2,-1,0.25,-0.25,0.7345678806304932,0.0329867228626928,-1.761735346963076,-1.7947220698257689,-2.443235155184468,lower_limit,-0.00015473520923347297,-0.25015473520923354,136
hand_friction_sweep_joint1_joint_1_2_20260811_142927.csv,83,1,joint_1_2,1,0.25,0.25,0.730950117111206,-1.8755308141931064,-0.0619591884457986,1.8135716257473078,2.4811154459003837,upper_limit,-6.096442646923961e-05,0.24993903557353073,136
hand_friction_sweep_joint1_joint_1_2_20260811_142927.csv,84,1,joint_1_2,-1,0.25,-0.25,0.734471321105957,0.0342084533390888,-1.7551030958054976,-1.7893115491445863,-2.436189811264877,lower_limit,-0.00013356596165976637,-0.25013356596165975,136
hand_friction_sweep_joint1_joint_1_2_20260811_142927.csv,85,1,joint_1_2,1,0.25,0.25,0.7256994247436523,-1.8694221618111264,-0.0638790506229924,1.805543111188134,2.488004054606944,upper_limit,-9.337549597072888e-05,0.24990662450402923,134
hand_friction_sweep_joint1_joint_1_2_20260811_142927.csv,86,1,joint_1_2,-1,0.25,-0.25,0.7288451194763185,0.031066860685499,-1.7482963117227197,-1.7793631724082186,-2.441346075949176,lower_limit,-0.00014888009808033853,-0.2501488800980804,135
hand_friction_sweep_joint1_joint_1_2_20260811_142927.csv,87,1,joint_1_2,1,0.25,0.25,0.7193064689636232,-1.86523337160634,-0.0808087443673374,1.7844246272390027,2.4807570962207555,upper_limit,-8.77162743054748e-05,0.24991228372569443,133
hand_friction_sweep_joint1_joint_1_2_20260811_142927.csv,88,1,joint_1_2,-1,0.25,-0.25,0.7255468368530273,0.0319395253114962,-1.7489944434235174,-1.7809339687350136,-2.4546092385428926,lower_limit,-0.00014370327980441116,-0.25014370327980445,134
hand_friction_sweep_joint1_joint_1_2_20260811_142927.csv,89,1,joint_1_2,1,0.25,0.25,0.7151389122009277,-1.8587756533739608,-0.0849975345721238,1.773778118801837,2.4803266729575895,upper_limit,-0.00011067840477279937,0.24988932159522712,132
hand_friction_sweep_joint1_joint_1_2_20260811_142927.csv,90,1,joint_1_2,-1,0.25,-0.25,0.7253913879394531,0.0300196631343024,-1.7505652397503124,-1.7805849028846148,-2.4546540426162826,lower_limit,-0.00015277748350129734,-0.25015277748350134,134
hand_friction_sweep_joint1_joint_1_2_20260811_142927.csv,91,1,joint_1_2,1,0.25,0.25,0.720069408416748,-1.865582437456739,-0.0699877030049726,1.7955947344517662,2.4936411871736484,upper_limit,-8.825783196467572e-05,0.24991174216803524,133
hand_friction_sweep_joint1_joint_1_2_20260811_142927.csv,92,1,joint_1_2,-1,0.25,-0.25,0.7362799644470215,0.0349065850398865,-1.776221579754629,-1.8111281647945154,-2.4598362745817104,lower_limit,-0.000144323922007473,-0.2501443239220075,136
hand_friction_sweep_joint1_joint_1_2_20260811_142927.csv,93,1,joint_1_2,1,0.25,0.25,0.7245197296142578,-1.8755308141931064,-0.0760963553869527,1.7994344588061537,2.4836238203812506,upper_limit,-6.323574202464969e-05,0.24993676425797534,134
hand_friction_sweep_joint1_joint_1_2_20260811_142927.csv,94,1,joint_1_2,-1,0.25,-0.25,0.7256362438201904,0.0338593874886899,-1.7489944434235174,-1.7828538309122073,-2.4569525655529287,lower_limit,-0.00012718258519214706,-0.2501271825851922,134
hand_friction_sweep_joint1_joint_1_2_20260811_142927.csv,95,1,joint_1_2,1,0.25,0.25,0.7140383720397949,-1.857902988747964,-0.0745255590601578,1.783377429687806,2.497593266021864,upper_limit,-5.96867757203167e-05,0.24994031322427965,132
hand_friction_sweep_joint1_joint_1_2_20260811_142927.csv,96,1,joint_1_2,-1,0.25,-0.25,0.7255008220672607,0.0349065850398865,-1.7517869702267084,-1.7866935552665948,-2.4627036950496404,lower_limit,-0.00012867245472385783,-0.2501286724547238,135
hand_friction_sweep_joint1_joint_1_2_20260811_142927.csv,97,1,joint_1_2,1,0.25,0.25,0.7173502445220947,-1.859822850925157,-0.0760963553869527,1.7837264955382044,2.486548947545894,upper_limit,-7.898974979948294e-06,0.24999210102502004,133
hand_friction_sweep_joint1_joint_1_2_20260811_142927.csv,98,1,joint_1_2,-1,0.25,-0.25,0.7375526428222657,0.0303687289847013,-1.7777923760814238,-1.808161105066125,-2.451568878049364,lower_limit,-6.935574014565382e-05,-0.25006935574014566,137
hand_friction_sweep_joint1_joint_1_2_20260811_142927.csv,99,1,joint_1_2,1,0.25,0.25,0.7251431941986084,-1.8779742751458983,-0.0799360797413402,1.7980381954045581,2.4795629467248315,upper_limit,-2.4524280908512486e-05,0.24997547571909143,134
hand_friction_sweep_joint1_joint_1_2_20260811_142927.csv,100,1,joint_1_2,-1,0.25,-0.25,0.7323634624481201,0.0314159265358979,-1.7627825445142726,-1.7941984710501706,-2.44987436300083,lower_limit,-8.281335037922327e-05,-0.25008281335037924,135
hand_friction_sweep_joint1_joint_1_2_20260811_142927.csv,101,1,joint_1_2,1,0.3,0.3,0.5952436923980713,-1.866455102082736,-0.0834267382453289,1.7830283638374071,2.995459484256073,upper_limit,2.7858702772594046e-06,0.3000027858702772,110
hand_friction_sweep_joint1_joint_1_2_20260811_142927.csv,102,1,joint_1_2,-1,0.3,-0.3,0.6045722961425781,0.0284488668075075,-1.7570229579826917,-1.7854718247901993,-2.9532809164135534,lower_limit,-8.843044132523393e-05,-0.30008843044132527,112
hand_friction_sweep_joint1_joint_1_2_20260811_142927.csv,103,1,joint_1_2,1,0.3,0.3,0.6062798500061035,-1.8840829275278783,-0.0734783615089612,1.8106045660189172,2.9864171900166063,upper_limit,2.348196877893307e-05,0.3000234819687789,112
hand_friction_sweep_joint1_joint_1_2_20260811_142927.csv,104,1,joint_1_2,-1,0.3,-0.3,0.6059865951538086,0.031066860685499,-1.7598154847858822,-1.7908823454713811,-2.9553167673895957,lower_limit,-8.274946141420454e-05,-0.30008274946141417,112
hand_friction_sweep_joint1_joint_1_2_20260811_142927.csv,105,1,joint_1_2,1,0.3,0.3,0.6047170162200928,-1.887922651882266,-0.0687659725285765,1.8191566793536895,3.0082776415400048,upper_limit,-6.646459351292204e-06,0.29999335354064866,112
hand_friction_sweep_joint1_joint_1_2_20260811_142927.csv,106,1,joint_1_2,-1,0.3,-0.3,0.6022317409515381,0.0368264472170803,-1.746376449545526,-1.7832028967626063,-2.960991219003353,lower_limit,-8.590581087466337e-05,-0.3000859058108746,112
hand_friction_sweep_joint1_joint_1_2_20260811_142927.csv,107,1,joint_1_2,1,0.3,0.3,0.6050848960876465,-1.8779742751458983,-0.0722566310325652,1.8057176441133331,2.984238502379962,upper_limit,-4.363880080685994e-05,0.29995636119919306,112
hand_friction_sweep_joint1_joint_1_2_20260811_142927.csv,108,1,joint_1_2,-1,0.3,-0.3,0.6040117740631104,0.0265290046303138,-1.7636552091402695,-1.7901842137705832,-2.9638233733892996,lower_limit,-0.00010331868463959652,-0.3001033186846396,112
hand_friction_sweep_joint1_joint_1_2_20260811_142927.csv,109,1,joint_1_2,1,0.3,0.3,0.6064035892486572,-1.8901915799098588,-0.0626573201465964,1.8275342597632624,3.01372599398299,upper_limit,-3.1010036326178378e-06,0.2999968989963674,112
hand_friction_sweep_joint1_joint_1_2_20260811_142927.csv,110,1,joint_1_2,-1,0.3,-0.3,0.6067280769348145,0.0284488668075075,-1.774650783427834,-1.8030996502353416,-2.971841453826543,lower_limit,-8.936799550080558e-05,-0.30008936799550084,112
hand_friction_sweep_joint1_joint_1_2_20260811_142927.csv,111,1,joint_1_2,1,0.3,0.3,0.6071949005126953,-1.88984251405946,-0.0703367688553714,1.8195057452040886,2.996576130115319,upper_limit,1.1954817414587872e-05,0.30001195481741455,112
hand_friction_sweep_joint1_joint_1_2_20260811_142927.csv,112,1,joint_1_2,-1,0.3,-0.3,0.6056218147277832,0.0261799387799149,-1.760862682337079,-1.7870426211169939,-2.9507566895030677,lower_limit,-8.880311461077711e-05,-0.30008880311461067,112
hand_friction_sweep_joint1_joint_1_2_20260811_142927.csv,113,1,joint_1_2,1,0.3,0.3,0.6064343452453613,-1.88984251405946,-0.0734783615089612,1.8163641525504988,2.9951538312290076,upper_limit,-2.0728740821693363e-05,0.2999792712591782,112
hand_friction_sweep_joint1_joint_1_2_20260811_142927.csv,114,1,joint_1_2,-1,0.3,-0.3,0.6056568622589111,0.0284488668075075,-1.7544049641047,-1.7828538309122075,-2.9436698269424686,lower_limit,-0.00011286707765135522,-0.30011286707765134,112
hand_friction_sweep_joint1_joint_1_2_20260811_142927.csv,115,1,joint_1_2,1,0.3,0.3,0.6057724952697754,-1.8905406457602576,-0.0673697091269811,1.8231709366332765,3.009662787382487,upper_limit,-3.6746230284025745e-06,0.2999963253769716,112
hand_friction_sweep_joint1_joint_1_2_20260811_142927.csv,116,1,joint_1_2,-1,0.3,-0.3,0.6055262088775635,0.0265290046303138,-1.7662732030182613,-1.792802207648575,-2.960734285922671,lower_limit,-9.185757560392311e-05,-0.3000918575756039,112
hand_friction_sweep_joint1_joint_1_2_20260811_142927.csv,117,1,joint_1_2,1,0.3,0.3,0.6053001880645752,-1.8921114420870524,-0.0745255590601578,1.8175858830268945,3.0027842694689353,upper_limit,-7.287226284159326e-06,0.2999927127737158,112
hand_friction_sweep_joint1_joint_1_2_20260811_142927.csv,118,1,joint_1_2,-1,0.3,-0.3,0.6058826446533203,0.0307177948351001,-1.7640042749906688,-1.7947220698257689,-2.9621612133364374,lower_limit,-0.00011640036550316835,-0.3001164003655031,112
hand_friction_sweep_joint1_joint_1_2_20260811_142927.csv,119,1,joint_1_2,1,0.3,0.3,0.606797456741333,-1.88670092140587,-0.0680678408277788,1.8186330805780913,2.9971006970672627,upper_limit,-1.722701642817704e-05,0.2999827729835718,112
hand_friction_sweep_joint1_joint_1_2_20260811_142927.csv,120,1,joint_1_2,-1,0.3,-0.3,0.6048991680145264,0.0319395253114962,-1.7594664189354834,-1.7914059442469796,-2.9614951366637685,lower_limit,-8.709725622705534e-05,-0.30008709725622706,112
hand_friction_sweep_joint2_joint_1_3_20260811_150801.csv,1,2,joint_1_3,1,0.05,0.05,8.004253625869751,-1.6023867862559935,0.9149015938954276,2.517288380151421,0.31449383013246157,timeout,0.004490530218696936,0.0544905302186969,1452
hand_friction_sweep_joint2_joint_1_3_20260811_150801.csv,2,2,joint_1_3,-1,0.05,-0.05,5.019958734512329,1.5683528658421044,1.0395181024878226,-0.5288347633542818,-0.1053464363598312,q_not_changing,0.011098956263780815,-0.03890104373621909,913
hand_friction_sweep_joint2_joint_1_3_20260811_150801.csv,3,2,joint_1_3,1,0.05,0.05,7.9999778270721436,-1.60657557646078,0.7810348402674624,2.3876104167282426,0.29845212928572173,timeout,0.004060758068107659,0.05406075806810763,1455
hand_friction_sweep_joint2_joint_1_3_20260811_150801.csv,4,2,joint_1_3,-1,0.05,-0.05,3.821246147155762,1.565385806113714,1.163785545229819,-0.4016002608838951,-0.10509667407393136,q_not_changing,0.01034669931202421,-0.03965330068797569,696
hand_friction_sweep_joint2_joint_1_3_20260811_150801.csv,5,2,joint_1_3,1,0.05,0.05,8.000075817108154,-1.599245193602404,0.7058111495065068,2.3050563431089106,0.28812931224721017,timeout,0.00372632912868321,0.05372632912868318,1454
hand_friction_sweep_joint2_joint_1_3_20260811_150801.csv,6,2,joint_1_3,-1,0.05,-0.05,3.212120294570923,1.5680037999917056,1.163087413529021,-0.4049163864626846,-0.12605891103987235,q_not_changing,0.010100413041584856,-0.03989958695841505,585
hand_friction_sweep_joint2_joint_1_3_20260811_150801.csv,7,2,joint_1_3,1,0.05,0.05,8.004111766815186,-1.5908676131928312,0.7560766319639435,2.3469442451567746,0.29321732548602547,timeout,0.0039929865998233815,0.05399298659982335,1455
hand_friction_sweep_joint2_joint_1_3_20260811_150801.csv,8,2,joint_1_3,-1,0.05,-0.05,3.820906639099121,1.5638150097869192,1.163785545229819,-0.4000294645571003,-0.10469490682227654,q_not_changing,0.010263670122896699,-0.0397363298771032,696
hand_friction_sweep_joint2_joint_1_3_20260811_150801.csv,9,2,joint_1_3,1,0.05,0.05,8.001706838607788,-1.5966271997244126,0.7511897100583593,2.3478169097827717,0.2934145123206322,timeout,0.004018621788349602,0.054018621788349576,1455
hand_friction_sweep_joint2_joint_1_3_20260811_150801.csv,10,2,joint_1_3,-1,0.05,-0.05,3.827543020248413,1.565385806113714,1.163785545229819,-0.4016002608838951,-0.10492377453613327,q_not_changing,0.010220831682401135,-0.03977916831759877,697
hand_friction_sweep_joint2_joint_1_3_20260811_150801.csv,11,2,joint_1_3,1,0.05,0.05,2.0032870769500732,-1.5954054692480164,-1.4419910279977148,0.15341444125030157,0.07658135621973317,q_not_changing,-0.006013299749364724,0.04398670025063519,364
hand_friction_sweep_joint2_joint_1_3_20260811_150801.csv,12,2,joint_1_3,-1,0.05,-0.05,3.8287453651428223,1.5744615182240844,1.1669271378834083,-0.40753438034067613,-0.10644071137529774,q_not_changing,0.010112079205034348,-0.03988792079496555,697
hand_friction_sweep_joint2_joint_1_3_20260811_150801.csv,13,2,joint_1_3,1,0.05,0.05,8.004316329956055,-1.599245193602404,0.7572983624403395,2.3565435560427437,0.2944090986538611,timeout,0.004234035754282594,0.054234035754282574,1456
hand_friction_sweep_joint2_joint_1_3_20260811_150801.csv,14,2,joint_1_3,-1,0.05,-0.05,3.8226053714752197,1.5664330036649106,1.1660544732574114,-0.40037853040749916,-0.1047396975359204,q_not_changing,0.01013404026654158,-0.03986595973345833,692
hand_friction_sweep_joint2_joint_1_3_20260811_150801.csv,15,2,joint_1_3,1,0.05,0.05,2.607184410095215,-1.600815989929199,-1.36345121165797,0.23736477827122893,0.09104257349504492,q_not_changing,-0.005300633950126637,0.04469936604987326,474
hand_friction_sweep_joint2_joint_1_3_20260811_150801.csv,16,2,joint_1_3,-1,0.05,-0.05,3.8248054981231685,1.5660839378145115,1.1650072757062149,-0.4010766621082966,-0.10486197593710449,q_not_changing,0.010115603040864458,-0.03988439695913545,697
hand_friction_sweep_joint2_joint_1_3_20260811_150801.csv,17,2,joint_1_3,1,0.05,0.05,8.002014398574829,-1.6039575825827888,0.7349581480148121,2.3389157305976007,0.292290867536325,timeout,0.00420338969930699,0.054203389699306964,1456
hand_friction_sweep_joint2_joint_1_3_20260811_150801.csv,18,2,joint_1_3,-1,0.05,-0.05,3.8240652084350586,1.5664330036649106,1.1641346110802178,-0.4022983925846928,-0.10520176060212305,q_not_changing,0.010116089953281823,-0.03988391004671808,697
hand_friction_sweep_joint2_joint_1_3_20260811_150801.csv,19,2,joint_1_3,1,0.05,0.05,8.002018690109253,-1.600815989929199,0.6855653301833726,2.2863813201125716,0.28572556609229255,timeout,0.003958256701747548,0.05395825670174752,1456
hand_friction_sweep_joint2_joint_1_3_20260811_150801.csv,20,2,joint_1_3,-1,0.05,-0.05,1.4041635990142822,1.5692255304681015,1.5100588688254937,-0.059166661642607865,-0.04213658699324113,q_not_changing,0.007747334729482103,-0.042252665270517804,257
hand_friction_sweep_joint2_joint_1_3_20260811_150801.csv,21,2,joint_1_3,1,0.1,0.1,3.70447039604187,-1.5892968168660364,1.4898130495023596,3.079109866368396,0.831187602324571,upper_limit,0.006932736169241434,0.10693273616924144,675
hand_friction_sweep_joint2_joint_1_3_20260811_150801.csv,22,2,joint_1_3,-1,0.1,-0.1,5.307146787643433,1.5151203236562774,-1.4861478580731715,-3.001268181729449,-0.5655144471822913,lower_limit,0.008221427571353584,-0.09177857242864633,962
hand_friction_sweep_joint2_joint_1_3_20260811_150801.csv,23,2,joint_1_3,1,0.1,0.1,3.699372291564942,-1.4960962348095392,1.4885913190259634,2.984687553835503,0.8068091877751762,upper_limit,0.007437275477647609,0.1074372754776476,672
hand_friction_sweep_joint2_joint_1_3_20260811_150801.csv,24,2,joint_1_3,-1,0.1,-0.1,5.3957765102386475,1.5128513956286846,-1.4838789300455788,-2.9967303256742635,-0.5553844418848479,lower_limit,0.008396400833674336,-0.09160359916632561,982
hand_friction_sweep_joint2_joint_1_3_20260811_150801.csv,25,2,joint_1_3,1,0.1,0.1,3.6928749084472656,-1.4973179652859352,1.486322390998371,2.9836403562843063,0.8079451457885506,upper_limit,0.007440253522658472,0.10744025352265847,672
hand_friction_sweep_joint2_joint_1_3_20260811_150801.csv,26,2,joint_1_3,-1,0.1,-0.1,5.388667821884155,1.5189600480106649,-1.4864969239235704,-3.005456971934235,-0.5577365447780325,lower_limit,0.008383768505138991,-0.09161623149486094,980
hand_friction_sweep_joint2_joint_1_3_20260811_150801.csv,27,2,joint_1_3,1,0.1,0.1,3.700380325317383,-1.5107570005262916,1.4894639836519608,3.0002209841782523,0.8107871949408125,upper_limit,0.007435580160183787,0.10743558016018377,674
hand_friction_sweep_joint2_joint_1_3_20260811_150801.csv,28,2,joint_1_3,-1,0.1,-0.1,5.377895355224609,1.52663949671944,-1.4838789300455788,-3.010518426765019,-0.5597949063550129,lower_limit,0.008384333839440806,-0.09161566616055912,976
hand_friction_sweep_joint2_joint_1_3_20260811_150801.csv,29,2,joint_1_3,1,0.1,0.1,3.7086586952209473,-1.4999359591639267,1.4905111812031573,2.990447140367084,0.8063419651478403,upper_limit,0.007453098572862313,0.10745309857286231,674
hand_friction_sweep_joint2_joint_1_3_20260811_150801.csv,30,2,joint_1_3,-1,0.1,-0.1,5.415432929992676,1.516167521207474,-1.488765851951163,-3.0049333731586367,-0.5548833144098603,lower_limit,0.008348513576069834,-0.09165148642393009,980
hand_friction_sweep_joint2_joint_1_3_20260811_150801.csv,31,2,joint_1_3,1,0.1,0.1,3.715545415878296,-1.505346479845109,1.4866714568487698,2.9920179366938786,0.8052701829205372,upper_limit,0.0074987781013718955,0.1074987781013719,667
hand_friction_sweep_joint2_joint_1_3_20260811_150801.csv,32,2,joint_1_3,-1,0.1,-0.1,5.406789064407349,1.5116296651522887,-1.4854497263723738,-2.9970793915246627,-0.5543177948728022,lower_limit,0.008357069961059114,-0.09164293003894082,978
hand_friction_sweep_joint2_joint_1_3_20260811_150801.csv,33,2,joint_1_3,1,0.1,0.1,3.7169225215911865,-1.5046483481443114,1.4878931873251655,2.992541535469477,0.8051127022654194,upper_limit,0.007477517464837312,0.1074775174648373,672
hand_friction_sweep_joint2_joint_1_3_20260811_150801.csv,34,2,joint_1_3,-1,0.1,-0.1,5.409562349319458,1.510931533451491,-1.4838789300455788,-2.99481046349707,-0.5536141872685556,lower_limit,0.008371512489437932,-0.091628487510562,977
hand_friction_sweep_joint2_joint_1_3_20260811_150801.csv,35,2,joint_1_3,1,0.1,0.1,3.7218213081359863,-1.507266342022303,1.484402528821177,2.9916688708434798,0.8038185133455019,upper_limit,0.00756397728083073,0.10756397728083074,652
hand_friction_sweep_joint2_joint_1_3_20260811_150801.csv,36,2,joint_1_3,-1,0.1,-0.1,5.403252840042114,1.5074408749475023,-1.4873695885495677,-2.9948104634970703,-0.5542606559706593,lower_limit,0.008321556954770581,-0.09167844304522935,976
hand_friction_sweep_joint2_joint_1_3_20260811_150801.csv,37,2,joint_1_3,1,0.1,0.1,3.7374765872955322,-1.511804198077488,1.4866714568487698,2.9984756549262577,0.8022727594117127,upper_limit,0.00744648323424963,0.10744648323424963,680
hand_friction_sweep_joint2_joint_1_3_20260811_150801.csv,38,2,joint_1_3,-1,0.1,-0.1,5.423758029937744,1.5166911199830722,-1.4842279958959776,-3.00091911587905,-0.5532914815363722,lower_limit,0.00834276117933618,-0.09165723882066375,984
hand_friction_sweep_joint2_joint_1_3_20260811_150801.csv,39,2,joint_1_3,1,0.1,0.1,3.730680465698242,-1.5114551322270893,1.484402528821177,2.9958576610482663,0.8030324999939535,upper_limit,0.0074148996088566795,0.1074148996088567,678
hand_friction_sweep_joint2_joint_1_3_20260811_150801.csv,40,2,joint_1_3,-1,0.1,-0.1,5.412527561187744,1.5138985931798814,-1.488765851951163,-3.0026644451310442,-0.5547619686341383,lower_limit,0.008319966971779997,-0.09168003302821992,984
hand_friction_sweep_joint2_joint_1_3_20260811_150801.csv,41,2,joint_1_3,1,0.15,0.15,2.286529302597046,-1.519832712636662,1.4962707677347389,3.0161034803714006,1.319074930264704,upper_limit,0.007375689292946368,0.15737568929294635,416
hand_friction_sweep_joint2_joint_1_3_20260811_150801.csv,42,2,joint_1_3,-1,0.15,-0.15,2.7945191860198975,1.5519467708733576,-1.4854497263723738,-3.0373964972457315,-1.08691202137415,lower_limit,0.008280425912760072,-0.14171957408723984,502
hand_friction_sweep_joint2_joint_1_3_20260811_150801.csv,43,2,joint_1_3,1,0.15,0.15,2.254577159881592,-1.535191610054212,1.4950490372583425,3.0302406473125547,1.3440394506044318,upper_limit,0.0073413718375109965,0.15734137183751098,410
hand_friction_sweep_joint2_joint_1_3_20260811_150801.csv,44,2,joint_1_3,-1,0.15,-0.15,2.7815074920654297,1.539554933184198,-1.495398103108741,-3.034953036292939,-1.091118051973792,lower_limit,0.008258898923547179,-0.14174110107645277,504
hand_friction_sweep_joint2_joint_1_3_20260811_150801.csv,45,2,joint_1_3,1,0.15,0.15,2.2671141624450684,-1.5505505074717625,1.49888876161273,3.0494392690844925,1.3450753030432714,upper_limit,0.0072626647767459135,0.15726266477674591,411
hand_friction_sweep_joint2_joint_1_3_20260811_150801.csv,46,2,joint_1_3,-1,0.15,-0.15,2.758249044418335,1.5510741062473603,-1.4861478580731715,-3.0372219643205316,-1.101141309363175,lower_limit,0.008301676815442917,-0.141698323184557,502
hand_friction_sweep_joint2_joint_1_3_20260811_150801.csv,47,2,joint_1_3,1,0.15,0.15,2.252347230911255,-1.539554933184198,1.4924310433803512,3.031985976564549,1.346145005953575,upper_limit,0.007356403001854776,0.15735640300185474,408
hand_friction_sweep_joint2_joint_1_3_20260811_150801.csv,48,2,joint_1_3,-1,0.15,-0.15,2.7644355297088623,1.5400785319597965,-1.489289450726761,-3.0293679826865576,-1.0958360034555035,lower_limit,0.008265192766108828,-0.14173480723389112,504
hand_friction_sweep_joint2_joint_1_3_20260811_150801.csv,49,2,joint_1_3,1,0.15,0.15,2.261391401290893,-1.5467107831173748,1.4870205226991686,3.033731305816543,1.3415330508839678,upper_limit,0.007221286820462455,0.15722128682046244,412
hand_friction_sweep_joint2_joint_1_3_20260811_150801.csv,50,2,joint_1_3,-1,0.15,-0.15,2.7585792541503906,1.5350170771290126,-1.488416786100764,-3.0234338632297764,-1.0960112379156415,lower_limit,0.008285478581797252,-0.14171452141820268,502
hand_friction_sweep_joint2_joint_1_3_20260811_150801.csv,51,2,joint_1_3,1,0.15,0.15,2.2537572383880615,-1.5383332027078018,1.486322390998371,3.0246555937061728,1.34205030701065,upper_limit,0.007286712892387441,0.15728671289238744,410
hand_friction_sweep_joint2_joint_1_3_20260811_150801.csv,52,2,joint_1_3,-1,0.15,-0.15,2.7555832862854004,1.543045591688187,-1.4919074446047529,-3.03495303629294,-1.1013831631937852,lower_limit,0.008267244676999476,-0.14173275532300048,502
hand_friction_sweep_joint2_joint_1_3_20260811_150801.csv,53,2,joint_1_3,1,0.15,0.15,2.2513248920440674,-1.5409511965857934,1.4917329116795532,3.0326841082653466,1.3470663958731661,upper_limit,0.0072898642827954096,0.1572898642827954,410
hand_friction_sweep_joint2_joint_1_3_20260811_150801.csv,54,2,joint_1_3,-1,0.15,-0.15,2.7451186180114746,1.5507250403969617,-1.4842279958959776,-3.034953036292939,-1.1055817465882098,lower_limit,0.00830389116905462,-0.1416961088309453,500
hand_friction_sweep_joint2_joint_1_3_20260811_150801.csv,55,2,joint_1_3,1,0.15,0.15,2.241051197052002,-1.5236724369910497,1.499761426238727,3.023433863229777,1.3491141421521127,upper_limit,0.0073518843337505605,0.15735188433375055,408
hand_friction_sweep_joint2_joint_1_3_20260811_150801.csv,56,2,joint_1_3,-1,0.15,-0.15,2.7443022727966304,1.5458381184913774,-1.488765851951163,-3.0346039704425403,-1.1057834264554511,lower_limit,0.008285381989488317,-0.14171461801051158,500
hand_friction_sweep_joint2_joint_1_3_20260811_150801.csv,57,2,joint_1_3,1,0.15,0.15,2.2389812469482426,-1.538682268558201,1.500459557939525,3.039141826497726,1.3573770797053846,upper_limit,0.007295141726432013,0.157295141726432,408
hand_friction_sweep_joint2_joint_1_3_20260811_150801.csv,58,2,joint_1_3,-1,0.15,-0.15,2.7364501953125,1.5477579806685713,-1.485798792222773,-3.033556772891344,-1.1085737201019714,lower_limit,0.008282637244724597,-0.14171736275527536,498
hand_friction_sweep_joint2_joint_1_3_20260811_150801.csv,59,2,joint_1_3,1,0.15,0.15,2.2270002365112305,-1.531875484475423,1.4851006605219748,3.0169761449973977,1.3547264591779864,upper_limit,0.007274793376714537,0.15727479337671452,406
hand_friction_sweep_joint2_joint_1_3_20260811_150801.csv,60,2,joint_1_3,-1,0.15,-0.15,2.722264528274536,1.5423474599873888,-1.4842279958959776,-3.0265754558833664,-1.1117859504277172,lower_limit,0.008276712980208618,-0.14172328701979128,496
hand_friction_sweep_joint2_joint_1_3_20260811_150801.csv,61,2,joint_1_3,1,0.2,0.2,1.6260430812835693,-1.5390313344085995,1.501681288415921,3.0407126228245205,1.870007417284563,upper_limit,0.007237984472279428,0.20723798447227942,296
hand_friction_sweep_joint2_joint_1_3_20260811_150801.csv,62,2,joint_1_3,-1,0.2,-0.2,1.8774802684783936,1.5610224829837285,-1.4941763726323454,-3.055198855616074,-1.6272867986475106,lower_limit,0.008175320049868397,-0.19182467995013153,342
hand_friction_sweep_joint2_joint_1_3_20260811_150801.csv,63,2,joint_1_3,1,0.2,0.2,1.6334588527679443,-1.5720180572712923,1.490860247053556,3.0628783043248484,1.875087516979513,upper_limit,0.0070804748777924375,0.20708047487779244,298
hand_friction_sweep_joint2_joint_1_3_20260811_150801.csv,64,2,joint_1_3,-1,0.2,-0.2,1.8749489784240723,1.564164075637318,-1.4926055763055506,-3.0567696519428686,-1.630321511208341,lower_limit,0.008180008634173971,-0.19181999136582598,342
hand_friction_sweep_joint2_joint_1_3_20260811_150801.csv,65,2,joint_1_3,1,0.2,0.2,1.6371586322784424,-1.5716689914208937,1.4943509055575448,3.0660198969784385,1.8727689770119846,upper_limit,0.007047008779446359,0.20704700877944635,298
hand_friction_sweep_joint2_joint_1_3_20260811_150801.csv,66,2,joint_1_3,-1,0.2,-0.2,1.870711088180542,1.5711453926452954,-1.4906857141283567,-3.061831106773652,-1.6367204567925002,lower_limit,0.008193013532849024,-0.19180698646715094,342
hand_friction_sweep_joint2_joint_1_3_20260811_150801.csv,67,2,joint_1_3,1,0.2,0.2,1.6345059871673584,-1.5725416560468908,1.4889403848763625,3.061482040923253,1.8730320139291026,upper_limit,0.007015442692704168,0.20701544269270417,298
hand_friction_sweep_joint2_joint_1_3_20260811_150801.csv,68,2,joint_1_3,-1,0.2,-0.2,1.865309715270996,1.562593279310523,-1.500808623789924,-3.063401903100447,-1.6423020145238398,lower_limit,0.008168012661742517,-0.19183198733825743,340
hand_friction_sweep_joint2_joint_1_3_20260811_150801.csv,69,2,joint_1_3,1,0.2,0.2,1.6416327953338623,-1.5889477510156376,1.500459557939525,3.0894073089551624,1.8819113005883044,upper_limit,0.006937422403423308,0.20693742240342328,300
hand_friction_sweep_joint2_joint_1_3_20260811_150801.csv,70,2,joint_1_3,-1,0.2,-0.2,1.8526484966278074,1.5648622073381158,-1.4868459897739692,-3.051708197112085,-1.6472138145292037,lower_limit,0.008199719452952175,-0.19180028054704779,338
hand_friction_sweep_joint2_joint_1_3_20260811_150801.csv,71,2,joint_1_3,1,0.2,0.2,1.6251475811004639,-1.5713199255704948,1.4969688994355363,3.0682888250060314,1.888006271361736,upper_limit,0.0069513599107173234,0.20695135991071734,296
hand_friction_sweep_joint2_joint_1_3_20260811_150801.csv,72,2,joint_1_3,-1,0.2,-0.2,1.8513903617858887,1.5660839378145115,-1.4926055763055506,-3.0586895141200623,-1.6521040496125239,lower_limit,0.008170592280038845,-0.1918294077199611,338
hand_friction_sweep_joint2_joint_1_3_20260811_150801.csv,73,2,joint_1_3,1,0.2,0.2,1.6246623992919922,-1.5739379194484862,1.5039502164435137,3.0778881358919996,1.8944785927422862,upper_limit,0.006969084881813998,0.20696908488181398,296
hand_friction_sweep_joint2_joint_1_3_20260811_150801.csv,74,2,joint_1_3,-1,0.2,-0.2,1.8426969051361082,1.5695745963185004,-1.4931291750811488,-3.062703771399649,-1.662076797797317,lower_limit,0.008182729257985147,-0.1918172707420148,336
hand_friction_sweep_joint2_joint_1_3_20260811_150801.csv,75,2,joint_1_3,1,0.2,0.2,1.6229684352874756,-1.570970859720096,1.5051719469199096,3.0761428066400054,1.8953805506976047,upper_limit,0.006956121606971492,0.2069561216069715,296
hand_friction_sweep_joint2_joint_1_3_20260811_150801.csv,76,2,joint_1_3,-1,0.2,-0.2,1.8433394432067873,1.570621793869697,-1.4945254384827442,-3.065147232352441,-1.662823005089134,lower_limit,0.008186305513884768,-0.19181369448611513,336
hand_friction_sweep_joint2_joint_1_3_20260811_150801.csv,77,2,joint_1_3,1,0.2,0.2,1.6119358539581299,-1.5697491292436998,1.486322390998371,3.056071520242071,1.8959014483968744,upper_limit,0.006966425217702125,0.20696642521770212,294
hand_friction_sweep_joint2_joint_1_3_20260811_150801.csv,78,2,joint_1_3,-1,0.2,-0.2,1.8315503597259517,1.5584044891057367,-1.4873695885495677,-3.045774077655304,-1.6629485842316847,lower_limit,0.008205141604710628,-0.1917948583952893,334
hand_friction_sweep_joint2_joint_1_3_20260811_150801.csv,79,2,joint_1_3,1,0.2,0.2,1.6141884326934812,-1.5648622073381158,1.5070918090971035,3.0719540164352193,1.9030950502533763,upper_limit,0.006999490749224167,0.20699949074922416,294
hand_friction_sweep_joint2_joint_1_3_20260811_150801.csv,80,2,joint_1_3,-1,0.2,-0.2,1.8416054248809812,1.5667820695153094,-1.4957471689591402,-3.0625292384744496,-1.6629671031037356,lower_limit,0.008160003327223744,-0.19183999667277624,336
hand_friction_sweep_joint2_joint_1_3_20260811_150801.csv,81,2,joint_1_3,1,0.25,0.25,1.2699964046478271,-1.5687019316925033,1.484402528821177,3.0531044605136803,2.4040260660110397,upper_limit,0.006848194756853134,0.25684819475685317,232
hand_friction_sweep_joint2_joint_1_3_20260811_150801.csv,82,2,joint_1_3,-1,0.25,-0.25,1.4132490158081055,1.5676547341413067,-1.5015067554907215,-3.0691614896320285,-2.1717060866849858,lower_limit,0.008105655390732047,-0.2418943446092679,258
hand_friction_sweep_joint2_joint_1_3_20260811_150801.csv,83,2,joint_1_3,1,0.25,0.25,1.280033826828003,-1.599245193602404,1.487544121474767,3.086789315077171,2.411490423441708,upper_limit,0.006663409005643366,0.2566634090056434,234
hand_friction_sweep_joint2_joint_1_3_20260811_150801.csv,84,2,joint_1_3,-1,0.25,-0.25,1.4133136272430422,1.5664330036649106,-1.5034266176679154,-3.069859621332826,-2.172100772367996,lower_limit,0.008080456242818682,-0.24191954375718125,258
hand_friction_sweep_joint2_joint_1_3_20260811_150801.csv,85,2,joint_1_3,1,0.25,0.25,1.2815532684326172,-1.600815989929199,1.4905111812031573,3.091327171132356,2.4121722032773194,upper_limit,0.006706017739778541,0.2567060177397785,234
hand_friction_sweep_joint2_joint_1_3_20260811_150801.csv,86,2,joint_1_3,-1,0.25,-0.25,1.4048168659210205,1.572192590196492,-1.5034266176679154,-3.075619207864407,-2.1893381852644413,lower_limit,0.008113375710988684,-0.24188662428901125,256
hand_friction_sweep_joint2_joint_1_3_20260811_150801.csv,87,2,joint_1_3,1,0.25,0.25,1.2810924053192139,-1.608495438637974,1.4962707677347389,3.104766206372713,2.4235302570536184,upper_limit,0.006703456700774136,0.25670345670077416,234
hand_friction_sweep_joint2_joint_1_3_20260811_150801.csv,88,2,joint_1_3,-1,0.25,-0.25,1.4039828777313232,1.5634659439365202,-1.499586893313528,-3.063052837250048,-2.1816881714395215,lower_limit,0.008155541872721923,-0.24184445812727803,256
hand_friction_sweep_joint2_joint_1_3_20260811_150801.csv,89,2,joint_1_3,1,0.25,0.25,1.2736656665802002,-1.5954054692480164,1.4898130495023596,3.0852185187503762,2.4223142695164315,upper_limit,0.006740701272999859,0.25674070127299986,232
hand_friction_sweep_joint2_joint_1_3_20260811_150801.csv,90,2,joint_1_3,-1,0.25,-0.25,1.4022209644317627,1.5673056682909077,-1.4868459897739692,-3.054151658064877,-2.1780815830995253,lower_limit,0.00817481953826185,-0.2418251804617381,256
hand_friction_sweep_joint2_joint_1_3_20260811_150801.csv,91,2,joint_1_3,1,0.25,0.25,1.271928310394287,-1.5924384095196262,1.4878931873251655,3.0803315968447915,2.421780828111228,upper_limit,0.006748669924802595,0.2567486699248026,232
hand_friction_sweep_joint2_joint_1_3_20260811_150801.csv,92,2,joint_1_3,-1,0.25,-0.25,1.4038031101226807,1.5714944584956942,-1.4973179652859352,-3.0688124237816297,-2.1860703980869802,lower_limit,0.008146097605390933,-0.241853902394609,256
hand_friction_sweep_joint2_joint_1_3_20260811_150801.csv,93,2,joint_1_3,1,0.25,0.25,1.2711408138275146,-1.5966271997244126,1.4969688994355363,3.093596099159949,2.4337162850155556,upper_limit,0.006770233821490822,0.25677023382149083,232
hand_friction_sweep_joint2_joint_1_3_20260811_150801.csv,94,2,joint_1_3,-1,0.25,-0.25,1.401163101196289,1.5657348719641129,-1.4868459897739692,-3.052580861738082,-2.178604945514081,lower_limit,0.008173520463019834,-0.24182647953698008,256
hand_friction_sweep_joint2_joint_1_3_20260811_150801.csv,95,2,joint_1_3,1,0.25,0.25,1.2719471454620361,-1.583537230334455,1.4882422531755646,3.07177948351002,2.41502132731639,upper_limit,0.00680336074959622,0.25680336074959625,232
hand_friction_sweep_joint2_joint_1_3_20260811_150801.csv,96,2,joint_1_3,-1,0.25,-0.25,1.402419090270996,1.5657348719641129,-1.4999359591639267,-3.0656708311280396,-2.1859876640267677,lower_limit,0.008169994569672483,-0.24183000543032745,256
hand_friction_sweep_joint2_joint_1_3_20260811_150801.csv,97,2,joint_1_3,1,0.25,0.25,1.270967721939087,-1.594009205846421,1.4913838458291544,3.0853930516755756,2.427593556009637,upper_limit,0.006747800844036755,0.25674780084403676,232
hand_friction_sweep_joint2_joint_1_3_20260811_150801.csv,98,2,joint_1_3,-1,0.25,-0.25,1.404209852218628,1.5714944584956942,-1.5037756835183145,-3.0752701420140087,-2.1900360100416143,lower_limit,0.008139868648168479,-0.24186013135183143,256
hand_friction_sweep_joint2_joint_1_3_20260811_150801.csv,99,2,joint_1_3,1,0.25,0.25,1.2713749408721924,-1.608146372787575,1.4866714568487698,3.094817829636345,2.4342290618951705,upper_limit,0.0067081560985251245,0.2567081560985251,232
hand_friction_sweep_joint2_joint_1_3_20260811_150801.csv,100,2,joint_1_3,-1,0.25,-0.25,1.4008140563964844,1.5711453926452954,-1.490336648277958,-3.0614820409232535,-2.1855020849796043,lower_limit,0.00817685313947911,-0.2418231468605208,256
hand_friction_sweep_joint2_joint_1_3_20260811_150801.csv,101,2,joint_1_3,1,0.3,0.3,1.0490653514862058,-1.5962781338740135,1.4894639836519608,3.0857421175259745,2.941420296795065,upper_limit,0.006670129508241244,0.30667012950824124,192
hand_friction_sweep_joint2_joint_1_3_20260811_150801.csv,102,2,joint_1_3,-1,0.3,-0.3,1.1389002799987795,1.5634659439365202,-1.506568210321505,-3.070034154258025,-2.6956127838174866,lower_limit,0.008088816463237374,-0.29191118353676254,208
hand_friction_sweep_joint2_joint_1_3_20260811_150801.csv,103,2,joint_1_3,1,0.3,0.3,1.0615489482879639,-1.600815989929199,1.5097098029750948,3.1105257929042938,2.930176510391595,upper_limit,0.006644830858978277,0.30664483085897826,194
hand_friction_sweep_joint2_joint_1_3_20260811_150801.csv,104,2,joint_1_3,-1,0.3,-0.3,1.1395618915557861,1.5687019316925033,-1.5210544431130582,-3.089756374805561,-2.711354598377516,lower_limit,0.008061665091704546,-0.2919383349082954,208
hand_friction_sweep_joint2_joint_1_3_20260811_150801.csv,105,2,joint_1_3,1,0.3,0.3,1.0508918762207031,-1.6058774447599824,1.487544121474767,3.093421566234749,2.943615452961294,upper_limit,0.006664584414215575,0.30666458441421557,192
hand_friction_sweep_joint2_joint_1_3_20260811_150801.csv,106,2,joint_1_3,-1,0.3,-0.3,1.1283166408538818,1.564164075637318,-1.4880677202503652,-3.0522317958876832,-2.705119897529678,lower_limit,0.008177539502852988,-0.291822460497147,206
hand_friction_sweep_joint2_joint_1_3_20260811_150801.csv,107,2,joint_1_3,1,0.3,0.3,1.0610840320587158,-1.6062265106103812,1.5039502164435137,3.110176727053895,2.931131402495548,upper_limit,0.006577157958281598,0.30657715795828155,194
hand_friction_sweep_joint2_joint_1_3_20260811_150801.csv,108,2,joint_1_3,-1,0.3,-0.3,1.131899118423462,1.5699236621688992,-1.5011576896403227,-3.071081351809222,-2.7132111880135596,lower_limit,0.008125947428460237,-0.2918740525715397,208
hand_friction_sweep_joint2_joint_1_3_20260811_150801.csv,109,2,joint_1_3,1,0.3,0.3,1.056145429611206,-1.6046557142835864,1.5132004614790835,3.11785617576267,2.952108761111083,upper_limit,0.006662565965238475,0.30666256596523844,194
hand_friction_sweep_joint2_joint_1_3_20260811_150801.csv,110,2,joint_1_3,-1,0.3,-0.3,1.1271116733551025,1.570272728019298,-1.489289450726761,-3.0595621787460594,-2.7145155631638356,lower_limit,0.008167747489841323,-0.29183225251015865,206
hand_friction_sweep_joint2_joint_1_3_20260811_150801.csv,111,2,joint_1_3,1,0.3,0.3,1.0513525009155271,-1.5901694814920335,1.4878931873251655,3.078062668817199,2.9277170750407637,upper_limit,0.006640732150976929,0.3066407321509769,192
hand_friction_sweep_joint2_joint_1_3_20260811_150801.csv,112,2,joint_1_3,-1,0.3,-0.3,1.1264197826385498,1.5737633865232867,-1.490336648277958,-3.064100034801245,-2.720211489560163,lower_limit,0.00820432319560682,-0.2917956768043931,206
hand_friction_sweep_joint2_joint_1_3_20260811_150801.csv,113,2,joint_1_3,1,0.3,0.3,1.0515198707580564,-1.6043066484331876,1.503252084742716,3.1075587331759036,2.9553019582365265,upper_limit,0.006664179121736089,0.3066641791217361,192
hand_friction_sweep_joint2_joint_1_3_20260811_150801.csv,114,2,joint_1_3,-1,0.3,-0.3,1.127669095993042,1.5618951476097254,-1.488765851951163,-3.0506609995608884,-2.705280308204626,lower_limit,0.008186820816706953,-0.2918131791832929,206
hand_friction_sweep_joint2_joint_1_3_20260811_150801.csv,115,2,joint_1_3,1,0.3,0.3,1.050812005996704,-1.607273708161578,1.4943509055575448,3.101624613719123,2.951645580768946,upper_limit,0.006692232462255507,0.30669223246225547,192
hand_friction_sweep_joint2_joint_1_3_20260811_150801.csv,116,2,joint_1_3,-1,0.3,-0.3,1.1315033435821533,1.5664330036649106,-1.5060446115459067,-3.0724776152108175,-2.7153941989105035,lower_limit,0.008152439755981629,-0.2918475602440183,206
hand_friction_sweep_joint2_joint_1_3_20260811_150801.csv,117,2,joint_1_3,1,0.3,0.3,1.0565586090087888,-1.593136541220424,1.5039502164435137,3.097086757663938,2.9312966940560656,upper_limit,0.006626799261484777,0.3066267992614848,192
hand_friction_sweep_joint2_joint_1_3_20260811_150801.csv,118,2,joint_1_3,-1,0.3,-0.3,1.1286656856536865,1.572192590196492,-1.4941763726323454,-3.0663689628288373,-2.716808884867352,lower_limit,0.008118281946313276,-0.2918817180536866,203
hand_friction_sweep_joint2_joint_1_3_20260811_150801.csv,119,2,joint_1_3,1,0.3,0.3,1.0601472854614258,-1.6004669240788,1.517738317534269,3.118205241613069,2.941294369542134,upper_limit,0.006690509353922505,0.3066905093539225,193
hand_friction_sweep_joint2_joint_1_3_20260811_150801.csv,120,2,joint_1_3,-1,0.3,-0.3,1.1203842163085938,1.5664330036649106,-1.4838789300455788,-3.050311933710489,-2.722558823401279,lower_limit,0.008250978024775635,-0.29174902197522434,204
hand_friction_sweep_joint3_joint_1_4_20260811_151452.csv,1,3,joint_1_4,1,0.05,0.05,8.001821279525757,-1.5762068474760789,0.6852162643329737,2.2614231118090524,0.2826135491922759,timeout,-0.0021599307457149295,0.04784006925428501,1445
hand_friction_sweep_joint3_joint_1_4_20260811_151452.csv,2,3,joint_1_4,-1,0.05,-0.05,8.001296281814575,1.53588974175501,-1.0262536001726656,-2.5621433419276753,-0.32021603146366917,timeout,0.0001884441680009639,-0.04981155583199899,1450
hand_friction_sweep_joint3_joint_1_4_20260811_151452.csv,3,3,joint_1_4,1,0.05,0.05,8.000700950622559,-1.5692255304681015,0.8084365095237733,2.3776620399918746,0.29718171628535395,timeout,-0.001830361617482437,0.0481696383825175,1452
hand_friction_sweep_joint3_joint_1_4_20260811_151452.csv,4,3,joint_1_4,-1,0.05,-0.05,8.002007484436035,1.5304792210738274,-1.0288715940506572,-2.5593508151244846,-0.31983859301587025,timeout,0.0001850580537087467,-0.04981494194629121,1456
hand_friction_sweep_joint3_joint_1_4_20260811_151452.csv,5,3,joint_1_4,1,0.05,0.05,8.000431537628174,-1.5772540450272754,0.8203047484373348,2.39755879346461,0.2996786838545207,timeout,-0.0018044219795438372,0.0481955780204561,1454
hand_friction_sweep_joint3_joint_1_4_20260811_151452.csv,6,3,joint_1_4,-1,0.05,-0.05,8.004210472106934,1.5285593588966335,-1.0281734623498595,-2.5567328212464933,-0.3194234871954197,timeout,0.00019664183878249263,-0.049803358161217455,1456
hand_friction_sweep_joint3_joint_1_4_20260811_151452.csv,7,3,joint_1_4,1,0.05,0.05,8.003503322601318,-1.579522973054868,0.8286823288469076,2.4082053019017757,0.30089389668911326,timeout,-0.001791957560855725,0.048208042439144214,1455
hand_friction_sweep_joint3_joint_1_4_20260811_151452.csv,8,3,joint_1_4,-1,0.05,-0.05,8.00129222869873,1.5247196345422462,-1.029569725751455,-2.5542893602937013,-0.31923460452201374,timeout,0.00020914887495306707,-0.04979085112504689,1456
hand_friction_sweep_joint3_joint_1_4_20260811_151452.csv,9,3,joint_1_4,1,0.05,0.05,8.004985570907593,-1.5650367402633152,0.8367108434060815,2.4017475836693967,0.3000314694380005,timeout,-0.0017771965303642761,0.048222803469635665,1455
hand_friction_sweep_joint3_joint_1_4_20260811_151452.csv,10,3,joint_1_4,-1,0.05,-0.05,8.000011682510376,1.527512161345437,-1.022413875818278,-2.549926037163715,-0.3187402891846224,timeout,0.00021605573895004096,-0.04978394426104991,1457
hand_friction_sweep_joint3_joint_1_4_20260811_151452.csv,11,3,joint_1_4,1,0.05,0.05,8.002875089645386,-1.5762068474760789,0.835314580004486,2.4115214274805647,0.30133188391266286,timeout,-0.0017767595646027048,0.04822324043539724,1456
hand_friction_sweep_joint3_joint_1_4_20260811_151452.csv,12,3,joint_1_4,-1,0.05,-0.05,8.000452995300293,1.5381586697826024,-1.0365510427594322,-2.5747097125420346,-0.32182049117149947,timeout,0.00020198699881252813,-0.04979801300118742,1457
hand_friction_sweep_joint3_joint_1_4_20260811_151452.csv,13,3,joint_1_4,1,0.05,0.05,8.001145601272583,-1.573414320672888,0.8398524360596713,2.4132667567325594,0.30161515325364524,timeout,-0.0017672961809727815,0.04823270381902716,1455
hand_friction_sweep_joint3_joint_1_4_20260811_151452.csv,14,3,joint_1_4,-1,0.05,-0.05,7.999846696853638,1.5458381184913774,-1.0330603842554436,-2.5788985027468208,-0.3223684903563351,timeout,0.0002021043630270031,-0.04979789563697294,1456
hand_friction_sweep_joint3_joint_1_4_20260811_151452.csv,15,3,joint_1_4,1,0.05,0.05,8.00126600265503,-1.5819664340076602,0.8375835080320787,2.419549942039739,0.3023958885052527,timeout,-0.001767048570615491,0.04823295142938444,1455
hand_friction_sweep_joint3_joint_1_4_20260811_151452.csv,16,3,joint_1_4,-1,0.05,-0.05,8.00294017791748,1.541649328286591,-1.0353293122830365,-2.5769786405696276,-0.3220039864449177,timeout,0.00020348190509851562,-0.04979651809490143,1457
hand_friction_sweep_joint3_joint_1_4_20260811_151452.csv,17,3,joint_1_4,1,0.05,0.05,8.002806186676025,-1.583886296184854,0.8360127117052838,2.419899007890138,0.3023813086863279,timeout,-0.0017706093568949828,0.048229390643104955,1455
hand_friction_sweep_joint3_joint_1_4_20260811_151452.csv,18,3,joint_1_4,-1,0.05,-0.05,8.003522872924805,1.5451399867905795,-1.0257300013970674,-2.570869988187647,-0.32121729755838746,timeout,0.0002238680670038018,-0.04977613193299615,1457
hand_friction_sweep_joint3_joint_1_4_20260811_151452.csv,19,3,joint_1_4,1,0.05,0.05,8.003268480300903,-1.5753341828500818,0.8302531251737025,2.4055873080237844,0.30057561032031505,timeout,-0.0017777227242389319,0.048222277275761005,1453
hand_friction_sweep_joint3_joint_1_4_20260811_151452.csv,20,3,joint_1_4,-1,0.05,-0.05,8.001469135284424,1.5301301552234283,-1.0266026660230645,-2.556732821246493,-0.3195329230193438,timeout,0.00022119824692221404,-0.04977880175307774,1456
hand_friction_sweep_joint3_joint_1_4_20260811_151452.csv,21,3,joint_1_4,1,0.1,0.1,3.5855698585510254,-1.579522973054868,1.4945254384827442,3.0740484115376123,0.857338870195622,upper_limit,-0.0005706943340108553,0.09942930566598909,653
hand_friction_sweep_joint3_joint_1_4_20260811_151452.csv,22,3,joint_1_4,-1,0.1,-0.1,3.4916956424713135,1.516342054132673,-1.4898130495023596,-3.0061551036350327,-0.8609441977329301,lower_limit,-0.0005399379381222237,-0.1005399379381222,636
hand_friction_sweep_joint3_joint_1_4_20260811_151452.csv,23,3,joint_1_4,1,0.1,0.1,3.4918720722198486,-1.5079644737231006,1.4910347799787556,2.9989992537018564,0.8588514102681134,upper_limit,-0.0004872715622776865,0.0995127284377223,636
hand_friction_sweep_joint3_joint_1_4_20260811_151452.csv,24,3,joint_1_4,-1,0.1,-0.1,3.4731216430664062,1.5179128504594683,-1.4845770617463765,-3.002489912205845,-0.8644931622823776,lower_limit,-0.0005270687083659135,-0.10052706870836588,632
hand_friction_sweep_joint3_joint_1_4_20260811_151452.csv,25,3,joint_1_4,1,0.1,0.1,3.4843485355377197,-1.502903018892317,1.4849261275967751,2.987829146489092,0.8575000795745588,upper_limit,-0.0004980372231121907,0.09950196277688776,634
hand_friction_sweep_joint3_joint_1_4_20260811_151452.csv,26,3,joint_1_4,-1,0.1,-0.1,3.4607107639312744,1.5227997723650524,-1.4845770617463765,-3.0073768341114286,-0.8690055422878303,lower_limit,-0.0005161852403425907,-0.10051618524034255,630
hand_friction_sweep_joint3_joint_1_4_20260811_151452.csv,27,3,joint_1_4,1,0.1,0.1,3.472968101501465,-1.512153263927887,1.4864969239235704,2.9986501878514575,0.8634257788187153,upper_limit,-0.0005004401580152425,0.09949955984198472,632
hand_friction_sweep_joint3_joint_1_4_20260811_151452.csv,28,3,joint_1_4,-1,0.1,-0.1,3.4527080059051514,1.527512161345437,-1.4845770617463765,-3.0120892230918135,-0.872384579854494,lower_limit,-0.0005274505309159717,-0.10052745053091594,628
hand_friction_sweep_joint3_joint_1_4_20260811_151452.csv,29,3,joint_1_4,1,0.1,0.1,3.48665714263916,-1.5137240602546818,1.494874504333143,3.0085985645878246,0.8628891346370013,upper_limit,-0.0004903699978677545,0.0995096300021322,634
hand_friction_sweep_joint3_joint_1_4_20260811_151452.csv,30,3,joint_1_4,-1,0.1,-0.1,3.460724353790283,1.5208799101878585,-1.4849261275967751,-3.005806037784634,-0.8685482374499403,lower_limit,-0.0005112505269198298,-0.10051125052691981,630
hand_friction_sweep_joint3_joint_1_4_20260811_151452.csv,31,3,joint_1_4,1,0.1,0.1,3.472646474838257,-1.5022048871915192,1.4842279958959776,2.986432883087497,0.8599875929572112,upper_limit,-0.0005026028884404074,0.09949739711155955,632
hand_friction_sweep_joint3_joint_1_4_20260811_151452.csv,32,3,joint_1_4,-1,0.1,-0.1,3.450141191482544,1.5156439224318756,-1.487544121474767,-3.0031880439066425,-0.8704536647139813,lower_limit,-0.0005326805691104504,-0.10053268056911041,628
hand_friction_sweep_joint3_joint_1_4_20260811_151452.csv,33,3,joint_1_4,1,0.1,0.1,3.4802346229553223,-1.5036011505931148,1.4910347799787556,2.9946359305718704,0.8604695530638982,upper_limit,-0.0004920913061395096,0.09950790869386043,634
hand_friction_sweep_joint3_joint_1_4_20260811_151452.csv,34,3,joint_1_4,-1,0.1,-0.1,3.462378740310669,1.5259413650186422,-1.4852751934471744,-3.011216558465817,-0.8696958895362294,lower_limit,-0.0005179120858280132,-0.10051791208582798,630
hand_friction_sweep_joint3_joint_1_4_20260811_151452.csv,35,3,joint_1_4,1,0.1,0.1,3.4686670303344727,-1.5090116712742971,1.4842279958959776,2.9932396671702746,0.862936580822993,upper_limit,-0.0005185008663184098,0.09948149913368155,628
hand_friction_sweep_joint3_joint_1_4_20260811_151452.csv,36,3,joint_1_4,-1,0.1,-0.1,3.455777168273926,1.503252084742716,-1.485973325147972,-2.989225409890688,-0.8649936799552765,lower_limit,-0.0005377692877128429,-0.10053776928771281,624
hand_friction_sweep_joint3_joint_1_4_20260811_151452.csv,37,3,joint_1_4,1,0.1,0.1,3.4880347251892094,-1.5137240602546818,1.490336648277958,3.0040607085326396,0.861247362831138,upper_limit,-0.0004930721607744498,0.09950692783922552,630
hand_friction_sweep_joint3_joint_1_4_20260811_151452.csv,38,3,joint_1_4,-1,0.1,-0.1,3.4648382663726807,1.526290430869041,-1.4898130495023596,-3.0161034803714006,-0.8704889661499098,lower_limit,-0.0005397736673969193,-0.10053977366739689,626
hand_friction_sweep_joint3_joint_1_4_20260811_151452.csv,39,3,joint_1_4,1,0.1,0.1,3.494455099105835,-1.5201817784870608,1.4926055763055506,3.0127873547926116,0.8621622740448223,upper_limit,-0.00045398070180347887,0.09954601929819648,628
hand_friction_sweep_joint3_joint_1_4_20260811_151452.csv,40,3,joint_1_4,-1,0.1,-0.1,3.4585981369018555,1.5105824676010922,-1.4837043971203794,-2.9942868647214715,-0.8657515982483281,lower_limit,-0.0005039905664950324,-0.10050399056649499,626
hand_friction_sweep_joint3_joint_1_4_20260811_151452.csv,41,3,joint_1_4,1,0.15,0.15,2.1167221069335938,-1.5098843359002942,1.4941763726323454,3.0040607085326396,1.4192041074699673,upper_limit,-0.0005882552907407822,0.14941174470925916,376
hand_friction_sweep_joint3_joint_1_4_20260811_151452.csv,42,3,joint_1_4,-1,0.15,-0.15,2.1251440048217773,1.5474089148181724,-1.4990632945379294,-3.046472209356102,-1.433536834418706,lower_limit,-0.0004084910439221831,-0.15040849104392212,385
hand_friction_sweep_joint3_joint_1_4_20260811_151452.csv,43,3,joint_1_4,1,0.15,0.15,2.1436119079589844,-1.556135561078144,1.4933037080063485,3.0494392690844925,1.42257059580714,upper_limit,-0.0006366996448414091,0.14936330035515852,390
hand_friction_sweep_joint3_joint_1_4_20260811_151452.csv,44,3,joint_1_4,-1,0.15,-0.15,2.12416672706604,1.543220124613386,-1.495223570183542,-3.038443694796928,-1.4304167634683336,lower_limit,-0.0003745341240170406,-0.15037453412401702,382
hand_friction_sweep_joint3_joint_1_4_20260811_151452.csv,45,3,joint_1_4,1,0.15,0.15,2.142690896987915,-1.543569190463785,1.488765851951163,3.032335042414948,1.4151994796251988,upper_limit,-0.0006269710831579624,0.14937302891684198,384
hand_friction_sweep_joint3_joint_1_4_20260811_151452.csv,46,3,joint_1_4,-1,0.15,-0.15,2.1273889541625977,1.5320500174006224,-1.4983651628371315,-3.030415180237754,-1.424476316053175,lower_limit,-0.00036314312588340864,-0.15036314312588336,386
hand_friction_sweep_joint3_joint_1_4_20260811_151452.csv,47,3,joint_1_4,1,0.15,0.15,2.134030103683472,-1.550899573322161,1.4852751934471744,3.0361747667693355,1.422742238513273,upper_limit,-0.0005969928450355316,0.14940300715496443,381
hand_friction_sweep_joint3_joint_1_4_20260811_151452.csv,48,3,joint_1_4,-1,0.15,-0.15,2.1080596446990967,1.5381586697826024,-1.4852751934471744,-3.023433863229777,-1.434225957900418,lower_limit,-0.00036804110732056226,-0.15036804110732052,384
hand_friction_sweep_joint3_joint_1_4_20260811_151452.csv,49,3,joint_1_4,1,0.15,0.15,2.1279923915863037,-1.5397294661093974,1.4926055763055506,3.032335042414948,1.4249745696480172,upper_limit,-0.0006369404378821614,0.1493630595621178,388
hand_friction_sweep_joint3_joint_1_4_20260811_151452.csv,50,3,joint_1_4,-1,0.15,-0.15,2.118318557739258,1.5323990832510213,-1.494001839707146,-3.0264009229581674,-1.4286807392123526,lower_limit,-0.000362796379568025,-0.15036279637956798,386
hand_friction_sweep_joint3_joint_1_4_20260811_151452.csv,51,3,joint_1_4,1,0.15,0.15,2.133460760116577,-1.5542156989009503,1.4837043971203794,3.0379200960213297,1.423939991216586,upper_limit,-0.0006755196462586666,0.1493244803537413,386
hand_friction_sweep_joint3_joint_1_4_20260811_151452.csv,52,3,joint_1_4,-1,0.15,-0.15,2.1204516887664795,1.5470598489677736,-1.4894639836519608,-3.0365238326197344,-1.4320174558592076,lower_limit,-0.0003606434059478618,-0.15036064340594782,386
hand_friction_sweep_joint3_joint_1_4_20260811_151452.csv,53,3,joint_1_4,1,0.15,0.15,2.1371824741363525,-1.5566591598537425,1.4945254384827442,3.0511845983364867,1.4276668629193618,upper_limit,-0.0006272176813705937,0.14937278231862935,390
hand_friction_sweep_joint3_joint_1_4_20260811_151452.csv,54,3,joint_1_4,-1,0.15,-0.15,2.1082255840301514,1.5285593588966335,-1.4878931873251655,-3.016452546221799,-1.4308016035245394,lower_limit,-0.00037243625507328543,-0.15037243625507324,384
hand_friction_sweep_joint3_joint_1_4_20260811_151452.csv,55,3,joint_1_4,1,0.15,0.15,2.127201557159424,-1.5454890526409786,1.488765851951163,3.0342549045921414,1.4264068651040096,upper_limit,-0.0006351970721040584,0.1493648029278959,388
hand_friction_sweep_joint3_joint_1_4_20260811_151452.csv,56,3,joint_1_4,-1,0.15,-0.15,2.1191577911376958,1.5348425442038132,-1.4906857141283567,-3.02552825833217,-1.4277031521602164,lower_limit,-0.0003618072591253957,-0.15036180725912535,386
hand_friction_sweep_joint3_joint_1_4_20260811_151452.csv,57,3,joint_1_4,1,0.15,0.15,2.126877784729004,-1.5409511965857934,1.4861478580731715,3.027099054658965,1.4232595198433853,upper_limit,-0.0006465868149196918,0.14935341318508025,388
hand_friction_sweep_joint3_joint_1_4_20260811_151452.csv,58,3,joint_1_4,-1,0.15,-0.15,2.1191585063934326,1.536762406381007,-1.495223570183542,-3.031985976564549,-1.4307499733583615,lower_limit,-0.00036646094912319246,-0.15036646094912318,386
hand_friction_sweep_joint3_joint_1_4_20260811_151452.csv,59,3,joint_1_4,1,0.15,0.15,2.143455982208252,-1.5439182563141838,1.5006340908647244,3.044552347178908,1.4203941543237664,upper_limit,-0.0006354237467556985,0.14936457625324423,390
hand_friction_sweep_joint3_joint_1_4_20260811_151452.csv,60,3,joint_1_4,-1,0.15,-0.15,2.1087541580200195,1.5400785319597965,-1.487195055624368,-3.0272735875841645,-1.4355744485770565,lower_limit,-0.0003664322454466513,-0.15036643224544663,384
hand_friction_sweep_joint3_joint_1_4_20260811_151452.csv,61,3,joint_1_4,1,0.2,0.2,1.53536581993103,-1.5378096039322036,1.4898130495023596,3.0276226534345634,1.9719226611222638,upper_limit,-0.0006785620288679158,0.19932143797113205,280
hand_friction_sweep_joint3_joint_1_4_20260811_151452.csv,62,3,joint_1_4,-1,0.2,-0.2,1.5359067916870117,1.5304792210738274,-1.5105824676010922,-3.0410616886749198,-1.9799780202382422,lower_limit,-0.00033306329453320764,-0.20033306329453318,280
hand_friction_sweep_joint3_joint_1_4_20260811_151452.csv,63,3,joint_1_4,1,0.2,0.2,1.5577399730682375,-1.5830136315588568,1.504124749368713,3.08713838092757,1.981805971664782,upper_limit,-0.0007267932600487559,0.19927320673995122,284
hand_friction_sweep_joint3_joint_1_4_20260811_151452.csv,64,3,joint_1_4,-1,0.2,-0.2,1.5232353210449219,1.533969879577816,-1.4840534629707782,-3.0180233425485943,-1.981324422334341,lower_limit,-0.00029997095744946936,-0.20029997095744945,278
hand_friction_sweep_joint3_joint_1_4_20260811_151452.csv,65,3,joint_1_4,1,0.2,0.2,1.556617259979248,-1.57585778162568,1.5006340908647244,3.0764918724904042,1.9763958370418033,upper_limit,-0.0006946954386572993,0.19930530456134266,284
hand_friction_sweep_joint3_joint_1_4_20260811_151452.csv,66,3,joint_1_4,-1,0.2,-0.2,1.5243401527404785,1.5329226820266195,-1.4845770617463765,-3.017499743772996,-1.9795448793683588,lower_limit,-0.000292622160467844,-0.2002926221604678,278
hand_friction_sweep_joint3_joint_1_4_20260811_151452.csv,67,3,joint_1_4,1,0.2,0.2,1.548191785812378,-1.5669566024405088,1.4922565104551515,3.0592131128956606,1.9759910502886495,upper_limit,-0.000722631213447992,0.19927736878655197,282
hand_friction_sweep_joint3_joint_1_4_20260811_151452.csv,68,3,joint_1_4,-1,0.2,-0.2,1.5279746055603027,1.5313518856998245,-1.502903018892317,-3.0342549045921414,-1.9858019194497616,lower_limit,-0.0003187630849618743,-0.2003187630849618,280
hand_friction_sweep_joint3_joint_1_4_20260811_151452.csv,69,3,joint_1_4,1,0.2,0.2,1.5474205017089844,-1.5700981950940986,1.489114917801562,3.0592131128956606,1.9769759477252884,upper_limit,-0.0007578733738681074,0.19924212662613186,282
hand_friction_sweep_joint3_joint_1_4_20260811_151452.csv,70,3,joint_1_4,-1,0.2,-0.2,1.523529291152954,1.5486306452945684,-1.4933037080063485,-3.041934353300917,-1.9966366061783338,lower_limit,-0.00032171918114987997,-0.20032171918114985,278
hand_friction_sweep_joint3_joint_1_4_20260811_151452.csv,71,3,joint_1_4,1,0.2,0.2,1.543325662612915,-1.5739379194484862,1.4894639836519608,3.0634019031004467,1.9849355047423878,upper_limit,-0.000739555347479473,0.1992604446525205,282
hand_friction_sweep_joint3_joint_1_4_20260811_151452.csv,72,3,joint_1_4,-1,0.2,-0.2,1.5246100425720215,1.543220124613386,-1.4959217018843398,-3.039141826497726,-1.9933896154656605,lower_limit,-0.0003173154422485328,-0.2003173154422485,278
hand_friction_sweep_joint3_joint_1_4_20260811_151452.csv,73,3,joint_1_4,1,0.2,0.2,1.547355651855469,-1.5830136315588568,1.490336648277958,3.0733502798368146,1.9861951427595144,upper_limit,-0.0007378447675043029,0.19926215523249566,282
hand_friction_sweep_joint3_joint_1_4_20260811_151452.csv,74,3,joint_1_4,-1,0.2,-0.2,1.5226764678955078,1.5458381184913774,-1.4898130495023596,-3.035651167993737,-1.9936284772229471,lower_limit,-0.0003124734902518996,-0.20031247349025189,278
hand_friction_sweep_joint3_joint_1_4_20260811_151452.csv,75,3,joint_1_4,1,0.2,0.2,1.54529333114624,-1.5861552242124466,1.493652773856747,3.0798079980691937,1.9930248425939359,upper_limit,-0.0007142623223761321,0.1992857376776238,282
hand_friction_sweep_joint3_joint_1_4_20260811_151452.csv,76,3,joint_1_4,-1,0.2,-0.2,1.5224530696868896,1.5406021307353943,-1.4868459897739692,-3.0274481205093635,-1.9885329674772791,lower_limit,-0.0003062158904276253,-0.2003062158904276,278
hand_friction_sweep_joint3_joint_1_4_20260811_151452.csv,77,3,joint_1_4,1,0.2,0.2,1.5465593338012695,-1.583886296184854,1.494874504333143,3.078760800517997,1.9907162520242583,upper_limit,-0.000727241107069044,0.19927275889293092,282
hand_friction_sweep_joint3_joint_1_4_20260811_151452.csv,78,3,joint_1_4,-1,0.2,-0.2,1.52443265914917,1.543220124613386,-1.4929546421559494,-3.0361747667693355,-1.9916752298287237,lower_limit,-0.00029927410275689895,-0.20029927410275686,278
hand_friction_sweep_joint3_joint_1_4_20260811_151452.csv,79,3,joint_1_4,1,0.2,0.2,1.5470037460327148,-1.579522973054868,1.496445300659938,3.075968273714806,1.988339253607572,upper_limit,-0.0007345188146711956,0.19926548118532875,282
hand_friction_sweep_joint3_joint_1_4_20260811_151452.csv,80,3,joint_1_4,-1,0.2,-0.2,1.5239145755767822,1.5381586697826024,-1.4933037080063485,-3.0314623777889507,-1.9892600453943299,lower_limit,-0.0003192056597063991,-0.20031920565970637,278
hand_friction_sweep_joint3_joint_1_4_20260811_151452.csv,81,3,joint_1_4,1,0.25,0.25,1.2165255546569824,-1.568178332916905,1.5095352700498954,3.0777136029668,2.529921045377964,upper_limit,-0.0007680694514229059,0.2492319305485771,222
hand_friction_sweep_joint3_joint_1_4_20260811_151452.csv,82,3,joint_1_4,-1,0.25,-0.25,1.1925034523010254,1.533969879577816,-1.4856242592975732,-3.019594138875389,-2.532147083556743,lower_limit,-0.00021455573306733728,-0.2502145557330673,218
hand_friction_sweep_joint3_joint_1_4_20260811_151452.csv,83,3,joint_1_4,1,0.25,0.25,1.2162261009216309,-1.5720180572712923,1.5022048871915192,3.0742229444628117,2.5276738775242773,upper_limit,-0.0007787186766266332,0.2492212813233733,222
hand_friction_sweep_joint3_joint_1_4_20260811_151452.csv,84,3,joint_1_4,-1,0.25,-0.25,1.1940550804138184,1.5400785319597965,-1.487544121474767,-3.0276226534345634,-2.53558039582671,lower_limit,-0.00022279598935532385,-0.25022279598935526,218
hand_friction_sweep_joint3_joint_1_4_20260811_151452.csv,85,3,joint_1_4,1,0.25,0.25,1.216519832611084,-1.574286985298885,1.503252084742716,3.0775390700416008,2.5297894761288915,upper_limit,-0.0007700452571343231,0.24922995474286566,222
hand_friction_sweep_joint3_joint_1_4_20260811_151452.csv,86,3,joint_1_4,-1,0.25,-0.25,1.1950569152832031,1.5428710587629872,-1.487195055624368,-3.0300661143873553,-2.535499419012436,lower_limit,-0.00025237954520079055,-0.2502523795452007,218
hand_friction_sweep_joint3_joint_1_4_20260811_151452.csv,87,3,joint_1_4,1,0.25,0.25,1.2169690132141113,-1.5765559133264777,1.504124749368713,3.080680662695191,2.5314372257999156,upper_limit,-0.000786466555299794,0.24921353344470012,222
hand_friction_sweep_joint3_joint_1_4_20260811_151452.csv,88,3,joint_1_4,-1,0.25,-0.25,1.193126678466797,1.5458381184913774,-1.4913838458291544,-3.0372219643205316,-2.545598903398465,lower_limit,-0.0002470429430429208,-0.2502470429430429,218
hand_friction_sweep_joint3_joint_1_4_20260811_151452.csv,89,3,joint_1_4,1,0.25,0.25,1.2152059078216553,-1.568178332916905,1.511804198077488,3.0799825309943927,2.5345355146565116,upper_limit,-0.0007686155598336002,0.24923138444016635,222
hand_friction_sweep_joint3_joint_1_4_20260811_151452.csv,90,3,joint_1_4,-1,0.25,-0.25,1.2047665119171143,1.533969879577816,-1.5159929882822745,-3.0499628678600903,-2.5315800511476385,lower_limit,-0.00027341012588881876,-0.2502734101258888,220
hand_friction_sweep_joint3_joint_1_4_20260811_151452.csv,91,3,joint_1_4,1,0.25,0.25,1.2167017459869385,-1.5814428352320615,1.5060446115459067,3.0874874467779683,2.5375877506229148,upper_limit,-0.0007721253197319113,0.24922787468026808,222
hand_friction_sweep_joint3_joint_1_4_20260811_151452.csv,92,3,joint_1_4,-1,0.25,-0.25,1.1962826251983643,1.543569190463785,-1.5006340908647244,-3.0442032813285094,-2.544719130083268,lower_limit,-0.0002491225751763,-0.25024912257517623,218
hand_friction_sweep_joint3_joint_1_4_20260811_151452.csv,93,3,joint_1_4,1,0.25,0.25,1.2071149349212646,-1.5711453926452954,1.4868459897739692,3.0579913824192646,2.533305896524862,upper_limit,-0.0008196718805382784,0.24918032811946167,220
hand_friction_sweep_joint3_joint_1_4_20260811_151452.csv,94,3,joint_1_4,-1,0.25,-0.25,1.1943304538726807,1.5381586697826024,-1.5002850250143256,-3.038443694796928,-2.5440561152439938,lower_limit,-0.00023957238336992458,-0.2502395723833699,218
hand_friction_sweep_joint3_joint_1_4_20260811_151452.csv,95,3,joint_1_4,1,0.25,0.25,1.2046210765838623,-1.5673056682909077,1.4861478580731715,3.053453526364079,2.5347834150662947,upper_limit,-0.0008050752761098254,0.24919492472389015,220
hand_friction_sweep_joint3_joint_1_4_20260811_151452.csv,96,3,joint_1_4,-1,0.25,-0.25,1.194662094116211,1.53588974175501,-1.4945254384827442,-3.030415180237754,-2.5366295584021183,lower_limit,-0.00022307795933536513,-0.2502230779593353,218
hand_friction_sweep_joint3_joint_1_4_20260811_151452.csv,97,3,joint_1_4,1,0.25,0.25,1.2063512802124026,-1.5657348719641129,1.487544121474767,3.0532789934388798,2.5310032355594534,upper_limit,-0.0007991500632142983,0.24920084993678565,220
hand_friction_sweep_joint3_joint_1_4_20260811_151452.csv,98,3,joint_1_4,-1,0.25,-0.25,1.1922552585601807,1.5406021307353943,-1.494001839707146,-3.0346039704425403,-2.545263649419555,lower_limit,-0.00024068049083982214,-0.25024068049083975,218
hand_friction_sweep_joint3_joint_1_4_20260811_151452.csv,99,3,joint_1_4,1,0.25,0.25,1.2059361934661863,-1.5753341828500818,1.4864969239235704,3.061831106773652,2.5389660940295045,upper_limit,-0.000810027887857929,0.24918997211214206,220
hand_friction_sweep_joint3_joint_1_4_20260811_151452.csv,100,3,joint_1_4,-1,0.25,-0.25,1.192579984664917,1.5390313344085995,-1.4917329116795532,-3.030764246088153,-2.5413509240973187,lower_limit,-0.0002497043043330495,-0.25024970430433296,218
hand_friction_sweep_joint3_joint_1_4_20260811_151452.csv,101,3,joint_1_4,1,0.3,0.3,0.9963946342468261,-1.5772540450272754,1.4929546421559494,3.070208687183225,3.0813179654505,upper_limit,-0.0008266555628422917,0.29917334443715765,182
hand_friction_sweep_joint3_joint_1_4_20260811_151452.csv,102,3,joint_1_4,-1,0.3,-0.3,0.9842989444732667,1.5336208137274172,-1.487195055624368,-3.020815869351785,-3.0690024471867443,lower_limit,-0.000184945415732346,-0.3001849454157323,180
hand_friction_sweep_joint3_joint_1_4_20260811_151452.csv,103,3,joint_1_4,1,0.3,0.3,0.9970729351043701,-1.5739379194484862,1.4987142286875306,3.072652148136017,3.081672403247394,upper_limit,-0.0008362919893990633,0.29916370801060094,182
hand_friction_sweep_joint3_joint_1_4_20260811_151452.csv,104,3,joint_1_4,-1,0.3,-0.3,0.9876277446746825,1.535540675904611,-1.4917329116795532,-3.0272735875841645,-3.065196987333853,lower_limit,-0.00021180595992170026,-0.3002118059599217,180
hand_friction_sweep_joint3_joint_1_4_20260811_151452.csv,105,3,joint_1_4,1,0.3,0.3,1.007112979888916,-1.581093769381663,1.5205308443374597,3.101624613719123,3.0797186369906884,upper_limit,-0.000804817548456089,0.29919518245154386,184
hand_friction_sweep_joint3_joint_1_4_20260811_151452.csv,106,3,joint_1_4,-1,0.3,-0.3,0.9931950569152832,1.5451399867905795,-1.517040185833471,-3.0621801726240507,-3.0831609071180126,lower_limit,-0.00022802012049878223,-0.30022802012049876,182
hand_friction_sweep_joint3_joint_1_4_20260811_151452.csv,107,3,joint_1_4,1,0.3,0.3,1.0027821063995361,-1.5700981950940986,1.510233401750693,3.0803315968447915,3.071785562573154,upper_limit,-0.0006985711992975722,0.2993014288007023,178
hand_friction_sweep_joint3_joint_1_4_20260811_151452.csv,108,3,joint_1_4,-1,0.3,-0.3,0.982863426208496,1.54810704651897,-1.4945254384827442,-3.042632485001714,-3.0956818657287966,lower_limit,-0.00019709930793875965,-0.3001970993079387,180
hand_friction_sweep_joint3_joint_1_4_20260811_151452.csv,109,3,joint_1_4,1,0.3,0.3,0.9973828792572021,-1.583886296184854,1.4960962348095392,3.0799825309943936,3.0880643683077866,upper_limit,-0.0008152793264349128,0.299184720673565,182
hand_friction_sweep_joint3_joint_1_4_20260811_151452.csv,110,3,joint_1_4,-1,0.3,-0.3,0.9864041805267335,1.5294320235226309,-1.5006340908647244,-3.0300661143873553,-3.0718301627324,lower_limit,-0.00021613085621509685,-0.300216130856215,180
hand_friction_sweep_joint3_joint_1_4_20260811_151452.csv,111,3,joint_1_4,1,0.3,0.3,0.99578857421875,-1.5695745963185004,1.493652773856747,3.0632273701752473,3.07618248439787,upper_limit,-0.0008365783428798716,0.2991634216571201,182
hand_friction_sweep_joint3_joint_1_4_20260811_151452.csv,112,3,joint_1_4,-1,0.3,-0.3,0.9862294197082521,1.53588974175501,-1.492081977529952,-3.0279717192849622,-3.0702508552023335,lower_limit,-0.00018213073644495202,-0.3001821307364449,180
hand_friction_sweep_joint3_joint_1_4_20260811_151452.csv,113,3,joint_1_4,1,0.3,0.3,0.994279384613037,-1.5695745963185004,1.489114917801562,3.0586895141200623,3.0762877732906753,upper_limit,-0.0008390458521338073,0.2991609541478662,182
hand_friction_sweep_joint3_joint_1_4_20260811_151452.csv,114,3,joint_1_4,-1,0.3,-0.3,0.9843866825103761,1.5317009515502236,-1.494001839707146,-3.0257027912573697,-3.073693341260208,lower_limit,-0.0001800013212559083,-0.3001800013212559,180
hand_friction_sweep_joint3_joint_1_4_20260811_151452.csv,115,3,joint_1_4,1,0.3,0.3,0.9966316223144531,-1.579522973054868,1.4945254384827442,3.0740484115376123,3.084437963546476,upper_limit,-0.000824260421006574,0.29917573957899335,182
hand_friction_sweep_joint3_joint_1_4_20260811_151452.csv,116,3,joint_1_4,-1,0.3,-0.3,0.9866781234741211,1.52663949671944,-1.4906857141283567,-3.0173252108477966,-3.0580643667498277,lower_limit,-0.00019105288113943167,-0.3001910528811394,180
hand_friction_sweep_joint3_joint_1_4_20260811_151452.csv,117,3,joint_1_4,1,0.3,0.3,0.9978008270263672,-1.5772540450272754,1.5002850250143256,3.0775390700416008,3.08432202768687,upper_limit,-0.0008392144945913993,0.2991607855054086,182
hand_friction_sweep_joint3_joint_1_4_20260811_151452.csv,118,3,joint_1_4,-1,0.3,-0.3,0.9841837882995605,1.538682268558201,-1.5112805993018898,-3.0499628678600907,-3.0989769432493026,lower_limit,-0.000219063131096004,-0.300219063131096,180
hand_friction_sweep_joint3_joint_1_4_20260811_151452.csv,119,3,joint_1_4,1,0.3,0.3,0.9996609687805177,-1.580744703531264,1.516342054132673,3.097086757663937,3.098137122870827,upper_limit,-0.0008106745509393616,0.29918932544906063,182
hand_friction_sweep_joint3_joint_1_4_20260811_151452.csv,120,3,joint_1_4,-1,0.3,-0.3,0.985201597213745,1.5304792210738274,-1.5144221919554797,-3.044901413029307,-3.0906379178034347,lower_limit,-0.00022092723494724045,-0.3002209272349472,180
hand_friction_sweep_joint4_joint_2_1_20260811_140138.csv,1,4,joint_2_1,1,0.05,0.05,2.3897321224212646,-0.8403760348352696,0.1239183768915973,0.9642944117268669,0.4035156922734288,upper_limit,0.006373805581338155,0.05637380558133814,439
hand_friction_sweep_joint4_joint_2_1_20260811_140138.csv,2,4,joint_2_1,-1,0.05,-0.05,5.627195596694946,0.143116998663535,-0.6600835231042553,-0.8032005217677903,-0.14273549016841333,q_not_changing,0.009396786248344365,-0.04060321375165555,1034
hand_friction_sweep_joint4_joint_2_1_20260811_140138.csv,3,4,joint_2_1,1,0.05,0.05,2.393364667892456,-0.8281587300713092,0.1251401073679934,0.9532988374393027,0.39830906264641924,upper_limit,0.006462029721575308,0.05646202972157531,443
hand_friction_sweep_joint4_joint_2_1_20260811_140138.csv,4,4,joint_2_1,-1,0.05,-0.05,5.62712836265564,0.1373574121319537,-0.6700318998406231,-0.8073893119725768,-0.143481587754565,q_not_changing,0.009505293603536955,-0.04049470639646296,1035
hand_friction_sweep_joint4_joint_2_1_20260811_140138.csv,5,4,joint_2_1,1,0.05,0.05,2.375630617141724,-0.8525933395992299,0.1228711793404007,0.9754645189396306,0.4106128755459784,upper_limit,0.006510072916717837,0.05651007291671783,437
hand_friction_sweep_joint4_joint_2_1_20260811_140138.csv,6,4,joint_2_1,-1,0.05,-0.05,5.021156311035156,0.1258382390687911,-0.6696828339902242,-0.7955210730590153,-0.1584338394944354,q_not_changing,0.009010942490322783,-0.04098905750967714,925
hand_friction_sweep_joint4_joint_2_1_20260811_140138.csv,7,4,joint_2_1,1,0.05,0.05,2.3826634883880615,-0.8477064176936457,0.1244419756671956,0.9721483933608414,0.4080091032991515,upper_limit,0.006535100292672441,0.056535100292672426,440
hand_friction_sweep_joint4_joint_2_1_20260811_140138.csv,8,4,joint_2_1,-1,0.05,-0.05,5.034179925918579,0.143116998663535,-0.6696828339902242,-0.8127998326537592,-0.16145625397078928,q_not_changing,0.008993289214649052,-0.04100671078535086,926
hand_friction_sweep_joint4_joint_2_1_20260811_140138.csv,9,4,joint_2_1,1,0.05,0.05,2.3844926357269287,-0.838107106807677,0.1239183768915973,0.9620254836992743,0.4034508093190208,upper_limit,0.006526918444160392,0.05652691844416038,439
hand_friction_sweep_joint4_joint_2_1_20260811_140138.csv,10,4,joint_2_1,-1,0.05,-0.05,5.630295038223267,0.1308996938995747,-0.6700318998406231,-0.8009315937401977,-0.14225392955480803,q_not_changing,0.009617398223791965,-0.04038260177620795,1037
hand_friction_sweep_joint4_joint_2_1_20260811_140138.csv,11,4,joint_2_1,1,0.05,0.05,2.38184142112732,-0.838107106807677,0.1244419756671956,0.9625490824748726,0.4041197176003852,upper_limit,0.006506677614408864,0.05650667761440885,439
hand_friction_sweep_joint4_joint_2_1_20260811_140138.csv,12,4,joint_2_1,-1,0.05,-0.05,5.024315595626831,0.128630765871982,-0.6597344572538565,-0.7883652231258385,-0.15690997273579554,q_not_changing,0.008973186960714702,-0.04102681303928521,927
hand_friction_sweep_joint4_joint_2_1_20260811_140138.csv,13,4,joint_2_1,1,0.05,0.05,2.368659257888794,-0.8410741665360674,0.1225221134900019,0.9635962800260692,0.406810847451706,upper_limit,0.006575764675367429,0.056575764675367415,436
hand_friction_sweep_joint4_joint_2_1_20260811_140138.csv,14,4,joint_2_1,-1,0.05,-0.05,5.033672332763672,0.1267109036947883,-0.6597344572538565,-0.7864453609486448,-0.15623690001229326,q_not_changing,0.009025493085320678,-0.040974506914679236,925
hand_friction_sweep_joint4_joint_2_1_20260811_140138.csv,15,4,joint_2_1,1,0.05,0.05,2.33709716796875,-0.8339183166028906,0.1228711793404007,0.9567894959432913,0.40939226192930156,upper_limit,0.006456985931543454,0.05645698593154344,431
hand_friction_sweep_joint4_joint_2_1_20260811_140138.csv,16,4,joint_2_1,-1,0.05,-0.05,5.023406267166138,0.1439896632895321,-0.6600835231042553,-0.8040731863937874,-0.1600653308989461,q_not_changing,0.008947377157354273,-0.041052622842645645,927
hand_friction_sweep_joint4_joint_2_1_20260811_140138.csv,17,4,joint_2_1,1,0.05,0.05,2.3780713081359863,-0.838107106807677,0.1232202451907996,0.9613273519984766,0.40424664672986527,upper_limit,0.006564272431381457,0.05656427243138144,438
hand_friction_sweep_joint4_joint_2_1_20260811_140138.csv,18,4,joint_2_1,-1,0.05,-0.05,5.020956993103027,0.1328195560767684,-0.6590363255530588,-0.7918558816298272,-0.15771015021987836,q_not_changing,0.0090146341681097,-0.04098536583189022,925
hand_friction_sweep_joint4_joint_2_1_20260811_140138.csv,19,4,joint_2_1,1,0.05,0.05,2.374387741088867,-0.8419468311620645,0.1239183768915973,0.9658652080536618,0.40678495400701786,upper_limit,0.006518431519742819,0.0565184315197428,438
hand_friction_sweep_joint4_joint_2_1_20260811_140138.csv,20,4,joint_2_1,-1,0.05,-0.05,5.023856163024902,0.1293288975727798,-0.6593853914034576,-0.7887142889762374,-0.15699380383958814,q_not_changing,0.009083627683688238,-0.04091637231631168,925
hand_friction_sweep_joint4_joint_2_1_20260811_140138.csv,21,4,joint_2_1,1,0.1,0.1,1.0340006351470947,-0.8377580409572781,0.1247910415175945,0.9625490824748726,0.9308979605587403,upper_limit,0.007715053490201378,0.10771505349020137,191
hand_friction_sweep_joint4_joint_2_1_20260811_140138.csv,22,4,joint_2_1,-1,0.1,-0.1,1.1365644931793213,0.1588249619314839,-0.6981317007977318,-0.8569566627292157,-0.7539885927036517,lower_limit,0.006056938363292163,-0.09394306163670776,210
hand_friction_sweep_joint4_joint_2_1_20260811_140138.csv,23,4,joint_2_1,1,0.1,0.1,0.9268298149108889,-0.721170046924057,0.1235693110411985,0.8447393579652555,0.911428769742883,upper_limit,0.006601913809664872,0.10660191380966486,171
hand_friction_sweep_joint4_joint_2_1_20260811_140138.csv,24,4,joint_2_1,-1,0.1,-0.1,1.1572716236114502,0.1658062789394613,-0.7019714251521193,-0.8677777040915806,-0.7498479063917097,lower_limit,0.005995209880716129,-0.09400479011928382,214
hand_friction_sweep_joint4_joint_2_1_20260811_140138.csv,25,4,joint_2_1,1,0.1,0.1,0.9313604831695557,-0.726056968829641,0.1321214243759707,0.8581783932056117,0.9214245275740124,upper_limit,0.006542020579868921,0.10654202057986892,172
hand_friction_sweep_joint4_joint_2_1_20260811_140138.csv,26,4,joint_2_1,-1,0.1,-0.1,1.1549403667449951,0.1673770752662562,-0.7030186227033158,-0.8703956979695721,-0.7536282591131832,lower_limit,0.005956132497194186,-0.09404386750280576,213
hand_friction_sweep_joint4_joint_2_1_20260811_140138.csv,27,4,joint_2_1,1,0.1,0.1,0.9339458942413331,-0.7180284542704671,0.1293288975727798,0.8473573518432469,0.90728741040355,upper_limit,0.006634511102278125,0.10663451110227815,173
hand_friction_sweep_joint4_joint_2_1_20260811_140138.csv,28,4,joint_2_1,-1,0.1,-0.1,1.1688387393951416,0.1692969374434499,-0.7000515629749255,-0.8693485004183754,-0.7437711218129642,lower_limit,0.005990171395644541,-0.09400982860435539,216
hand_friction_sweep_joint4_joint_2_1_20260811_140138.csv,29,4,joint_2_1,1,0.1,0.1,0.9434704780578614,-0.7264060346800398,0.1324704902263695,0.8588765249064093,0.910337466705276,upper_limit,0.006524562182491529,0.10652456218249154,175
hand_friction_sweep_joint4_joint_2_1_20260811_140138.csv,30,4,joint_2_1,-1,0.1,-0.1,1.1612663269042969,0.176976386152225,-0.6981317007977318,-0.8751080869499568,-0.753580868294717,lower_limit,0.005870111976310707,-0.09412988802368921,215
hand_friction_sweep_joint4_joint_2_1_20260811_140138.csv,31,4,joint_2_1,1,0.1,0.1,0.9294989109039307,-0.7230899091012507,0.1232202451907996,0.8463101542920504,0.9105015017919925,upper_limit,0.006529134025269535,0.10652913402526953,172
hand_friction_sweep_joint4_joint_2_1_20260811_140138.csv,32,4,joint_2_1,-1,0.1,-0.1,1.1537034511566162,0.1692969374434499,-0.7004006288253244,-0.8696975662687743,-0.753831121330946,lower_limit,0.005962685553285129,-0.0940373144467148,214
hand_friction_sweep_joint4_joint_2_1_20260811_140138.csv,33,4,joint_2_1,1,0.1,0.1,0.9277665615081787,-0.7122688677388859,0.128630765871982,0.8408996336108678,0.9063698439873713,upper_limit,0.006525181016049208,0.10652518101604921,171
hand_friction_sweep_joint4_joint_2_1_20260811_140138.csv,34,4,joint_2_1,-1,0.1,-0.1,1.1596899032592773,0.1577777643802873,-0.7023204910025181,-0.8600982553828054,-0.7416622779637232,lower_limit,0.005919656585128153,-0.09408034341487177,214
hand_friction_sweep_joint4_joint_2_1_20260811_140138.csv,35,4,joint_2_1,1,0.1,0.1,0.9416811466217042,-0.7269296334556382,0.1296779634231786,0.8566075968788168,0.9096577965396354,upper_limit,0.00662221775836663,0.10662221775836661,174
hand_friction_sweep_joint4_joint_2_1_20260811_140138.csv,36,4,joint_2_1,-1,0.1,-0.1,1.158661127090454,0.1616174887346749,-0.7023204910025181,-0.8639379797371931,-0.745634732656175,lower_limit,0.005889595186583484,-0.09411040481341647,214
hand_friction_sweep_joint4_joint_2_1_20260811_140138.csv,37,4,joint_2_1,1,0.1,0.1,0.9348814487457275,-0.728849495632832,0.1282817000215832,0.8571311956544152,0.916834104264637,upper_limit,0.006571406743798656,0.10657140674379867,173
hand_friction_sweep_joint4_joint_2_1_20260811_140138.csv,38,4,joint_2_1,-1,0.1,-0.1,1.1473851203918457,0.1584758960810851,-0.7004006288253244,-0.8588765249064094,-0.7485512140972274,lower_limit,0.006002354456365064,-0.09399764554363486,212
hand_friction_sweep_joint4_joint_2_1_20260811_140138.csv,39,4,joint_2_1,1,0.1,0.1,0.9290130138397217,-0.7173303225696693,0.1293288975727798,0.8466592201424491,0.9113534552579683,upper_limit,0.006575428582542619,0.1065754285825426,172
hand_friction_sweep_joint4_joint_2_1_20260811_140138.csv,40,4,joint_2_1,-1,0.1,-0.1,1.1498959064483643,0.1715658654710425,-0.7010987605261221,-0.8726646259971645,-0.7589074985861352,lower_limit,0.005943948538580001,-0.09405605146141993,212
hand_friction_sweep_joint4_joint_2_1_20260811_140138.csv,41,4,joint_2_1,1,0.15,0.15,0.6161727905273438,-0.710349005561692,0.1331686219271673,0.8435176274888593,1.3689627981900099,upper_limit,0.006820272893185428,0.15682027289318543,114
hand_friction_sweep_joint4_joint_2_1_20260811_140138.csv,42,4,joint_2_1,-1,0.15,-0.15,0.725489616394043,0.2071705822117269,-0.7007496946757232,-0.9079202768874501,-1.251458678899026,lower_limit,0.004961507770186807,-0.14503849222981313,134
hand_friction_sweep_joint4_joint_2_1_20260811_140138.csv,43,4,joint_2_1,1,0.15,0.15,0.6270232200622559,-0.7571238295151401,0.1308996938995747,0.8880235234147148,1.416253011055228,upper_limit,0.007122639799607638,0.15712263979960764,116
hand_friction_sweep_joint4_joint_2_1_20260811_140138.csv,44,4,joint_2_1,-1,0.15,-0.15,0.7222371101379395,0.1980948701013563,-0.7030186227033158,-0.9011134928046721,-1.2476698859084785,lower_limit,0.005197320191468219,-0.14480267980853173,134
hand_friction_sweep_joint4_joint_2_1_20260811_140138.csv,45,4,joint_2_1,1,0.15,0.15,0.6157073974609375,-0.7475245186291712,0.1251401073679934,0.8726646259971647,1.4173365946159993,upper_limit,0.007326302327710833,0.1573263023277108,114
hand_friction_sweep_joint4_joint_2_1_20260811_140138.csv,46,4,joint_2_1,-1,0.15,-0.15,0.7013914585113525,0.1802925117310142,-0.7016223593017205,-0.8819148710327347,-1.2573789719431838,lower_limit,0.005306258841865189,-0.14469374115813474,130
hand_friction_sweep_joint4_joint_2_1_20260811_140138.csv,47,4,joint_2_1,1,0.15,0.15,0.6308016777038574,-0.7468263869283736,0.1408480706359423,0.8876744575643158,1.4072163866074126,upper_limit,0.007142185328147523,0.15714218532814753,117
hand_friction_sweep_joint4_joint_2_1_20260811_140138.csv,48,4,joint_2_1,-1,0.15,-0.15,0.7172794342041016,0.1965240737745615,-0.6984807666481306,-0.8950048404226921,-1.2477770834400068,lower_limit,0.004952581265858037,-0.14504741873414187,133
hand_friction_sweep_joint4_joint_2_1_20260811_140138.csv,49,4,joint_2_1,1,0.15,0.15,0.6259593963623047,-0.7410668003967923,0.1293288975727798,0.8703956979695721,1.3904986537909367,upper_limit,0.007196597927332334,0.15719659792733234,116
hand_friction_sweep_joint4_joint_2_1_20260811_140138.csv,50,4,joint_2_1,-1,0.15,-0.15,0.7336483001708984,0.1946042115973677,-0.7084291433844982,-0.903033354981866,-1.230880456986693,lower_limit,0.005160034891816343,-0.1448399651081836,136
hand_friction_sweep_joint4_joint_2_1_20260811_140138.csv,51,4,joint_2_1,1,0.15,0.15,0.6304728984832764,-0.7529350393103537,0.1251401073679934,0.8780751466783471,1.3927246496887107,upper_limit,0.007396197217674692,0.1573961972176747,117
hand_friction_sweep_joint4_joint_2_1_20260811_140138.csv,52,4,joint_2_1,-1,0.15,-0.15,0.7147161960601807,0.1783726495538204,-0.7145377957664785,-0.8929104453202988,-1.2493216891437477,lower_limit,0.0052360081191632594,-0.14476399188083666,132
hand_friction_sweep_joint4_joint_2_1_20260811_140138.csv,53,4,joint_2_1,1,0.15,0.15,0.6357996463775635,-0.7682939367279038,0.1331686219271673,0.9014625586550711,1.4178406103103527,upper_limit,0.007363702491149057,0.15736370249114903,118
hand_friction_sweep_joint4_joint_2_1_20260811_140138.csv,54,4,joint_2_1,-1,0.15,-0.15,0.7116513252258301,0.192335283569775,-0.7061602153569057,-0.8984954989266807,-1.2625501661808314,lower_limit,0.005164160134486007,-0.14483583986551393,132
hand_friction_sweep_joint4_joint_2_1_20260811_140138.csv,55,4,joint_2_1,1,0.15,0.15,0.6261966228485107,-0.7410668003967923,0.1289798317223809,0.8700466321191732,1.3894144432804687,upper_limit,0.007282480648216907,0.15728248064821693,116
hand_friction_sweep_joint4_joint_2_1_20260811_140138.csv,56,4,joint_2_1,-1,0.15,-0.15,0.7129218578338623,0.1904154213925813,-0.702669556852917,-0.8930849782454983,-1.2527108945138006,lower_limit,0.005144379483241831,-0.1448556205167581,132
hand_friction_sweep_joint4_joint_2_1_20260811_140138.csv,57,4,joint_2_1,1,0.15,0.15,0.6179971694946289,-0.7298966931840285,0.1225221134900019,0.8524188066740304,1.3793247748547153,upper_limit,0.007311430002002442,0.15731143000200243,115
hand_friction_sweep_joint4_joint_2_1_20260811_140138.csv,58,4,joint_2_1,-1,0.15,-0.15,0.7116165161132812,0.1754055898254301,-0.7019714251521193,-0.8773770149775494,-1.2329351485117597,lower_limit,0.005132860996916385,-0.14486713900308354,132
hand_friction_sweep_joint4_joint_2_1_20260811_140138.csv,59,4,joint_2_1,1,0.15,0.15,0.6127235889434814,-0.749444380806365,0.1247910415175945,0.8742354223239595,1.4268022940513887,upper_limit,0.0073305483987927,0.1573305483987927,114
hand_friction_sweep_joint4_joint_2_1_20260811_140138.csv,60,4,joint_2_1,-1,0.15,-0.15,0.7072927951812744,0.1876228945893904,-0.7061602153569057,-0.8937831099462961,-1.2636677710215123,lower_limit,0.0053087588994165285,-0.1446912411005834,131
hand_friction_sweep_joint4_joint_2_1_20260811_140138.csv,61,4,joint_2_1,1,0.2,0.2,0.4767987728118897,-0.7548549014875474,0.127409035395586,0.8822639368831334,1.8503905362005009,upper_limit,0.0075984343241991,0.2075984343241991,89
hand_friction_sweep_joint4_joint_2_1_20260811_140138.csv,62,4,joint_2_1,-1,0.2,-0.2,0.5367329120635986,0.223751210105673,-0.7058111495065068,-0.9295623596121798,-1.731889993550524,lower_limit,0.004398285351900383,-0.1956017146480996,100
hand_friction_sweep_joint4_joint_2_1_20260811_140138.csv,63,4,joint_2_1,1,0.2,0.2,0.48484468460083,-0.7782423134642714,0.1328195560767684,0.9110618695410398,1.8790798341764066,upper_limit,0.007830904703187496,0.20783090470318757,90
hand_friction_sweep_joint4_joint_2_1_20260811_140138.csv,64,4,joint_2_1,-1,0.2,-0.2,0.5441207885742188,0.2321287905152458,-0.7154104603924756,-0.9475392509077214,-1.741413433937336,lower_limit,0.0043097816185380415,-0.1956902183814619,101
hand_friction_sweep_joint4_joint_2_1_20260811_140138.csv,65,4,joint_2_1,1,0.2,0.2,0.49576640129089355,-0.7827801695194567,0.1420698011123384,0.9248499706317952,1.8654954596028273,upper_limit,0.007741777328822685,0.20774177732882265,92
hand_friction_sweep_joint4_joint_2_1_20260811_140138.csv,66,4,joint_2_1,-1,0.2,-0.2,0.548825740814209,0.2267182698340633,-0.7115707360380881,-0.9382890058721514,-1.7096300994923364,lower_limit,0.004399407019037353,-0.19560059298096255,102
hand_friction_sweep_joint4_joint_2_1_20260811_140138.csv,67,4,joint_2_1,1,0.2,0.2,0.49492526054382324,-0.7967428035354114,0.1370083462815548,0.9337511498169662,1.8866508223705567,upper_limit,0.008055597487670919,0.20805559748767094,92
hand_friction_sweep_joint4_joint_2_1_20260811_140138.csv,68,4,joint_2_1,-1,0.2,-0.2,0.5380198955535889,0.2321287905152458,-0.7148868616168773,-0.9470156521321231,-1.7601870487664832,lower_limit,0.004407794692522077,-0.19559220530747787,100
hand_friction_sweep_joint4_joint_2_1_20260811_140138.csv,69,4,joint_2_1,1,0.2,0.2,0.4895217418670655,-0.7794640439406675,0.1446877949903299,0.9241518389309974,1.887866788932043,upper_limit,0.007808870729005506,0.20780887072900556,91
hand_friction_sweep_joint4_joint_2_1_20260811_140138.csv,70,4,joint_2_1,-1,0.2,-0.2,0.5367553234100342,0.2336995868420407,-0.7007496946757232,-0.934449281517764,-1.7409222428967441,lower_limit,0.004184035749865048,-0.19581596425013487,100
hand_friction_sweep_joint4_joint_2_1_20260811_140138.csv,71,4,joint_2_1,1,0.2,0.2,0.4788105487823487,-0.7778932476138726,0.1277581012459849,0.9056513488598574,1.8914607273440343,upper_limit,0.00794746108030152,0.20794746108030154,89
hand_friction_sweep_joint4_joint_2_1_20260811_140138.csv,72,4,joint_2_1,-1,0.2,-0.2,0.5281119346618652,0.208043246837724,-0.7084291433844982,-0.9164723902222223,-1.7353752681408592,lower_limit,0.004641475447264858,-0.19535852455273509,98
hand_friction_sweep_joint4_joint_2_1_20260811_140138.csv,73,4,joint_2_1,1,0.2,0.2,0.4893779754638672,-0.7843509658462516,0.1324704902263695,0.9168214560726211,1.873442414738,upper_limit,0.007902918249528336,0.20790291824952833,91
hand_friction_sweep_joint4_joint_2_1_20260811_140138.csv,74,4,joint_2_1,-1,0.2,-0.2,0.5401566028594971,0.2417281014012146,-0.7157595262428744,-0.957487627644089,-1.7726111697520914,lower_limit,0.004410785426049814,-0.19558921457395012,100
hand_friction_sweep_joint4_joint_2_1_20260811_140138.csv,75,4,joint_2_1,1,0.2,0.2,0.4886386394500733,-0.7862708280234454,0.1258382390687911,0.9121090670922365,1.866633117918689,upper_limit,0.007976599137125513,0.20797659913712552,91
hand_friction_sweep_joint4_joint_2_1_20260811_140138.csv,76,4,joint_2_1,-1,0.2,-0.2,0.5276737213134766,0.2151990967709008,-0.7077310116837006,-0.9229301084546013,-1.7490545220960771,lower_limit,0.00428236523409852,-0.19571763476590145,98
hand_friction_sweep_joint4_joint_2_1_20260811_140138.csv,77,4,joint_2_1,1,0.2,0.2,0.4850330352783203,-0.7740535232594851,0.1354375499547599,0.9094910732142449,1.8751116049082375,upper_limit,0.007783554076983771,0.2077835540769838,90
hand_friction_sweep_joint4_joint_2_1_20260811_140138.csv,78,4,joint_2_1,-1,0.2,-0.2,0.5274350643157959,0.2401573050744197,-0.7007496946757232,-0.9409069997501429,-1.7839295553296497,lower_limit,0.004282363173813946,-0.195717636826186,98
hand_friction_sweep_joint4_joint_2_1_20260811_140138.csv,79,4,joint_2_1,1,0.2,0.2,0.4795238971710205,-0.7717845952318925,0.1424188669627372,0.9142034621946297,1.906481548861333,upper_limit,0.007631267053517388,0.20763126705351737,89
hand_friction_sweep_joint4_joint_2_1_20260811_140138.csv,80,4,joint_2_1,-1,0.2,-0.2,0.5392000675201416,0.2272418686096617,-0.7126179335892847,-0.9398598021989464,-1.7430632131065864,lower_limit,0.00436132002912646,-0.1956386799708735,100
hand_friction_sweep_joint4_joint_2_1_20260811_140138.csv,81,4,joint_2_1,1,0.25,0.25,0.39816808700561523,-0.7824311036690579,0.1411971364863412,0.923628240155399,2.3196942956967153,upper_limit,0.008245998602647967,0.258245998602648,74
hand_friction_sweep_joint4_joint_2_1_20260811_140138.csv,82,4,joint_2_1,-1,0.25,-0.25,0.44111466407775873,0.2612757890235511,-0.7187265859712648,-0.9800023749948159,-2.2216499581661227,lower_limit,0.0038466831771879367,-0.246153316822812,82
hand_friction_sweep_joint4_joint_2_1_20260811_140138.csv,83,4,joint_2_1,1,0.25,0.25,0.4018969535827637,-0.828856861772107,0.1321214243759707,0.9609782861480778,2.3911061718216806,upper_limit,0.008641320845285596,0.25864132084528557,75
hand_friction_sweep_joint4_joint_2_1_20260811_140138.csv,84,4,joint_2_1,-1,0.25,-0.25,0.434333324432373,0.2525491427635795,-0.7199483164476609,-0.9724974592112403,-2.2390578951826687,lower_limit,0.003817845297569446,-0.24618215470243052,81
hand_friction_sweep_joint4_joint_2_1_20260811_140138.csv,85,4,joint_2_1,1,0.25,0.25,0.3976480960845947,-0.8093091741497705,0.128630765871982,0.9379399400217525,2.358718548528439,upper_limit,0.008582020083540079,0.2585820200835401,74
hand_friction_sweep_joint4_joint_2_1_20260811_140138.csv,86,4,joint_2_1,-1,0.25,-0.25,0.42406177520751964,0.2443460952792061,-0.7061602153569057,-0.9505063106361118,-2.2414335981378426,lower_limit,0.0038881499126676225,-0.24611185008733233,79
hand_friction_sweep_joint4_joint_2_1_20260811_140138.csv,87,4,joint_2_1,1,0.25,0.25,0.4027791023254395,-0.799011731563004,0.1466076571675236,0.9456193887305275,2.3477369686535554,upper_limit,0.008267950090638677,0.2582679500906387,75
hand_friction_sweep_joint4_joint_2_1_20260811_140138.csv,88,4,joint_2_1,-1,0.25,-0.25,0.4302690029144287,0.2462659574563998,-0.7077310116837006,-0.9539969691401003,-2.217210541959096,lower_limit,0.003583153639299344,-0.2464168463607006,80
hand_friction_sweep_joint4_joint_2_1_20260811_140138.csv,89,4,joint_2_1,1,0.25,0.25,0.39639043807983393,-0.8023278571417932,0.1427679328131361,0.9450957899549293,2.384254762887557,upper_limit,0.008328033683036345,0.25832803368303636,74
hand_friction_sweep_joint4_joint_2_1_20260811_140138.csv,90,4,joint_2_1,-1,0.25,-0.25,0.44051694869995117,0.2467895562319981,-0.7298966931840285,-0.9766862494160267,-2.2171365989399785,lower_limit,0.0039853367830825475,-0.24601466321691742,82
hand_friction_sweep_joint4_joint_2_1_20260811_140138.csv,91,4,joint_2_1,1,0.25,0.25,0.4076845645904541,-0.8326965861264946,0.1328195560767684,0.965516142203263,2.368292121074506,upper_limit,0.008698113243559591,0.25869811324355957,76
hand_friction_sweep_joint4_joint_2_1_20260811_140138.csv,92,4,joint_2_1,-1,0.25,-0.25,0.4295198917388916,0.2443460952792061,-0.7035422214789142,-0.9478883167581202,-2.2068554564973413,lower_limit,0.0037036775223361724,-0.24629632247766375,80
hand_friction_sweep_joint4_joint_2_1_20260811_140138.csv,93,4,joint_2_1,1,0.25,0.25,0.401749849319458,-0.7942993425826192,0.1392772743091475,0.9335766168917667,2.3237758980449996,upper_limit,0.008266241201260571,0.25826624120126057,75
hand_friction_sweep_joint4_joint_2_1_20260811_140138.csv,94,4,joint_2_1,-1,0.25,-0.25,0.4409437179565429,0.2677335072559301,-0.7164576579436722,-0.9841911651996023,-2.232010855627155,lower_limit,0.0035140720754715487,-0.24648592792452842,82
hand_friction_sweep_joint4_joint_2_1_20260811_140138.csv,95,4,joint_2_1,1,0.25,0.25,0.40790700912475586,-0.8250171374177195,0.1584758960810851,0.9834930334988046,2.4110716695187,upper_limit,0.008366642827554041,0.258366642827554,76
hand_friction_sweep_joint4_joint_2_1_20260811_140138.csv,96,4,joint_2_1,-1,0.25,-0.25,0.4381434917449951,0.2654645792283375,-0.7035422214789142,-0.9690068007072516,-2.2116197523509613,lower_limit,0.0036152970855493336,-0.24638470291445058,82
hand_friction_sweep_joint4_joint_2_1_20260811_140138.csv,97,4,joint_2_1,1,0.25,0.25,0.3976466655731201,-0.806691180271779,0.127409035395586,0.934100215667365,2.3490709127940637,upper_limit,0.008718128944502919,0.25871812894450297,74
hand_friction_sweep_joint4_joint_2_1_20260811_140138.csv,98,4,joint_2_1,-1,0.25,-0.25,0.4289524555206298,0.245916891606001,-0.7122688677388859,-0.9581857593448868,-2.2337808002099298,lower_limit,0.003934064516823761,-0.24606593548317618,80
hand_friction_sweep_joint4_joint_2_1_20260811_140138.csv,99,4,joint_2_1,1,0.25,0.25,0.3973243236541748,-0.807040246122178,0.1308996938995747,0.9379399400217526,2.36064062576275,upper_limit,0.008560510221510859,0.25856051022151094,74
hand_friction_sweep_joint4_joint_2_1_20260811_140138.csv,100,4,joint_2_1,-1,0.25,-0.25,0.43014526367187494,0.2321287905152458,-0.719599250597262,-0.9517280411125079,-2.212573568724701,lower_limit,0.0039058497506762073,-0.24609415024932377,80
hand_friction_sweep_joint4_joint_2_1_20260811_140138.csv,101,4,joint_2_1,1,0.3,0.3,0.3420009613037109,-0.8173376887089444,0.1354375499547599,0.9527752386637043,2.785884680065565,upper_limit,0.008786437699805664,0.3087864376998057,64
hand_friction_sweep_joint4_joint_2_1_20260811_140138.csv,102,4,joint_2_1,-1,0.3,-0.3,0.3750894069671631,0.2747148242639074,-0.7154104603924756,-0.990125284656383,-2.639704737764196,lower_limit,0.003157577750018498,-0.2968424222499815,70
hand_friction_sweep_joint4_joint_2_1_20260811_140138.csv,103,4,joint_2_1,1,0.3,0.3,0.35212135314941406,-0.8407251006856684,0.1478293876439197,0.9885544883295881,2.8074255636241388,upper_limit,0.008944244899682924,0.3089442448996829,66
hand_friction_sweep_joint4_joint_2_1_20260811_140138.csv,104,4,joint_2_1,-1,0.3,-0.3,0.3756983280181885,0.2912954521578536,-0.718377520120866,-1.0096729722787194,-2.6874566559951223,lower_limit,0.003124826774986187,-0.2968751732250138,70
hand_friction_sweep_joint4_joint_2_1_20260811_140138.csv,105,4,joint_2_1,1,0.3,0.3,0.35307931900024414,-0.8372344421816797,0.1331686219271673,0.970403064108847,2.748399614161984,upper_limit,0.009093200063276106,0.30909320006327606,66
hand_friction_sweep_joint4_joint_2_1_20260811_140138.csv,106,4,joint_2_1,-1,0.3,-0.3,0.3799293041229248,0.2808234766458876,-0.719599250597262,-1.0004227272431496,-2.6331812692170393,lower_limit,0.0031515637403871323,-0.2968484362596128,71
hand_friction_sweep_joint4_joint_2_1_20260811_140138.csv,107,4,joint_2_1,1,0.3,0.3,0.3424627780914306,-0.8511970761976344,0.1328195560767684,0.9840166322744028,2.8733535298592083,upper_limit,0.009149599489668796,0.3091495994896688,64
hand_friction_sweep_joint4_joint_2_1_20260811_140138.csv,108,4,joint_2_1,-1,0.3,-0.3,0.37561535835266113,0.26162485487395,-0.7302457590344275,-0.9918706139083775,-2.640655105953152,lower_limit,0.003523370168740349,-0.2964766298312595,70
hand_friction_sweep_joint4_joint_2_1_20260811_140138.csv,109,4,joint_2_1,1,0.3,0.3,0.34289479255676264,-0.8464846872172498,0.143116998663535,0.9896016858807848,2.8860213317965937,upper_limit,0.008980134049433278,0.30898013404943325,64
hand_friction_sweep_joint4_joint_2_1_20260811_140138.csv,110,4,joint_2_1,-1,0.3,-0.3,0.36321115493774414,0.2734930937875114,-0.7096508738608943,-0.9831439676484057,-2.7068110499439935,lower_limit,0.0030399476301351076,-0.2969600523698648,68
hand_friction_sweep_joint4_joint_2_1_20260811_140138.csv,111,4,joint_2_1,1,0.3,0.3,0.3490970134735108,-0.8365363104808821,0.1436405974391333,0.9801769079200153,2.807749336401557,upper_limit,0.008859411010948342,0.30885941101094827,65
hand_friction_sweep_joint4_joint_2_1_20260811_140138.csv,112,4,joint_2_1,-1,0.3,-0.3,0.370588779449463,0.28623399732707,-0.702669556852917,-0.988903554179987,-2.6684659898474967,lower_limit,0.0030511222389192245,-0.29694887776108075,69
hand_friction_sweep_joint4_joint_2_1_20260811_140138.csv,113,4,joint_2_1,1,0.3,0.3,0.3484561443328858,-0.830427658098902,0.16004669240788,0.9904743505067819,2.842464874318777,upper_limit,0.008765382894464917,0.3087653828944649,65
hand_friction_sweep_joint4_joint_2_1_20260811_140138.csv,114,4,joint_2_1,-1,0.3,-0.3,0.3757984638214111,0.2816961412718847,-0.7068583470577035,-0.9885544883295881,-2.630544250439976,lower_limit,0.003114540218952508,-0.29688545978104747,70
hand_friction_sweep_joint4_joint_2_1_20260811_140138.csv,115,4,joint_2_1,1,0.3,0.3,0.34787535667419445,-0.8438666933392582,0.1446877949903299,0.9885544883295881,2.8416916270830503,upper_limit,0.00901564844268471,0.3090156484426847,65
hand_friction_sweep_joint4_joint_2_1_20260811_140138.csv,116,4,joint_2_1,-1,0.3,-0.3,0.37571787834167475,0.2804744107954887,-0.7199483164476609,-1.0004227272431496,-2.662696626678418,lower_limit,0.0032219596511499134,-0.29677804034885014,70
hand_friction_sweep_joint4_joint_2_1_20260811_140138.csv,117,4,joint_2_1,1,0.3,0.3,0.35354471206665034,-0.8480554835440447,0.1459095254667259,0.9939650090107706,2.811426603442984,upper_limit,0.009028176713664208,0.3090281767136642,66
hand_friction_sweep_joint4_joint_2_1_20260811_140138.csv,118,4,joint_2_1,-1,0.3,-0.3,0.3743221759796142,0.2843141351498762,-0.7148868616168773,-0.9992009967667534,-2.6693609432885177,lower_limit,0.0032893937720469978,-0.2967106062279529,70
hand_friction_sweep_joint4_joint_2_1_20260811_140138.csv,119,4,joint_2_1,1,0.3,0.3,0.3486099243164063,-0.853815070075626,0.1328195560767684,0.9866346261523944,2.8301966104008627,upper_limit,0.009256921896624607,0.3092569218966246,65
hand_friction_sweep_joint4_joint_2_1_20260811_140138.csv,120,4,joint_2_1,-1,0.3,-0.3,0.3675425052642822,0.2658136450787363,-0.7122688677388859,-0.9780825128176222,-2.6611412253239384,lower_limit,0.0033445558784493522,-0.2966554441215506,68
hand_friction_sweep_joint5_joint_2_2_20260811_153257.csv,1,5,joint_2_2,1,0.05,0.05,5.6201512813568115,-0.0001745329251994,1.0316641208538482,1.0318386537790476,0.1835962418310459,q_not_changing,-0.002125680751043031,0.04787431924895691,1018
hand_friction_sweep_joint5_joint_2_2_20260811_153257.csv,2,5,joint_2_2,-1,0.05,-0.05,6.8979997634887695,2.177996373563724,0.0865683308989187,-2.0914280426648055,-0.30319340596889693,lower_limit,-0.0034702935838771165,-0.053470293583877074,1249
hand_friction_sweep_joint5_joint_2_2_20260811_153257.csv,3,5,joint_2_2,1,0.05,0.05,5.01433539390564,0.0816814089933346,1.055400598680971,0.9737191896876363,0.19418708825721598,q_not_changing,-0.0025156385582344046,0.04748436144176553,909
hand_friction_sweep_joint5_joint_2_2_20260811_153257.csv,4,5,joint_2_2,-1,0.05,-0.05,6.88792872428894,2.149896572606615,0.087091929674517,-2.062804642932098,-0.29948112495096224,lower_limit,-0.0033546619219876482,-0.0533546619219876,1247
hand_friction_sweep_joint5_joint_2_2_20260811_153257.csv,5,5,joint_2_2,1,0.05,0.05,5.618011474609375,0.0836012711705283,1.055051532830572,0.9714502616600438,0.1729171017272779,q_not_changing,-0.0031374263411710446,0.0468625736588289,1018
hand_friction_sweep_joint5_joint_2_2_20260811_153257.csv,6,5,joint_2_2,-1,0.05,-0.05,6.830002784729004,2.147976710429421,0.087091929674517,-2.060884780754904,-0.30173996200452124,lower_limit,-0.003410021459785234,-0.053410021459785205,1235
hand_friction_sweep_joint5_joint_2_2_20260811_153257.csv,7,5,joint_2_2,1,0.05,0.05,5.021600008010864,0.0832522053201295,1.0576695267085636,0.9744173213884342,0.1940451887513869,q_not_changing,-0.002630438139577688,0.04736956186042225,908
hand_friction_sweep_joint5_joint_2_2_20260811_153257.csv,8,5,joint_2_2,-1,0.05,-0.05,7.0500195026397705,2.168047996827356,0.0865683308989187,-2.081479665928437,-0.2952445259405395,lower_limit,-0.003138648617928225,-0.05313864861792818,1277
hand_friction_sweep_joint5_joint_2_2_20260811_153257.csv,9,5,joint_2_2,1,0.05,0.05,5.619086742401123,0.0727802298081635,1.055051532830572,0.9822713030224086,0.17480977746975815,q_not_changing,-0.003111230402194195,0.04688876959780574,1018
hand_friction_sweep_joint5_joint_2_2_20260811_153257.csv,10,5,joint_2_2,-1,0.05,-0.05,7.1639063358306885,2.1671753322013587,0.087091929674517,-2.0800834025268418,-0.29035602993902715,lower_limit,-0.0029740750924054917,-0.05297407509240545,1299
hand_friction_sweep_joint5_joint_2_2_20260811_153257.csv,11,5,joint_2_2,1,0.05,0.05,5.6158411502838135,0.0827286065445312,1.055051532830572,0.9723229262860409,0.17313932147758518,q_not_changing,-0.0031555035252613553,0.046844496474738574,1018
hand_friction_sweep_joint5_joint_2_2_20260811_153257.csv,12,5,joint_2_2,-1,0.05,-0.05,6.8566811084747314,2.139948195870247,0.087091929674517,-2.05285626619573,-0.29939503292029107,lower_limit,-0.003311432936996786,-0.053311432936996736,1243
hand_friction_sweep_joint5_joint_2_2_20260811_153257.csv,13,5,joint_2_2,1,0.05,0.05,5.615400552749634,0.0823795406941323,1.055400598680971,0.9730210579868386,0.17327723086653002,q_not_changing,-0.0031668933281897467,0.04683310667181019,1018
hand_friction_sweep_joint5_joint_2_2_20260811_153257.csv,14,5,joint_2_2,-1,0.05,-0.05,6.991092443466187,2.157226955464991,0.087091929674517,-2.0701350257904743,-0.2961103779603435,lower_limit,-0.0032878330753533394,-0.05328783307535331,1267
hand_friction_sweep_joint5_joint_2_2_20260811_153257.csv,15,5,joint_2_2,1,0.05,0.05,5.020580291748047,0.0827286065445312,1.0557496645313698,0.9730210579868386,0.19380649276461542,q_not_changing,-0.0025753428325191573,0.04742465716748078,912
hand_friction_sweep_joint5_joint_2_2_20260811_153257.csv,16,5,joint_2_2,-1,0.05,-0.05,7.011164665222168,2.165604535874564,0.087091929674517,-2.078512606200047,-0.2964575367214234,lower_limit,-0.003262403042005284,-0.05326240304200524,1273
hand_friction_sweep_joint5_joint_2_2_20260811_153257.csv,17,5,joint_2_2,1,0.05,0.05,5.625629901885986,0.0836012711705283,1.055400598680971,0.9717993275104426,0.17274498046603598,q_not_changing,-0.0032052067964116145,0.04679479320358832,1022
hand_friction_sweep_joint5_joint_2_2_20260811_153257.csv,18,5,joint_2_2,-1,0.05,-0.05,7.072816848754883,2.141868058047441,0.087091929674517,-2.0547761283729242,-0.29051736702819503,lower_limit,-0.002985822701416802,-0.05298582270141676,1283
hand_friction_sweep_joint5_joint_2_2_20260811_153257.csv,19,5,joint_2_2,1,0.05,0.05,5.620997667312622,0.0832522053201295,1.0547024669801732,0.9714502616600438,0.17282523835746236,q_not_changing,-0.003128733352610809,0.04687126664738912,1017
hand_friction_sweep_joint5_joint_2_2_20260811_153257.csv,20,5,joint_2_2,-1,0.05,-0.05,6.979324817657471,2.165255470024165,0.087091929674517,-2.078163540349648,-0.29775996885715367,lower_limit,-0.003273984143234294,-0.05327398414323424,1263
hand_friction_sweep_joint5_joint_2_2_20260811_153257.csv,21,5,joint_2_2,1,0.1,0.1,3.002138376235962,0.0823795406941323,2.028770722518209,1.9463911818240767,0.648334932603751,upper_limit,-0.008813203961651072,0.09118679603834887,544
hand_friction_sweep_joint5_joint_2_2_20260811_153257.csv,22,5,joint_2_2,-1,0.1,-0.1,2.1453516483306885,2.046398547963351,0.0808087443673374,-1.9655898035960138,-0.9162086808125146,lower_limit,-0.006345260374384299,-0.10634526037438427,390
hand_friction_sweep_joint5_joint_2_2_20260811_153257.csv,23,5,joint_2_2,1,0.1,0.1,2.9676897525787354,0.0478220215046446,2.0284216566678097,1.9805996351631652,0.6673876989473542,upper_limit,-0.008586081239925892,0.09141391876007404,536
hand_friction_sweep_joint5_joint_2_2_20260811_153257.csv,24,5,joint_2_2,-1,0.1,-0.1,2.1291689872741704,2.042209757758565,0.0839503370209272,-1.9582594207376378,-0.9197294495843017,lower_limit,-0.006347515980324087,-0.10634751598032408,386
hand_friction_sweep_joint5_joint_2_2_20260811_153257.csv,25,5,joint_2_2,1,0.1,0.1,2.933349847793579,0.0560250689890179,2.02528006401422,1.9692549950252023,0.6713331505638326,upper_limit,-0.008587063795930945,0.09141293620406898,532
hand_friction_sweep_joint5_joint_2_2_20260811_153257.csv,26,5,joint_2_2,-1,0.1,-0.1,2.126582622528076,2.043256955309761,0.0839503370209272,-1.959306618288834,-0.9213404631133565,lower_limit,-0.006352642945162153,-0.10635264294516214,386
hand_friction_sweep_joint5_joint_2_2_20260811_153257.csv,27,5,joint_2_2,1,0.1,0.1,2.9368577003479004,0.0570722665402145,2.0284216566678097,1.9713493901275951,0.6712444358111287,upper_limit,-0.008611120666581158,0.09138887933341877,532
hand_friction_sweep_joint5_joint_2_2_20260811_153257.csv,28,5,joint_2_2,-1,0.1,-0.1,2.1357522010803223,2.043256955309761,0.0816814089933346,-1.9615755463164264,-0.9184471612971802,lower_limit,-0.006311797190547561,-0.10631179719054755,388
hand_friction_sweep_joint5_joint_2_2_20260811_153257.csv,29,5,joint_2_2,1,0.1,0.1,2.9281158447265625,0.0521853446346304,2.0271999261914138,1.9750145815567834,0.6745001517319467,upper_limit,-0.008617359578221242,0.09138264042177868,532
hand_friction_sweep_joint5_joint_2_2_20260811_153257.csv,30,5,joint_2_2,-1,0.1,-0.1,2.124083995819092,2.035228440750588,0.0865683308989187,-1.9486601098516694,-0.9174119826180531,lower_limit,-0.0064039054429383515,-0.10640390544293833,386
hand_friction_sweep_joint5_joint_2_2_20260811_153257.csv,31,5,joint_2_2,1,0.1,0.1,2.926266193389892,0.0712094334813686,2.0294688542190062,1.9582594207376376,0.6692007122117347,upper_limit,-0.008630926075220015,0.09136907392477991,530
hand_friction_sweep_joint5_joint_2_2_20260811_153257.csv,32,5,joint_2_2,-1,0.1,-0.1,2.1215691566467285,2.0380209675537784,0.085870199198121,-1.9521507683556574,-0.92014477220302,lower_limit,-0.00637336238240979,-0.10637336238240978,386
hand_friction_sweep_joint5_joint_2_2_20260811_153257.csv,33,5,joint_2_2,1,0.1,0.1,2.91496205329895,0.060911990894602,2.0284216566678097,1.9675096657732076,0.6749692207987812,upper_limit,-0.008616020693659661,0.09138397930634028,530
hand_friction_sweep_joint5_joint_2_2_20260811_153257.csv,34,5,joint_2_2,-1,0.1,-0.1,2.1173322200775146,2.0470966796641488,0.0855211333477221,-1.9615755463164266,-0.9264373005406842,lower_limit,-0.006434902274713372,-0.10643490227471336,384
hand_friction_sweep_joint5_joint_2_2_20260811_153257.csv,35,5,joint_2_2,1,0.1,0.1,2.90022873878479,0.0439822971502571,2.0275489920418126,1.9835666948915556,0.6839345698376466,upper_limit,-0.008622169548990836,0.0913778304510091,524
hand_friction_sweep_joint5_joint_2_2_20260811_153257.csv,36,5,joint_2_2,-1,0.1,-0.1,2.122951030731201,2.036450171226984,0.0788888821901436,-1.9575612890368403,-0.9220944151324131,lower_limit,-0.00631649389067011,-0.1063164938906701,384
hand_friction_sweep_joint5_joint_2_2_20260811_153257.csv,37,5,joint_2_2,1,0.1,0.1,2.9008965492248535,0.0506145483078355,2.0291197883686074,1.9785052400607719,0.6820323325867814,upper_limit,-0.008449037632978402,0.09155096236702154,524
hand_friction_sweep_joint5_joint_2_2_20260811_153257.csv,38,5,joint_2_2,-1,0.1,-0.1,2.1178078651428223,2.048318410140545,0.0827286065445312,-1.965589803596014,-0.9281247066590987,lower_limit,-0.006375806432829374,-0.10637580643282936,378
hand_friction_sweep_joint5_joint_2_2_20260811_153257.csv,39,5,joint_2_2,1,0.1,0.1,2.889962911605835,0.0659734457253856,2.02528006401422,1.9593066182888346,0.677969468196437,upper_limit,-0.00851104865065661,0.09148895134934332,515
hand_friction_sweep_joint5_joint_2_2_20260811_153257.csv,40,5,joint_2_2,-1,0.1,-0.1,2.115109443664551,2.0329595127229947,0.0813323431429357,-1.9516271695800589,-0.9227074161225202,lower_limit,-0.00634551003154177,-0.10634551003154175,377
hand_friction_sweep_joint5_joint_2_2_20260811_153257.csv,41,5,joint_2_2,1,0.15,0.15,1.5709316730499268,0.0535816080362259,2.02528006401422,1.9716984559779942,1.2551140764448323,upper_limit,-0.007323312050575368,0.14267668794942454,281
hand_friction_sweep_joint5_joint_2_2_20260811_153257.csv,42,5,joint_2_2,-1,0.15,-0.15,1.3568785190582275,2.08060700130244,0.0755727566113544,-2.005034244691086,-1.4776814700277852,lower_limit,-0.007154170713011234,-0.15715417071301122,243
hand_friction_sweep_joint5_joint_2_2_20260811_153257.csv,43,5,joint_2_2,1,0.15,0.15,1.600510120391846,0.0090757121103705,2.034181243199391,2.0251055310890207,1.2652875513172157,upper_limit,-0.007021072057678953,0.14297892794232098,287
hand_friction_sweep_joint5_joint_2_2_20260811_153257.csv,44,5,joint_2_2,-1,0.15,-0.15,1.3434345722198486,2.06524810388489,0.0832522053201295,-1.9819958985647605,-1.475320004077142,lower_limit,-0.007265185871233238,-0.15726518587123323,241
hand_friction_sweep_joint5_joint_2_2_20260811_153257.csv,45,5,joint_2_2,1,0.15,0.15,1.5925004482269287,0.0397935069454707,2.039068165104975,1.9992746581595042,1.2554311431343539,upper_limit,-0.0072519649021325384,0.14274803509786738,286
hand_friction_sweep_joint5_joint_2_2_20260811_153257.csv,46,5,joint_2_2,-1,0.15,-0.15,1.3646745681762695,2.066818900211685,0.0727802298081635,-1.9940386704035213,-1.4611825536313208,lower_limit,-0.007027814940125722,-0.1570278149401257,248
hand_friction_sweep_joint5_joint_2_2_20260811_153257.csv,47,5,joint_2_2,1,0.15,0.15,1.5959641933441162,0.0083775804095727,2.0284216566678097,2.020044076258237,1.2657201738502175,upper_limit,-0.007005245373087592,0.14299475462691236,290
hand_friction_sweep_joint5_joint_2_2_20260811_153257.csv,48,5,joint_2_2,-1,0.15,-0.15,1.34340238571167,2.0624555770816992,0.0808087443673374,-1.981646832714362,-1.4750955140403303,lower_limit,-0.007203476693759297,-0.15720347669375928,244
hand_friction_sweep_joint5_joint_2_2_20260811_153257.csv,49,5,joint_2_2,1,0.15,0.15,1.5858643054962158,0.0244346095279206,2.033308578573393,2.0088739690454727,1.2667376156227297,upper_limit,-0.007159277623789501,0.14284072237621043,288
hand_friction_sweep_joint5_joint_2_2_20260811_153257.csv,50,5,joint_2_2,-1,0.15,-0.15,1.343301773071289,2.0748474147708587,0.0851720674973232,-1.9896753472735353,-1.4811827000900886,lower_limit,-0.00724147336971443,-0.1572414733697144,244
hand_friction_sweep_joint5_joint_2_2_20260811_153257.csv,51,5,joint_2_2,1,0.15,0.15,1.5864014625549316,0.0417133691226644,2.03749736877818,1.9957839996555158,1.2580573371643677,upper_limit,-0.007201256870676335,0.14279874312932359,288
hand_friction_sweep_joint5_joint_2_2_20260811_153257.csv,52,5,joint_2_2,-1,0.15,-0.15,1.3440830707550049,2.071007690416472,0.0813323431429357,-1.989675347273536,-1.4803217082080247,lower_limit,-0.007201096676457805,-0.15720109667645776,244
hand_friction_sweep_joint5_joint_2_2_20260811_153257.csv,53,5,joint_2_2,1,0.15,0.15,1.5726337432861328,0.0382227106186758,2.02528006401422,1.9870573533955442,1.2635220132333185,upper_limit,-0.007087080257598755,0.1429129197424012,286
hand_friction_sweep_joint5_joint_2_2_20260811_153257.csv,54,5,joint_2_2,-1,0.15,-0.15,1.3317742347717285,2.0556487929989213,0.087091929674517,-1.9685568633244044,-1.4781460790625844,lower_limit,-0.007265292618822381,-0.15726529261882236,242
hand_friction_sweep_joint5_joint_2_2_20260811_153257.csv,55,5,joint_2_2,1,0.15,0.15,1.5721852779388428,0.0390953752446729,2.0291197883686074,1.9900244131239344,1.2657696526282733,upper_limit,-0.007190123656768792,0.14280987634323114,286
hand_friction_sweep_joint5_joint_2_2_20260811_153257.csv,56,5,joint_2_2,-1,0.15,-0.15,1.3425827026367188,2.073974750144861,0.0855211333477221,-1.988453616797139,-1.4810660176777075,lower_limit,-0.0072281736425377115,-0.15722817364253772,244
hand_friction_sweep_joint5_joint_2_2_20260811_153257.csv,57,5,joint_2_2,1,0.15,0.15,1.5735218524932861,0.0324631240870945,2.02528006401422,1.9928169399271256,1.2664691861568085,upper_limit,-0.0071518425892701685,0.1428481574107298,286
hand_friction_sweep_joint5_joint_2_2_20260811_153257.csv,58,5,joint_2_2,-1,0.15,-0.15,1.3311142921447754,2.062979175857297,0.087091929674517,-1.97588724618278,-1.4843858696754775,lower_limit,-0.007271282498992312,-0.1572712824989923,242
hand_friction_sweep_joint5_joint_2_2_20260811_153257.csv,59,5,joint_2_2,1,0.15,0.15,1.5748283863067627,0.0452040276266531,2.031912315171798,1.9867082875451452,1.261539546035432,upper_limit,-0.00722950211805378,0.1427704978819462,286
hand_friction_sweep_joint5_joint_2_2_20260811_153257.csv,60,5,joint_2_2,-1,0.15,-0.15,1.3428449630737305,2.0748474147708587,0.0755727566113544,-1.9992746581595042,-1.488835057759182,lower_limit,-0.007212357164697614,-0.1572123571646976,244
hand_friction_sweep_joint5_joint_2_2_20260811_153257.csv,61,5,joint_2_2,1,0.2,0.2,1.108940601348877,0.0349065850398865,2.031912315171798,1.9970057301319117,1.8008229906117812,upper_limit,-0.006605073008365818,0.19339492699163413,202
hand_friction_sweep_joint5_joint_2_2_20260811_153257.csv,62,5,joint_2_2,-1,0.2,-0.2,1.0066440105438232,2.110452131511543,0.0685914396033771,-2.041860691908166,-2.028384086649543,lower_limit,-0.007793782444352674,-0.20779378244435262,182
hand_friction_sweep_joint5_joint_2_2_20260811_153257.csv,63,5,joint_2_2,1,0.2,0.2,1.1233181953430176,-0.006457718232379,2.03749736877818,2.043955087010559,1.8195691082760526,upper_limit,-0.006453119685748096,0.19354688031425185,203
hand_friction_sweep_joint5_joint_2_2_20260811_153257.csv,64,5,joint_2_2,-1,0.2,-0.2,1.0122342109680176,2.1111502632123407,0.0685914396033771,-2.042558823608964,-2.01787175485368,lower_limit,-0.0077114765570267555,-0.2077114765570267,184
hand_friction_sweep_joint5_joint_2_2_20260811_153257.csv,65,5,joint_2_2,1,0.2,0.2,1.1231229305267334,-0.0202458193231342,2.035228440750588,2.0554742600737224,1.8301418341710158,upper_limit,-0.006256221750068433,0.19374377824993147,204
hand_friction_sweep_joint5_joint_2_2_20260811_153257.csv,66,5,joint_2_2,-1,0.2,-0.2,1.0030639171600342,2.108881335184748,0.0717330322569669,-2.0371483029277813,-2.0309257147795137,lower_limit,-0.007731112323359507,-0.20773111232335953,182
hand_friction_sweep_joint5_joint_2_2_20260811_153257.csv,67,5,joint_2_2,1,0.2,0.2,1.1243898868560789,-0.0020943951023931,2.038370033404177,2.0404644285065703,1.8147303282955873,upper_limit,-0.0062679318598501624,0.19373206814014982,204
hand_friction_sweep_joint5_joint_2_2_20260811_153257.csv,68,5,joint_2_2,-1,0.2,-0.2,0.9997727870941163,2.095093234093993,0.0731292956585624,-2.0219639384354307,-2.0224234591465104,lower_limit,-0.007706047578462566,-0.2077060475784626,182
hand_friction_sweep_joint5_joint_2_2_20260811_153257.csv,69,5,joint_2_2,1,0.2,0.2,1.1144909858703613,0.012915436464758,2.0313887163962,2.0184732799314418,1.8111167389614333,upper_limit,-0.006351841869232419,0.19364815813076752,202
hand_friction_sweep_joint5_joint_2_2_20260811_153257.csv,70,5,joint_2_2,-1,0.2,-0.2,1.0010807514190674,2.087762851235617,0.0705113017805709,-2.017251549455046,-2.015073755634119,lower_limit,-0.007674299742795126,-0.20767429974279514,182
hand_friction_sweep_joint5_joint_2_2_20260811_153257.csv,71,5,joint_2_2,1,0.2,0.2,1.1216917037963867,-0.0029670597283903,2.041860691908166,2.0448277516365563,1.8229855357900913,upper_limit,-0.006249633277399251,0.19375036672260074,204
hand_friction_sweep_joint5_joint_2_2_20260811_153257.csv,72,5,joint_2_2,-1,0.2,-0.2,0.9984471797943114,2.0931733719167998,0.0804596785169385,-2.0127136933998613,-2.0158439365961227,lower_limit,-0.007698151563022875,-0.20769815156302288,182
hand_friction_sweep_joint5_joint_2_2_20260811_153257.csv,73,5,joint_2_2,1,0.2,0.2,1.1132397651672363,0.0137881010907552,2.032261381022197,2.0184732799314418,1.8131523352727315,upper_limit,-0.006307519069249598,0.19369248093075037,202
hand_friction_sweep_joint5_joint_2_2_20260811_153257.csv,74,5,joint_2_2,-1,0.2,-0.2,0.9977385997772216,2.103121748653167,0.0794124809657419,-2.023709267687425,-2.0282960568422284,lower_limit,-0.007680624980520713,-0.2076806249805207,182
hand_friction_sweep_joint5_joint_2_2_20260811_153257.csv,75,5,joint_2_2,1,0.2,0.2,1.122847318649292,-0.006457718232379,2.042558823608964,2.049016541841343,1.824839858286493,upper_limit,-0.006335248927587309,0.19366475107241266,204
hand_friction_sweep_joint5_joint_2_2_20260811_153257.csv,76,5,joint_2_2,-1,0.2,-0.2,1.011448621749878,2.109230401035147,0.0624827872213969,-2.04674761381375,-2.023580407151805,lower_limit,-0.007708194107792316,-0.20770819410779232,184
hand_friction_sweep_joint5_joint_2_2_20260811_153257.csv,77,5,joint_2_2,1,0.2,0.2,1.1193749904632568,-0.0183259571459404,2.0313887163962,2.04971467354214,1.8311242354037758,upper_limit,-0.006141347272936762,0.1938586527270632,204
hand_friction_sweep_joint5_joint_2_2_20260811_153257.csv,78,5,joint_2_2,-1,0.2,-0.2,1.0000998973846436,2.0847957915072266,0.0692895713041748,-2.0155062202030516,-2.0153048965146305,lower_limit,-0.007607653786753343,-0.20760765378675333,182
hand_friction_sweep_joint5_joint_2_2_20260811_153257.csv,79,5,joint_2_2,1,0.2,0.2,1.119452953338623,-0.0026179938779914,2.031039650545801,2.0336576444237924,1.8166530700184162,upper_limit,-0.006091741204707495,0.19390825879529247,204
hand_friction_sweep_joint5_joint_2_2_20260811_153257.csv,80,5,joint_2_2,-1,0.2,-0.2,0.9999508857727051,2.096314964570389,0.0747000919853572,-2.021614872585032,-2.0217141675141805,lower_limit,-0.007692134017882,-0.207692134017882,182
hand_friction_sweep_joint5_joint_2_2_20260811_153257.csv,81,5,joint_2_2,1,0.25,0.25,0.8670864105224609,-0.0122173047639603,2.026850860341015,2.0390681651049753,2.351632017708984,upper_limit,-0.005823619193360567,0.24417638080663936,158
hand_friction_sweep_joint5_joint_2_2_20260811_153257.csv,82,5,joint_2_2,-1,0.25,-0.25,0.8010509014129639,2.126160094779492,0.0842994028713261,-2.0418606919081657,-2.5489774598674724,lower_limit,-0.008246685810574125,-0.2582466858105741,146
hand_friction_sweep_joint5_joint_2_2_20260811_153257.csv,83,5,joint_2_2,1,0.25,0.25,0.8794500827789307,-0.020594885173533,2.041337093132568,2.061931978306101,2.3445696562910134,upper_limit,-0.005842396024403713,0.24415760397559624,160
hand_friction_sweep_joint5_joint_2_2_20260811_153257.csv,84,5,joint_2_2,-1,0.25,-0.25,0.8104438781738281,2.1457077824018285,0.068940505453776,-2.0767672769480523,-2.5625059709595543,lower_limit,-0.008104118754946692,-0.2581041187549467,148
hand_friction_sweep_joint5_joint_2_2_20260811_153257.csv,85,5,joint_2_2,1,0.25,0.25,0.8775274753570557,-0.0198967534727353,2.0361011053765847,2.05599785884932,2.342944143159459,upper_limit,-0.005826741501541056,0.24417325849845892,160
hand_friction_sweep_joint5_joint_2_2_20260811_153257.csv,86,5,joint_2_2,-1,0.25,-0.25,0.8131766319274902,2.139948195870247,0.0740019602845595,-2.0659462355856877,-2.5405873145773143,lower_limit,-0.008192774579019936,-0.25819277457901996,148
hand_friction_sweep_joint5_joint_2_2_20260811_153257.csv,87,5,joint_2_2,1,0.25,0.25,0.8676114082336426,-0.0324631240870945,2.026152728640217,2.058615852727311,2.3727394928086722,upper_limit,-0.005616773560042311,0.24438322643995763,158
hand_friction_sweep_joint5_joint_2_2_20260811_153257.csv,88,5,joint_2_2,-1,0.25,-0.25,0.8011116981506348,2.1238911667519,0.0750491578357561,-2.048842008916144,-2.557498553130472,lower_limit,-0.008139209048800262,-0.2581392090488003,146
hand_friction_sweep_joint5_joint_2_2_20260811_153257.csv,89,5,joint_2_2,1,0.25,0.25,0.8658461570739746,-0.0289724655831058,2.026152728640217,2.0551251942233226,2.3735454357947106,upper_limit,-0.005626836079170077,0.2443731639208299,158
hand_friction_sweep_joint5_joint_2_2_20260811_153257.csv,90,5,joint_2_2,-1,0.25,-0.25,0.7997570037841797,2.1130701253895348,0.0855211333477221,-2.0275489920418126,-2.535206296972876,lower_limit,-0.00818229151593028,-0.2581822915159303,146
hand_friction_sweep_joint5_joint_2_2_20260811_153257.csv,91,5,joint_2_2,1,0.25,0.25,0.866279125213623,-0.0132645023151569,2.026850860341015,2.040115362656172,2.3550323484397513,upper_limit,-0.005774037956951519,0.24422596204304844,158
hand_friction_sweep_joint5_joint_2_2_20260811_153257.csv,92,5,joint_2_2,-1,0.25,-0.25,0.8010995388031006,2.128079956956686,0.0855211333477221,-2.042558823608964,-2.5496941699163767,lower_limit,-0.008231329269256467,-0.25823132926925646,146
hand_friction_sweep_joint5_joint_2_2_20260811_153257.csv,93,5,joint_2_2,1,0.25,0.25,0.8665153980255127,-0.0087266462599716,2.026152728640217,2.0348793749001883,2.348347622600788,upper_limit,-0.005671391868992896,0.24432860813100704,158
hand_friction_sweep_joint5_joint_2_2_20260811_153257.csv,94,5,joint_2_2,-1,0.25,-0.25,0.7988438606262207,2.113942790015532,0.0769690200129499,-2.036973770002582,-2.549902265513789,lower_limit,-0.008039323553420586,-0.25803932355342063,146
hand_friction_sweep_joint5_joint_2_2_20260811_153257.csv,95,5,joint_2_2,1,0.25,0.25,0.8763570785522461,-0.0202458193231342,2.026152728640217,2.046398547963351,2.335119551203979,upper_limit,-0.00574194421540861,0.24425805578459134,160
hand_friction_sweep_joint5_joint_2_2_20260811_153257.csv,96,5,joint_2_2,-1,0.25,-0.25,0.8107452392578125,2.14850030920502,0.0651007810993884,-2.0833995281056317,-2.569733903109756,lower_limit,-0.008082113319272796,-0.2580821133192728,148
hand_friction_sweep_joint5_joint_2_2_20260811_153257.csv,97,5,joint_2_2,1,0.25,0.25,0.8648459911346436,-0.0155334303427495,2.026152728640217,2.0416861589829662,2.360751139407324,upper_limit,-0.005631307020904738,0.2443686929790952,158
hand_friction_sweep_joint5_joint_2_2_20260811_153257.csv,98,5,joint_2_2,-1,0.25,-0.25,0.8006405830383301,2.1020745511019703,0.0705113017805709,-2.0315632493213993,-2.5374222745640407,lower_limit,-0.008119249327067752,-0.2581192493270677,146
hand_friction_sweep_joint5_joint_2_2_20260811_153257.csv,99,5,joint_2_2,1,0.25,0.25,0.8674235343933105,-0.0279252680319092,2.035228440750588,2.0631537087824974,2.3784848196740467,upper_limit,-0.00577682986360652,0.24422317013639344,158
hand_friction_sweep_joint5_joint_2_2_20260811_153257.csv,100,5,joint_2_2,-1,0.25,-0.25,0.8005831241607666,2.121273172873908,0.085870199198121,-2.035402973675787,-2.5424005481122958,lower_limit,-0.008218474579897805,-0.2582184745798978,146
hand_friction_sweep_joint5_joint_2_2_20260811_153257.csv,101,5,joint_2_2,1,0.3,0.3,0.7223894596099854,-0.0167551608191455,2.044478685786157,2.0612338466053024,2.853355373870146,upper_limit,-0.005446420051683917,0.2945535799483161,132
hand_friction_sweep_joint5_joint_2_2_20260811_153257.csv,102,5,joint_2_2,-1,0.3,-0.3,0.689427375793457,2.17293491873294,0.0541052068118242,-2.1188297119211157,-3.0733182149643676,lower_limit,-0.008250852939116544,-0.3082508529391166,126
hand_friction_sweep_joint5_joint_2_2_20260811_153257.csv,103,5,joint_2_2,1,0.3,0.3,0.7204139232635498,-0.0148352986419518,2.048667475990944,2.0635027746328958,2.8643293917544157,upper_limit,-0.005456775500642629,0.2945432244993574,132
hand_friction_sweep_joint5_joint_2_2_20260811_153257.csv,104,5,joint_2_2,-1,0.3,-0.3,0.6854157447814941,2.1610666798193785,0.0574213323906134,-2.103645347428765,-3.069152355260518,lower_limit,-0.008274580458243924,-0.3082745804582439,125
hand_friction_sweep_joint5_joint_2_2_20260811_153257.csv,105,5,joint_2_2,1,0.3,0.3,0.7137176990509033,-0.0212930168743308,2.026501794490616,2.047794811364947,2.86919438047857,upper_limit,-0.005242332720002182,0.29475766727999775,130
hand_friction_sweep_joint5_joint_2_2_20260811_153257.csv,106,5,joint_2_2,-1,0.3,-0.3,0.6789937019348145,2.1549580274373983,0.077841684638947,-2.077116342798451,-3.0591098811073523,lower_limit,-0.008441443909310512,-0.30844144390931044,124
hand_friction_sweep_joint5_joint_2_2_20260811_153257.csv,107,5,joint_2_2,1,0.3,0.3,0.7226862907409668,-0.0113446401379631,2.04378055408536,2.055125194223323,2.843730703838609,upper_limit,-0.005525028276327331,0.2944749717236726,132
hand_friction_sweep_joint5_joint_2_2_20260811_153257.csv,108,5,joint_2_2,-1,0.3,-0.3,0.6796779632568359,2.1626374761461737,0.0827286065445312,-2.0799088696016423,-3.060138745171717,lower_limit,-0.008593299705698885,-0.30859329970569876,124
hand_friction_sweep_joint5_joint_2_2_20260811_153257.csv,109,5,joint_2_2,1,0.3,0.3,0.7138702869415283,-0.0209439510239319,2.0294688542190062,2.0504128052429382,2.8722484220874756,upper_limit,-0.0053321688282962935,0.29466783117170364,130
hand_friction_sweep_joint5_joint_2_2_20260811_153257.csv,110,5,joint_2_2,-1,0.3,-0.3,0.6788759231567383,2.161764811520176,0.0717330322569669,-2.0900317792632093,-3.078665346599226,lower_limit,-0.008393611132376017,-0.30839361113237607,124
hand_friction_sweep_joint5_joint_2_2_20260811_153257.csv,111,5,joint_2_2,1,0.3,0.3,0.7123267650604248,-0.0212930168743308,2.0348793749001888,2.0561723917745196,2.8865578167627883,upper_limit,-0.005363276963876862,0.29463672303612304,130
hand_friction_sweep_joint5_joint_2_2_20260811_153257.csv,112,5,joint_2_2,-1,0.3,-0.3,0.6769862174987793,2.14221712389784,0.0692895713041748,-2.072927552593665,-3.06199372898962,lower_limit,-0.008373490048276436,-0.3083734900482764,124
hand_friction_sweep_joint5_joint_2_2_20260811_153257.csv,113,5,joint_2_2,1,0.3,0.3,0.7240831851959229,-0.0160570291183478,2.057568655176115,2.0736256842944627,2.8637948328179723,upper_limit,-0.005539231118212123,0.29446076888178785,132
hand_friction_sweep_joint5_joint_2_2_20260811_153257.csv,114,5,joint_2_2,-1,0.3,-0.3,0.6904644966125488,2.172585852882541,0.0560250689890179,-2.1165607838935228,-3.0654158096143527,lower_limit,-0.008328748801437223,-0.3083287488014372,126
hand_friction_sweep_joint5_joint_2_2_20260811_153257.csv,115,5,joint_2_2,1,0.3,0.3,0.7106702327728271,-0.0155334303427495,2.0361011053765847,2.051634535719334,2.8869009015819573,upper_limit,-0.005344402029977799,0.29465559797002217,130
hand_friction_sweep_joint5_joint_2_2_20260811_153257.csv,116,5,joint_2_2,-1,0.3,-0.3,0.6790347099304199,2.152689099409806,0.0551524043630208,-2.097536695046785,-3.0889977557431747,lower_limit,-0.008305145841504472,-0.3083051458415045,124
hand_friction_sweep_joint5_joint_2_2_20260811_153257.csv,117,5,joint_2_2,1,0.3,0.3,0.7141749858856201,-0.0209439510239319,2.043256955309761,2.064200906333693,2.890329327026148,upper_limit,-0.005311618082748265,0.2946883819172517,130
hand_friction_sweep_joint5_joint_2_2_20260811_153257.csv,118,5,joint_2_2,-1,0.3,-0.3,0.6792843341827393,2.166128134650162,0.0823795406941323,-2.08374859395603,-3.0675646251477744,lower_limit,-0.00850625067664222,-0.3085062506766422,124
hand_friction_sweep_joint5_joint_2_2_20260811_153257.csv,119,5,joint_2_2,1,0.3,0.3,0.7228174209594727,-0.0270526034059121,2.05285626619573,2.0799088696016423,2.877502408340902,upper_limit,-0.0054564572572696765,0.29454354274273037,132
hand_friction_sweep_joint5_joint_2_2_20260811_153257.csv,120,5,joint_2_2,-1,0.3,-0.3,0.6793355941772461,2.168746128528153,0.0747000919853572,-2.094046036542796,-3.0824912671901545,lower_limit,-0.00860124086222273,-0.30860124086222274,124
hand_friction_sweep_joint6_joint_2_3_20260811_153827.csv,1,6,joint_2_3,1,0.05,0.05,5.6153929233551025,-1.578650308428871,-0.4249876728606192,1.1536626355682518,0.2054464667592589,q_not_changing,0.00856537791788166,0.05856537791788167,1018
hand_friction_sweep_joint6_joint_2_3_20260811_153827.csv,2,6,joint_2_3,-1,0.05,-0.05,1.4047045707702637,1.5905185473424324,1.569400063393301,-0.021118483949131406,-0.015034110651146508,q_not_changing,-0.010390080748416797,-0.06039008074841681,255
hand_friction_sweep_joint6_joint_2_3_20260811_153827.csv,3,6,joint_2_3,1,0.05,0.05,6.219781875610352,-1.571843524346093,-0.3150319299849765,1.2568115943611167,0.20206682798466866,q_not_changing,0.007900611094379674,0.057900611094379675,1128
hand_friction_sweep_joint6_joint_2_3_20260811_153827.csv,4,6,joint_2_3,-1,0.05,-0.05,1.401900053024292,1.5924384095196262,1.5728907218972896,-0.019547687622336607,-0.013943709881575906,q_not_changing,-0.01039800046627001,-0.06039800046627002,255
hand_friction_sweep_joint6_joint_2_3_20260811_153827.csv,5,6,joint_2_3,1,0.05,0.05,6.214710235595703,-1.5737633865232867,-0.3141592653589793,1.2596041211643074,0.20268107014060482,q_not_changing,0.00782562098967454,0.05782562098967454,1127
hand_friction_sweep_joint6_joint_2_3_20260811_153827.csv,6,6,joint_2_3,-1,0.05,-0.05,1.4044177532196045,1.5831881644840562,1.5725416560468908,-0.010646508437165414,-0.007580727609543862,q_not_changing,-0.010400553360872925,-0.06040055336087294,256
hand_friction_sweep_joint6_joint_2_3_20260811_153827.csv,7,6,joint_2_3,1,0.05,0.05,6.219130754470825,-1.5699236621688992,-0.3138101995085804,1.2561134626603188,0.20197572816061482,q_not_changing,0.007827264569172095,0.057827264569172095,1129
hand_friction_sweep_joint6_joint_2_3_20260811_153827.csv,8,6,joint_2_3,-1,0.05,-0.05,0.8017845153808594,1.595929068023615,1.595929068023615,0.0,0.0,q_not_changing,-0.010442533499967007,-0.06044253349996701,146
hand_friction_sweep_joint6_joint_2_3_20260811_153827.csv,9,6,joint_2_3,1,0.05,0.05,6.219510793685913,-1.571843524346093,-0.3134611336581815,1.2583823906879115,0.2023281946813935,q_not_changing,0.007810687613884599,0.0578106876138846,1128
hand_friction_sweep_joint6_joint_2_3_20260811_153827.csv,10,6,joint_2_3,-1,0.05,-0.05,1.4030654430389404,1.5859806912872472,1.5802211047556658,-0.005759586531581373,-0.0041050020582835516,q_not_changing,-0.010414992072027854,-0.060414992072027864,255
hand_friction_sweep_joint6_joint_2_3_20260811_153827.csv,11,6,joint_2_3,1,0.05,0.05,6.217514991760254,-1.577079512102076,-0.3138101995085804,1.2632693125934955,0.20317913415048294,q_not_changing,0.007814194273058638,0.05781419427305865,1128
hand_friction_sweep_joint6_joint_2_3_20260811_153827.csv,12,6,joint_2_3,-1,0.05,-0.05,1.4046437740325928,1.603259450881991,1.5831881644840562,-0.020071286397934873,-0.014289236010573844,q_not_changing,-0.010422484846774034,-0.06042248484677404,256
hand_friction_sweep_joint6_joint_2_3_20260811_153827.csv,13,6,joint_2_3,1,0.05,0.05,6.215467929840088,-1.5744615182240844,-0.3138101995085804,1.260651318715504,0.20282484487824204,q_not_changing,0.007849558019267051,0.05784955801926706,1127
hand_friction_sweep_joint6_joint_2_3_20260811_153827.csv,14,6,joint_2_3,-1,0.05,-0.05,2.003693103790283,1.603259450881991,1.5840608291100533,-0.019198621771937763,-0.009581617931219465,q_not_changing,-0.010432289483149474,-0.06043228948314948,364
hand_friction_sweep_joint6_joint_2_3_20260811_153827.csv,15,6,joint_2_3,1,0.05,0.05,6.213433742523193,-1.5859806912872472,-0.3134611336581815,1.2725195576290655,0.2048013401865475,q_not_changing,0.007813930565976195,0.057813930565976196,1127
hand_friction_sweep_joint6_joint_2_3_20260811_153827.csv,16,6,joint_2_3,-1,0.05,-0.05,1.4054243564605713,1.6027358521063926,1.5924384095196262,-0.010297442586766348,-0.007326927656711091,q_not_changing,-0.010446655819283873,-0.06044665581928387,256
hand_friction_sweep_joint6_joint_2_3_20260811_153827.csv,17,6,joint_2_3,1,0.05,0.05,6.2296881675720215,-1.571843524346093,-0.3138101995085804,1.2580333248375126,0.2019416206714922,q_not_changing,0.007826497874324238,0.05782649787432424,1131
hand_friction_sweep_joint6_joint_2_3_20260811_153827.csv,18,6,joint_2_3,-1,0.05,-0.05,1.4048609733581543,1.587551487614042,1.5805701706060646,-0.006981317007977328,-0.004969400631358784,q_not_changing,-0.010416220664992216,-0.060416220664992214,256
hand_friction_sweep_joint6_joint_2_3_20260811_153827.csv,19,6,joint_2_3,1,0.05,0.05,5.618921756744385,-1.5648622073381158,-0.3141592653589793,1.2507029419791365,0.22258771275430544,q_not_changing,0.008119027034376912,0.058119027034376915,1019
hand_friction_sweep_joint6_joint_2_3_20260811_153827.csv,20,6,joint_2_3,-1,0.05,-0.05,1.407320499420166,1.5837117632596545,1.5744615182240844,-0.009250245035570037,-0.006572948407545584,q_not_changing,-0.010406078449969823,-0.060406078449969834,256
hand_friction_sweep_joint6_joint_2_3_20260811_153827.csv,21,6,joint_2_3,1,0.1,0.1,6.2187180519104,-1.5894713497912358,1.215447291088851,2.8049186408800866,0.45104451069596424,q_not_changing,-0.0018308925874982829,0.09816910741250166,1129
hand_friction_sweep_joint6_joint_2_3_20260811_153827.csv,22,6,joint_2_3,-1,0.1,-0.1,4.488941669464111,1.5894713497912358,-1.4882422531755646,-3.0777136029668,-0.685621206419957,lower_limit,0.0013872049919846849,-0.09861279500801527,815
hand_friction_sweep_joint6_joint_2_3_20260811_153827.csv,23,6,joint_2_3,1,0.1,0.1,6.21527099609375,-1.5055210127703085,1.2587314565383103,2.7642524693086186,0.44475172056792533,q_not_changing,-0.0022006668813907794,0.09779933311860918,1128
hand_friction_sweep_joint6_joint_2_3_20260811_153827.csv,24,6,joint_2_3,-1,0.1,-0.1,4.436366319656372,1.5802211047556658,-1.4889403848763625,-3.0691614896320285,-0.6918187697966648,lower_limit,0.0014155389302535329,-0.09858446106974643,805
hand_friction_sweep_joint6_joint_2_3_20260811_153827.csv,25,6,joint_2_3,1,0.1,0.1,6.213621377944946,-1.52349790406585,1.2798499404874415,2.803347844553292,0.45116167755307507,q_not_changing,-0.0022705406062040814,0.09772945939379586,1127
hand_friction_sweep_joint6_joint_2_3_20260811_153827.csv,26,6,joint_2_3,-1,0.1,-0.1,4.480679988861084,1.586329757137646,-1.4885913190259634,-3.0749210761636094,-0.6862621485595548,lower_limit,0.0013059256446777774,-0.09869407435532218,813
hand_friction_sweep_joint6_joint_2_3_20260811_153827.csv,27,6,joint_2_3,1,0.1,0.1,6.216250658035278,-1.5269885625698387,1.2971287000821856,2.8241172626520243,0.45431199898631835,q_not_changing,-0.0022711461195771064,0.09772885388042284,1127
hand_friction_sweep_joint6_joint_2_3_20260811_153827.csv,28,6,joint_2_3,-1,0.1,-0.1,4.473769187927246,1.5997687923780024,-1.4901621153527584,-3.0899309077307606,-0.6906773188185787,lower_limit,0.0013255975905236536,-0.09867440240947631,811
hand_friction_sweep_joint6_joint_2_3_20260811_153827.csv,29,6,joint_2_3,1,0.1,0.1,6.217418432235718,-1.5196581797114626,1.3102186694721432,2.8298768491836057,0.455153031764988,q_not_changing,-0.0023260276360778332,0.09767397236392211,1127
hand_friction_sweep_joint6_joint_2_3_20260811_153827.csv,30,6,joint_2_3,-1,0.1,-0.1,4.4264976978302,1.5828390986336571,-1.4873695885495677,-3.070208687183225,-0.6935977146646192,lower_limit,0.001397056223985609,-0.09860294377601435,803
hand_friction_sweep_joint6_joint_2_3_20260811_153827.csv,31,6,joint_2_3,1,0.1,0.1,6.227245092391968,-1.5299556222982291,1.2974777659325845,2.827433388230814,0.4540424130222822,q_not_changing,-0.002318365589997906,0.09768163441000204,1128
hand_friction_sweep_joint6_joint_2_3_20260811_153827.csv,32,6,joint_2_3,-1,0.1,-0.1,4.45046854019165,1.600815989929199,-1.4838789300455788,-3.084694919974778,-0.6931168914277825,lower_limit,0.0013437210281169933,-0.09865627897188295,807
hand_friction_sweep_joint6_joint_2_3_20260811_153827.csv,33,6,joint_2_3,1,0.1,0.1,5.612609148025513,-1.515818455357075,1.3109168011729408,2.826735256530016,0.5036401399025705,q_not_changing,-0.0015640223313537712,0.09843597766864619,1018
hand_friction_sweep_joint6_joint_2_3_20260811_153827.csv,34,6,joint_2_3,-1,0.1,-0.1,4.451928615570068,1.5966271997244126,-1.484402528821177,-3.0810297285455897,-0.6920662918471042,lower_limit,0.0013112007600537467,-0.09868879923994621,807
hand_friction_sweep_joint6_joint_2_3_20260811_153827.csv,35,6,joint_2_3,1,0.1,0.1,6.215160608291626,-1.5135495273294823,1.318596249881716,2.832145777211198,0.4556834417815111,q_not_changing,-0.0023610919721649007,0.09763890802783504,1129
hand_friction_sweep_joint6_joint_2_3_20260811_153827.csv,36,6,joint_2_3,-1,0.1,-0.1,4.458093643188477,1.595929068023615,-1.4866714568487698,-3.082600524872385,-0.6914615913423648,lower_limit,0.0013016333481992574,-0.09869836665180069,809
hand_friction_sweep_joint6_joint_2_3_20260811_153827.csv,37,6,joint_2_3,1,0.1,0.1,6.219980239868164,-1.5046483481443114,1.318596249881716,2.8232445980260277,0.4538992873208658,q_not_changing,-0.0023624748894488295,0.09763752511055111,1127
hand_friction_sweep_joint6_joint_2_3_20260811_153827.csv,38,6,joint_2_3,-1,0.1,-0.1,4.455379247665405,1.6027358521063926,-1.4889403848763625,-3.091676236982755,-0.6939198809176068,lower_limit,0.0013368262929335706,-0.09866317370706637,809
hand_friction_sweep_joint6_joint_2_3_20260811_153827.csv,39,6,joint_2_3,1,0.1,0.1,6.215771675109863,-1.5116296651522887,1.319468914507713,2.8310985796600017,0.45547016969698495,q_not_changing,-0.0024006343965335296,0.09759936560346642,1128
hand_friction_sweep_joint6_joint_2_3_20260811_153827.csv,40,6,joint_2_3,-1,0.1,-0.1,4.431243658065796,1.5997687923780024,-1.490860247053556,-3.0906290394315583,-0.6974631227524497,lower_limit,0.0013872440220307398,-0.09861275597796922,805
hand_friction_sweep_joint6_joint_2_3_20260811_153827.csv,41,6,joint_2_3,1,0.15,0.15,2.611214399337768,-1.507266342022303,1.4873695885495677,2.994635930571871,1.1468364801187303,upper_limit,0.0003893894855368734,0.15038938948553682,474
hand_friction_sweep_joint6_joint_2_3_20260811_153827.csv,42,6,joint_2_3,-1,0.15,-0.15,2.388073205947876,1.515818455357075,-1.489289450726761,-3.005107906083836,-1.2583818195351537,lower_limit,0.001481800435192914,-0.14851819956480705,434
hand_friction_sweep_joint6_joint_2_3_20260811_153827.csv,43,6,joint_2_3,1,0.15,0.15,2.58052659034729,-1.5411257295109928,1.484751594671576,3.0258773241825687,1.172581338824857,upper_limit,0.0005679438866564395,0.15056794388665642,466
hand_friction_sweep_joint6_joint_2_3_20260811_153827.csv,44,6,joint_2_3,-1,0.15,-0.15,2.3766248226165767,1.5030775518175166,-1.4959217018843398,-2.9989992537018564,-1.2618732351705677,lower_limit,0.0015038290292111024,-0.14849617097078888,432
hand_friction_sweep_joint6_joint_2_3_20260811_153827.csv,45,6,joint_2_3,1,0.15,0.15,2.5890679359436035,-1.5414747953613916,1.4866714568487698,3.0281462522101616,1.1695893376032764,upper_limit,0.0005090784560873616,0.15050907845608735,470
hand_friction_sweep_joint6_joint_2_3_20260811_153827.csv,46,6,joint_2_3,-1,0.15,-0.15,2.369121074676514,1.4969688994355363,-1.484402528821177,-2.9813714282567134,-1.2584293222176488,lower_limit,0.0014626075932447056,-0.14853739240675526,430
hand_friction_sweep_joint6_joint_2_3_20260811_153827.csv,47,6,joint_2_3,1,0.15,0.15,2.5864057540893555,-1.525068700392645,1.489289450726761,3.0143581511194064,1.165462204201107,upper_limit,0.0004425105761536895,0.15044251057615365,470
hand_friction_sweep_joint6_joint_2_3_20260811_153827.csv,48,6,joint_2_3,-1,0.15,-0.15,2.3714585304260254,1.5111060663766904,-1.4854497263723738,-2.9965557927490645,-1.2635919010613026,lower_limit,0.0014595340917221838,-0.14854046590827774,430
hand_friction_sweep_joint6_joint_2_3_20260811_153827.csv,49,6,joint_2_3,1,0.15,0.15,2.5886723995208736,-1.5418238612117905,1.4851006605219748,3.0269245217337652,1.169296092581667,upper_limit,0.0004810087013696149,0.15048100870136957,470
hand_friction_sweep_joint6_joint_2_3_20260811_153827.csv,50,6,joint_2_3,-1,0.15,-0.15,2.3759288787841797,1.5119787310026875,-1.4924310433803512,-3.0044097743830385,-1.2645200793722695,lower_limit,0.001503388680605596,-0.14849661131939434,432
hand_friction_sweep_joint6_joint_2_3_20260811_153827.csv,51,6,joint_2_3,1,0.15,0.15,2.598227024078369,-1.533097214951819,1.485798792222773,3.018896007174592,1.1619061687827068,upper_limit,0.0004514767214728218,0.1504514767214728,472
hand_friction_sweep_joint6_joint_2_3_20260811_153827.csv,52,6,joint_2_3,-1,0.15,-0.15,2.3833794593811035,1.5196581797114626,-1.4915583787543538,-3.0112165584658164,-1.2634230552812369,lower_limit,0.0014330818544458122,-0.14856691814555417,432
hand_friction_sweep_joint6_joint_2_3_20260811_153827.csv,53,6,joint_2_3,1,0.15,0.15,2.5900781154632573,-1.5498523757709646,1.4880677202503652,3.0379200960213297,1.1729067466669716,upper_limit,0.00048090723509304446,0.150480907235093,470
hand_friction_sweep_joint6_joint_2_3_20260811_153827.csv,54,6,joint_2_3,-1,0.15,-0.15,2.3741941452026367,1.516167521207474,-1.4946999714079436,-3.0108674926154175,-1.2681639783752567,lower_limit,0.001489937751625455,-0.14851006224837449,432
hand_friction_sweep_joint6_joint_2_3_20260811_153827.csv,55,6,joint_2_3,1,0.15,0.15,2.5875844955444336,-1.5440927892393832,1.4873695885495677,3.0314623777889507,1.1715414058975973,upper_limit,0.00044888909670060407,0.15044888909670054,470
hand_friction_sweep_joint6_joint_2_3_20260811_153827.csv,56,6,joint_2_3,-1,0.15,-0.15,2.368799924850464,1.52349790406585,-1.490860247053556,-3.014358151119406,-1.272525433446936,lower_limit,0.0014787422233075115,-0.14852125777669245,430
hand_friction_sweep_joint6_joint_2_3_20260811_153827.csv,57,6,joint_2_3,1,0.15,0.15,2.59572172164917,-1.5357152088298105,1.489987582427559,3.0257027912573697,1.1656499100123163,upper_limit,0.00041351252283594126,0.1504135125228359,472
hand_friction_sweep_joint6_joint_2_3_20260811_153827.csv,58,6,joint_2_3,-1,0.15,-0.15,2.3668839931488037,1.5168656529082716,-1.4882422531755646,-3.005107906083836,-1.2696473146898788,lower_limit,0.0014314659839744827,-0.1485685340160255,430
hand_friction_sweep_joint6_joint_2_3_20260811_153827.csv,59,6,joint_2_3,1,0.15,0.15,2.580550193786621,-1.53274814910142,1.489289450726761,3.022037599828181,1.1710826656674074,upper_limit,0.00048179273138000727,0.15048179273137996,468
hand_friction_sweep_joint6_joint_2_3_20260811_153827.csv,60,6,joint_2_3,-1,0.15,-0.15,2.3628125190734863,1.5257668320934428,-1.4924310433803512,-3.0181978754737937,-1.2773750990016335,lower_limit,0.0014554226885243526,-0.1485445773114756,430
hand_friction_sweep_joint6_joint_2_3_20260811_153827.csv,61,6,joint_2_3,1,0.2,0.2,1.7494733333587646,-1.5437437233889844,1.497667031136334,3.0414107545253186,1.7384721999084145,upper_limit,0.001085530688533159,0.20108553068853313,318
hand_friction_sweep_joint6_joint_2_3_20260811_153827.csv,62,6,joint_2_3,-1,0.2,-0.2,1.6800329685211182,1.5479325135937707,-1.4866714568487698,-3.0346039704425403,-1.8062764405830736,lower_limit,0.0010894668425593848,-0.1989105331574406,306
hand_friction_sweep_joint6_joint_2_3_20260811_153827.csv,63,6,joint_2_3,1,0.2,0.2,1.7587809562683105,-1.5584044891057367,1.4950490372583425,3.053453526364079,1.7361192793687834,upper_limit,0.0011595938551833829,0.20115959385518334,320
hand_friction_sweep_joint6_joint_2_3_20260811_153827.csv,64,6,joint_2_3,-1,0.2,-0.2,1.6697456836700442,1.554913830601748,-1.4905111812031573,-3.0454250118049053,-1.8238855423247238,lower_limit,0.0011136527379532243,-0.19888634726204674,304
hand_friction_sweep_joint6_joint_2_3_20260811_153827.csv,65,6,joint_2_3,1,0.2,0.2,1.744821310043335,-1.562593279310523,1.490860247053556,3.0534535263640787,1.7500093039832498,upper_limit,0.0011624997043510816,0.20116249970435107,318
hand_friction_sweep_joint6_joint_2_3_20260811_153827.csv,66,6,joint_2_3,-1,0.2,-0.2,1.6711189746856687,1.5344934783534143,-1.4959217018843398,-3.030415180237754,-1.8134048060867503,lower_limit,0.001150954320188911,-0.19884904567981104,304
hand_friction_sweep_joint6_joint_2_3_20260811_153827.csv,67,6,joint_2_3,1,0.2,0.2,1.750058889389038,-1.5840608291100533,1.4905111812031573,3.0745720103132106,1.7568391720729881,upper_limit,0.0011725999786411428,0.20117259997864115,318
hand_friction_sweep_joint6_joint_2_3_20260811_153827.csv,68,6,joint_2_3,-1,0.2,-0.2,1.6643145084381104,1.5514231720977594,-1.4838789300455788,-3.035302102143338,-1.823755117650114,lower_limit,0.0011064164441179482,-0.19889358355588202,302
hand_friction_sweep_joint6_joint_2_3_20260811_153827.csv,69,6,joint_2_3,1,0.2,0.2,1.7515380382537842,-1.5610224829837285,1.4957471689591402,3.0567696519428686,1.7451917030533632,upper_limit,0.0011576051161182258,0.20115760511611822,318
hand_friction_sweep_joint6_joint_2_3_20260811_153827.csv,70,6,joint_2_3,-1,0.2,-0.2,1.6739635467529297,1.556833692778942,-1.490860247053556,-3.047693939832498,-1.8206453454403242,lower_limit,0.0010951497453130857,-0.19890485025468688,304
hand_friction_sweep_joint6_joint_2_3_20260811_153827.csv,71,6,joint_2_3,1,0.2,0.2,1.742084980010986,-1.5571827586293407,1.4946999714079436,3.0518827300372844,1.7518564048569194,upper_limit,0.0012145591458226344,0.2012145591458226,316
hand_friction_sweep_joint6_joint_2_3_20260811_153827.csv,72,6,joint_2_3,-1,0.2,-0.2,1.6642889976501463,1.5402530648849957,-1.484751594671576,-3.0250046595565716,-1.817595780436965,lower_limit,0.0011354538345714996,-0.19886454616542845,302
hand_friction_sweep_joint6_joint_2_3_20260811_153827.csv,73,6,joint_2_3,1,0.2,0.2,1.7489643096923828,-1.5529939684245542,1.485798792222773,3.0387927606473273,1.7374812875294217,upper_limit,0.0011483912885350413,0.201148391288535,318
hand_friction_sweep_joint6_joint_2_3_20260811_153827.csv,74,6,joint_2_3,-1,0.2,-0.2,1.6743464469909666,1.5383332027078018,-1.491209312903955,-3.029542515611757,-1.8093880875467956,lower_limit,0.0011420028106273834,-0.19885799718937258,304
hand_friction_sweep_joint6_joint_2_3_20260811_153827.csv,75,6,joint_2_3,1,0.2,0.2,1.74052095413208,-1.5767304462516771,1.4870205226991686,3.0637509689508455,1.76024940215592,upper_limit,0.0012635025686742196,0.2012635025686742,316
hand_friction_sweep_joint6_joint_2_3_20260811_153827.csv,76,6,joint_2_3,-1,0.2,-0.2,1.6699910163879392,1.5322245503258218,-1.49888876161273,-3.031113311938552,-1.8150476752231963,lower_limit,0.0012247623165603106,-0.19877523768343966,304
hand_friction_sweep_joint6_joint_2_3_20260811_153827.csv,77,6,joint_2_3,1,0.2,0.2,1.749568223953247,-1.5632914110113207,1.4896385165771602,3.052929927588481,1.744961920198925,upper_limit,0.001213974335821771,0.20121397433582175,318
hand_friction_sweep_joint6_joint_2_3_20260811_153827.csv,78,6,joint_2_3,-1,0.2,-0.2,1.662013053894043,1.5245451016170468,-1.4946999714079436,-3.0192450730249902,-1.8166193496200265,lower_limit,0.001126206767002699,-0.19887379323299725,302
hand_friction_sweep_joint6_joint_2_3_20260811_153827.csv,79,6,joint_2_3,1,0.2,0.2,1.7314040660858154,-1.5618951476097254,1.4866714568487698,3.048566604458495,1.7607482067143276,upper_limit,0.0012258408878804284,0.2012258408878804,314
hand_friction_sweep_joint6_joint_2_3_20260811_153827.csv,80,6,joint_2_3,-1,0.2,-0.2,1.6520395278930664,1.5353661429794117,-1.4924310433803512,-3.027797186359763,-1.8327631604682444,lower_limit,0.0011447840494924813,-0.1988552159505075,300
hand_friction_sweep_joint6_joint_2_3_20260811_153827.csv,81,6,joint_2_3,1,0.25,0.25,1.3270564079284668,-1.5763813804012785,1.4981906299119323,3.0745720103132106,2.3168359626194137,upper_limit,0.0014516502426256432,0.2514516502426256,242
hand_friction_sweep_joint6_joint_2_3_20260811_153827.csv,82,6,joint_2_3,-1,0.25,-0.25,1.298976182937622,1.5837117632596545,-1.494001839707146,-3.0777136029668,-2.3693379781656816,lower_limit,0.0008159977146111646,-0.2491840022853888,236
hand_friction_sweep_joint6_joint_2_3_20260811_153827.csv,83,6,joint_2_3,1,0.25,0.25,1.3289852142333984,-1.5872024217636431,1.49888876161273,3.0860911833763733,2.3221410970749816,upper_limit,0.0015198961431073619,0.2515198961431074,242
hand_friction_sweep_joint6_joint_2_3_20260811_153827.csv,84,6,joint_2_3,-1,0.25,-0.25,1.297945499420166,1.5716689914208937,-1.5023794201167189,-3.0740484115376123,-2.3683956012874874,lower_limit,0.0009104719316901311,-0.24908952806830983,236
hand_friction_sweep_joint6_joint_2_3_20260811_153827.csv,85,6,joint_2_3,1,0.25,0.25,1.329068660736084,-1.5833626974092556,1.4934782409315477,3.076840938340803,2.3150353546345324,upper_limit,0.0014857684083413706,0.25148576840834136,242
hand_friction_sweep_joint6_joint_2_3_20260811_153827.csv,86,6,joint_2_3,-1,0.25,-0.25,1.2847921848297121,1.5821409669328597,-1.489289450726761,-3.071430417659621,-2.3906048417213186,lower_limit,0.0008621273132526535,-0.2491378726867473,234
hand_friction_sweep_joint6_joint_2_3_20260811_153827.csv,87,6,joint_2_3,1,0.25,0.25,1.3303070068359377,-1.5821409669328597,1.4985396957623311,3.080680662695191,2.315766696608192,upper_limit,0.00146858183786009,0.2514685818378601,242
hand_friction_sweep_joint6_joint_2_3_20260811_153827.csv,88,6,joint_2_3,-1,0.25,-0.25,1.2885487079620361,1.592787475370025,-1.484402528821177,-3.077190004191202,-2.3881053041899163,lower_limit,0.0008002844292900931,-0.24919971557070986,234
hand_friction_sweep_joint6_joint_2_3_20260811_153827.csv,89,6,joint_2_3,1,0.25,0.25,1.3176915645599365,-1.5833626974092556,1.4877186543999663,3.071081351809222,2.33065266137213,upper_limit,0.001612727045917931,0.2516127270459179,240
hand_friction_sweep_joint6_joint_2_3_20260811_153827.csv,90,6,joint_2_3,-1,0.25,-0.25,1.2847518920898438,1.5556119623025455,-1.4973179652859352,-3.0529299275884805,-2.3762797676230134,lower_limit,0.0009456030583857416,-0.24905439694161424,234
hand_friction_sweep_joint6_joint_2_3_20260811_153827.csv,91,6,joint_2_3,1,0.25,0.25,1.317382097244263,-1.5824900327832585,1.4889403848763625,3.071430417659621,2.3314651262412975,upper_limit,0.0015753446266450768,0.25157534462664505,240
hand_friction_sweep_joint6_joint_2_3_20260811_153827.csv,92,6,joint_2_3,-1,0.25,-0.25,1.2768442630767822,1.5664330036649106,-1.4877186543999663,-3.054151658064877,-2.391953150735359,lower_limit,0.0008578899340759834,-0.249142110065924,232
hand_friction_sweep_joint6_joint_2_3_20260811_153827.csv,93,6,joint_2_3,1,0.25,0.25,1.3202078342437744,-1.569050997542902,1.4950490372583425,3.0641000348012444,2.3209224754800712,upper_limit,0.0015240913072907707,0.25152409130729075,240
hand_friction_sweep_joint6_joint_2_3_20260811_153827.csv,94,6,joint_2_3,-1,0.25,-0.25,1.2844419479370117,1.5802211047556658,-1.492081977529952,-3.072303082285618,-2.391936114528301,lower_limit,0.0008499699702560586,-0.24915003002974395,234
hand_friction_sweep_joint6_joint_2_3_20260811_153827.csv,95,6,joint_2_3,1,0.25,0.25,1.3177955150604248,-1.5741124523736856,1.4931291750811488,3.0672416274548344,2.3275550663216458,upper_limit,0.0015347945518679213,0.2515347945518679,240
hand_friction_sweep_joint6_joint_2_3_20260811_153827.csv,96,6,joint_2_3,-1,0.25,-0.25,1.2858967781066895,1.5789993742792698,-1.4981906299119323,-3.077190004191202,-2.393030340057272,lower_limit,0.0008768468556327066,-0.24912315314436728,234
hand_friction_sweep_joint6_joint_2_3_20260811_153827.csv,97,6,joint_2_3,1,0.25,0.25,1.3171637058258057,-1.5713199255704948,1.499586893313528,3.0709068188840227,2.331454173313024,upper_limit,0.001514877805620777,0.25151487780562076,240
hand_friction_sweep_joint6_joint_2_3_20260811_153827.csv,98,6,joint_2_3,-1,0.25,-0.25,1.2846343517303467,1.579872038905267,-1.4992378274631288,-3.0791098663683956,-2.396876482573402,lower_limit,0.000911254364416785,-0.24908874563558317,234
hand_friction_sweep_joint6_joint_2_3_20260811_153827.csv,99,6,joint_2_3,1,0.25,0.25,1.3177077770233152,-1.5866788229880449,1.489987582427559,3.0766664054156037,2.3348624475494506,upper_limit,0.0014818256171183323,0.25148182561711835,240
hand_friction_sweep_joint6_joint_2_3_20260811_153827.csv,100,6,joint_2_3,-1,0.25,-0.25,1.2847919464111328,1.587551487614042,-1.5042992822939123,-3.0918507699079543,-2.4064991834238687,lower_limit,0.0008979422159672053,-0.24910205778403274,234
hand_friction_sweep_joint6_joint_2_3_20260811_153827.csv,101,6,joint_2_3,1,0.3,0.3,1.0642786026000977,-1.5763813804012785,1.4866714568487698,3.0630528372500483,2.8780554544334755,upper_limit,0.001810741744030249,0.3018107417440302,194
hand_friction_sweep_joint6_joint_2_3_20260811_153827.csv,102,6,joint_2_3,-1,0.3,-0.3,1.0526490211486814,1.5936601399960222,-1.5049974139947102,-3.0986575539907326,-2.9436758993129417,lower_limit,0.0006743396792159689,-0.29932566032078395,192
hand_friction_sweep_joint6_joint_2_3_20260811_153827.csv,103,6,joint_2_3,1,0.3,0.3,1.0764579772949219,-1.5879005534644408,1.507266342022303,3.0951668954867437,2.8753253362149107,upper_limit,0.0016448720668223336,0.3016448720668223,196
hand_friction_sweep_joint6_joint_2_3_20260811_153827.csv,104,6,joint_2_3,-1,0.3,-0.3,1.0520529747009277,1.5978489302008083,-1.484751594671576,-3.082600524872384,-2.930081088120767,lower_limit,0.000532505326003763,-0.2994674946739962,192
hand_friction_sweep_joint6_joint_2_3_20260811_153827.csv,105,6,joint_2_3,1,0.3,0.3,1.0676498413085938,-1.584409894960452,1.507266342022303,3.091676236982755,2.895777358233256,upper_limit,0.001754828462865682,0.30175482846286567,194
hand_friction_sweep_joint6_joint_2_3_20260811_153827.csv,106,6,joint_2_3,-1,0.3,-0.3,1.0542197227478027,1.5920893436692272,-1.4981906299119323,-3.0902799735811595,-2.9313433498724595,lower_limit,0.0006442801365269506,-0.29935571986347304,192
hand_friction_sweep_joint6_joint_2_3_20260811_153827.csv,107,6,joint_2_3,1,0.3,0.3,1.065659046173096,-1.5732397877476885,1.5020303542663198,3.0752701420140083,2.885791804665532,upper_limit,0.001764493468719005,0.301764493468719,194
hand_friction_sweep_joint6_joint_2_3_20260811_153827.csv,108,6,joint_2_3,-1,0.3,-0.3,1.0544381141662598,1.6090190374135722,-1.4896385165771602,-3.0986575539907326,-2.9386812866119025,lower_limit,0.000639847192549872,-0.2993601528074501,192
hand_friction_sweep_joint6_joint_2_3_20260811_153827.csv,109,6,joint_2_3,1,0.3,0.3,1.0655715465545654,-1.572192590196492,1.484751594671576,3.056944184868068,2.868830530199906,upper_limit,0.0017813805590753383,0.30178138055907533,194
hand_friction_sweep_joint6_joint_2_3_20260811_153827.csv,110,6,joint_2_3,-1,0.3,-0.3,1.054391622543335,1.5997687923780024,-1.5104079346758927,-3.1101767270538954,-2.949735810259692,lower_limit,0.0006536622084541347,-0.2993463377915458,192
hand_friction_sweep_joint6_joint_2_3_20260811_153827.csv,111,6,joint_2_3,1,0.3,0.3,1.0647680759429932,-1.5725416560468908,1.5084880724986989,3.0810297285455897,2.893615800621116,upper_limit,0.0017448653261143135,0.30174486532611433,194
hand_friction_sweep_joint6_joint_2_3_20260811_153827.csv,112,6,joint_2_3,-1,0.3,-0.3,1.0552809238433838,1.5978489302008083,-1.4946999714079436,-3.092548901608752,-2.930545631721969,lower_limit,0.0006342933672302264,-0.29936570663276973,192
hand_friction_sweep_joint6_joint_2_3_20260811_153827.csv,113,6,joint_2_3,1,0.3,0.3,1.0652990341186523,-1.5683528658421044,1.506568210321505,3.0749210761636094,2.8864393730606976,upper_limit,0.001705338662858083,0.3017053386628581,194
hand_friction_sweep_joint6_joint_2_3_20260811_153827.csv,114,6,joint_2_3,-1,0.3,-0.3,1.054088830947876,1.6070991752363786,-1.5084880724986989,-3.1155872477350774,-2.955716023414673,lower_limit,0.000670893031686097,-0.2993291069683139,192
hand_friction_sweep_joint6_joint_2_3_20260811_153827.csv,115,6,joint_2_3,1,0.3,0.3,1.0648772716522217,-1.5671311353657082,1.506568210321505,3.0736993456872135,2.886435298706472,upper_limit,0.001694493413978787,0.30169449341397875,194
hand_friction_sweep_joint6_joint_2_3_20260811_153827.csv,116,6,joint_2_3,-1,0.3,-0.3,1.0543098449707031,1.603259450881991,-1.5219271077390553,-3.1251865586210466,-2.9642012483606166,lower_limit,0.0006480412040630069,-0.29935195879593696,192
hand_friction_sweep_joint6_joint_2_3_20260811_153827.csv,117,6,joint_2_3,1,0.3,0.3,1.0542004108428955,-1.5732397877476885,1.490860247053556,3.0641000348012444,2.9065631195792414,upper_limit,0.0018366777891256451,0.30183667778912565,192
hand_friction_sweep_joint6_joint_2_3_20260811_153827.csv,118,6,joint_2_3,-1,0.3,-0.3,1.0416216850280762,1.584409894960452,-1.489289450726761,-3.073699345687213,-2.950878797808788,lower_limit,0.0006056548239188419,-0.2993943451760811,190
hand_friction_sweep_joint6_joint_2_3_20260811_153827.csv,119,6,joint_2_3,1,0.3,0.3,1.0652408599853516,-1.5713199255704948,1.500459557939525,3.07177948351002,2.8836478198482367,upper_limit,0.001715770974306717,0.3017157709743067,194
hand_friction_sweep_joint6_joint_2_3_20260811_153827.csv,120,6,joint_2_3,-1,0.3,-0.3,1.0541307926177976,1.6004669240788,-1.5081390066483,-3.1086059307271,-2.94897554695967,lower_limit,0.0006314462309215726,-0.2993685537690784,192
hand_friction_sweep_joint7_joint_2_4_20260811_154532.csv,1,7,joint_2_4,1,0.05,0.05,8.000945091247559,-1.5610224829837285,0.6670648401122327,2.228087323095961,0.2784780169949327,timeout,0.000622123878154001,0.05062212387815397,1451
hand_friction_sweep_joint7_joint_2_4_20260811_154532.csv,2,7,joint_2_4,-1,0.05,-0.05,8.001784324645996,1.6369443054454815,-0.9056513488598577,-2.542595654305339,-0.3177535848440685,timeout,-0.00021909464368353686,-0.050219094643683494,1453
hand_friction_sweep_joint7_joint_2_4_20260811_154532.csv,3,7,joint_2_4,1,0.05,0.05,8.003168821334839,-1.5648622073381158,0.7176793884200683,2.2825415957581843,0.28520472911597056,timeout,0.0005768338957117791,0.050576833895711756,1453
hand_friction_sweep_joint7_joint_2_4_20260811_154532.csv,4,7,joint_2_4,-1,0.05,-0.05,8.000993728637695,1.6434020236778606,-0.926769832808989,-2.5701718564868496,-0.32123157993331725,timeout,-0.00022104535992771408,-0.05022104535992768,1450
hand_friction_sweep_joint7_joint_2_4_20260811_154532.csv,5,7,joint_2_4,1,0.05,0.05,8.00310754776001,-1.554913830601748,0.7372270760424047,2.2921409066441525,0.2864063606499578,timeout,0.0005600572819562828,0.05056005728195626,1450
hand_friction_sweep_joint7_joint_2_4_20260811_154532.csv,6,7,joint_2_4,-1,0.05,-0.05,8.000495433807373,1.6273449945595126,-0.9354964790689604,-2.562841473628473,-0.32033534608354086,timeout,-0.00021032759296415456,-0.05021032759296412,1452
hand_friction_sweep_joint7_joint_2_4_20260811_154532.csv,7,7,joint_2_4,1,0.05,0.05,8.003978967666626,-1.5488051782197678,0.7410668003967923,2.28987197861656,0.28609170362226966,timeout,0.0005548595802131815,0.05055485958021314,1450
hand_friction_sweep_joint7_joint_2_4_20260811_154532.csv,8,7,joint_2_4,-1,0.05,-0.05,8.001463413238525,1.6257741982327178,-0.9416051314509408,-2.567379329683659,-0.32086372168319816,timeout,-0.00019545129876805202,-0.05019545129876801,1449
hand_friction_sweep_joint7_joint_2_4_20260811_154532.csv,9,7,joint_2_4,1,0.05,0.05,8.005327939987183,-1.5610224829837285,0.7548549014875474,2.3158773844712757,0.2892920067525658,timeout,0.0005421104466598325,0.0505421104466598,1446
hand_friction_sweep_joint7_joint_2_4_20260811_154532.csv,10,7,joint_2_4,-1,0.05,-0.05,8.00184178352356,1.6334536469414929,-0.9431759277777356,-2.5766295747192283,-0.32200456400234223,timeout,-0.00019581066505706574,-0.05019581066505703,1450
hand_friction_sweep_joint7_joint_2_4_20260811_154532.csv,11,7,joint_2_4,1,0.05,0.05,8.00072193145752,-1.5728907218972896,0.752236907609556,2.3251276295068455,0.29061472819906753,timeout,0.0005425544325550196,0.05054255443255498,1450
hand_friction_sweep_joint7_joint_2_4_20260811_154532.csv,12,7,joint_2_4,-1,0.05,-0.05,8.003974914550781,1.6304865872131025,-0.9217083779782054,-2.552194965191308,-0.31886593754205295,timeout,-0.00021889750382974617,-0.0502188975038297,1453
hand_friction_sweep_joint7_joint_2_4_20260811_154532.csv,13,7,joint_2_4,1,0.05,0.05,7.999887943267822,-1.5671311353657082,0.3932226804743224,1.9603538158400307,0.24504765938499615,timeout,0.0006309559542756005,0.050630955954275574,1449
hand_friction_sweep_joint7_joint_2_4_20260811_154532.csv,14,7,joint_2_4,-1,0.05,-0.05,8.002953052520752,1.6446237541542563,-0.8477064176936457,-2.492330171847902,-0.3114263141982163,timeout,-0.0003727796289938934,-0.050372779628993856,1450
hand_friction_sweep_joint7_joint_2_4_20260811_154532.csv,15,7,joint_2_4,1,0.05,0.05,7.999868631362915,-1.5533430342749532,0.4249876728606192,1.9783307071355725,0.24729539924939115,timeout,0.0006072076629744801,0.05060720766297444,1450
hand_friction_sweep_joint7_joint_2_4_20260811_154532.csv,16,7,joint_2_4,-1,0.05,-0.05,8.001988172531128,1.6324064493902963,-0.8922123136195012,-2.5246187630097974,-0.3154989370861853,timeout,-0.0003038161897678169,-0.05030381618976778,1450
hand_friction_sweep_joint7_joint_2_4_20260811_154532.csv,17,7,joint_2_4,1,0.05,0.05,8.003843307495117,-1.5564846269285428,0.6991788983489283,2.255663525277471,0.281822549320172,timeout,0.0005552057944515757,0.050555205794451545,1450
hand_friction_sweep_joint7_joint_2_4_20260811_154532.csv,18,7,joint_2_4,-1,0.05,-0.05,8.004026889801025,1.6311847189139002,-0.8998917623282763,-2.5310764812421764,-0.3162253845582842,timeout,-0.00030539831529601376,-0.05030539831529598,1452
hand_friction_sweep_joint7_joint_2_4_20260811_154532.csv,19,7,joint_2_4,1,0.05,0.05,8.00419020652771,-1.5655603390389137,0.7234389749516495,2.2889993139905633,0.28597512739312475,timeout,0.0005374113580100945,0.05053741135801006,1452
hand_friction_sweep_joint7_joint_2_4_20260811_154532.csv,20,7,joint_2_4,-1,0.05,-0.05,8.003450393676758,1.657713723544214,-0.8948303074974927,-2.5525440310417067,-0.3189304494294587,timeout,-0.0003262895549108575,-0.05032628955491082,1452
hand_friction_sweep_joint7_joint_2_4_20260811_154532.csv,21,7,joint_2_4,1,0.1,0.1,3.6644074916839604,-1.5575318244797396,1.4861478580731715,3.043679682552911,0.830606227462493,upper_limit,5.3672959434457544e-05,0.10005367295943443,665
hand_friction_sweep_joint7_joint_2_4_20260811_154532.csv,22,7,joint_2_4,-1,0.1,-0.1,3.539336204528809,1.5152948565814768,-1.4851006605219748,-3.0003955171034518,-0.8477283150620877,lower_limit,0.00014727269812446993,-0.0998527273018755,642
hand_friction_sweep_joint7_joint_2_4_20260811_154532.csv,23,7,joint_2_4,1,0.1,0.1,3.580787420272827,-1.515818455357075,1.4854497263723738,3.001268181729449,0.8381587146831454,upper_limit,2.396650791329045e-05,0.10002396650791323,650
hand_friction_sweep_joint7_joint_2_4_20260811_154532.csv,24,7,joint_2_4,-1,0.1,-0.1,3.5088748931884766,1.516167521207474,-1.4851006605219748,-3.001268181729449,-0.8553363323256672,lower_limit,0.00014251666461174902,-0.09985748333538821,638
hand_friction_sweep_joint7_joint_2_4_20260811_154532.csv,25,7,joint_2_4,1,0.1,0.1,3.5659217834472656,-1.5081390066483,1.4851006605219748,2.9932396671702746,0.839401380328829,upper_limit,1.5710569387016072e-05,0.10001571056938699,648
hand_friction_sweep_joint7_joint_2_4_20260811_154532.csv,26,7,joint_2_4,-1,0.1,-0.1,3.508840322494507,1.5034266176679154,-1.4889403848763625,-2.992367002544278,-0.8528079728680679,lower_limit,0.00014615679768428856,-0.09985384320231566,638
hand_friction_sweep_joint7_joint_2_4_20260811_154532.csv,27,7,joint_2_4,1,0.1,0.1,3.565776824951172,-1.5084880724986989,1.4877186543999663,2.996206726898665,0.8402675977736475,upper_limit,2.103788342409607e-05,0.10002103788342405,646
hand_friction_sweep_joint7_joint_2_4_20260811_154532.csv,28,7,joint_2_4,-1,0.1,-0.1,3.494745254516601,1.5037756835183145,-1.4838789300455788,-2.987654613563893,-0.8548991116598998,lower_limit,0.00013646614543881487,-0.09986353385456115,634
hand_friction_sweep_joint7_joint_2_4_20260811_154532.csv,29,7,joint_2_4,1,0.1,0.1,3.5581617355346684,-1.5062191444711062,1.489987582427559,2.996206726898665,0.8420659176271084,upper_limit,1.0091459867203827e-05,0.1000100914598672,646
hand_friction_sweep_joint7_joint_2_4_20260811_154532.csv,30,7,joint_2_4,-1,0.1,-0.1,3.492357969284058,1.514596724880679,-1.4838789300455788,-2.998475654926258,-0.8585819899616284,lower_limit,0.0001380043042117263,-0.09986199569578823,634
hand_friction_sweep_joint7_joint_2_4_20260811_154532.csv,31,7,joint_2_4,1,0.1,0.1,3.5548503398895264,-1.5046483481443114,1.485798792222773,2.9904471403670843,0.8412301094115872,upper_limit,1.4656143271018191e-05,0.10001465614327097,645
hand_friction_sweep_joint7_joint_2_4_20260811_154532.csv,32,7,joint_2_4,-1,0.1,-0.1,3.502643585205078,1.5114551322270893,-1.4901621153527584,-3.0016172475798477,-0.8569576591402189,lower_limit,0.00014351104899366473,-0.0998564889510063,636
hand_friction_sweep_joint7_joint_2_4_20260811_154532.csv,33,7,joint_2_4,1,0.1,0.1,3.567718744277954,-1.5055210127703085,1.4842279958959776,2.989749008666286,0.8380001964732678,upper_limit,2.3636799232730557e-05,0.10002363679923269,648
hand_friction_sweep_joint7_joint_2_4_20260811_154532.csv,34,7,joint_2_4,-1,0.1,-0.1,3.5104756355285645,1.513025928553884,-1.4924310433803512,-3.005456971934235,-0.8561395332065053,lower_limit,0.00014395062256353455,-0.09985604937743643,638
hand_friction_sweep_joint7_joint_2_4_20260811_154532.csv,35,7,joint_2_4,1,0.1,0.1,3.576513051986694,-1.5264649637942405,1.4889403848763625,3.015405348670603,0.8431131956852765,upper_limit,1.8583851467547716e-05,0.1000185838514675,650
hand_friction_sweep_joint7_joint_2_4_20260811_154532.csv,36,7,joint_2_4,-1,0.1,-0.1,3.5037050247192383,1.5184364492350666,-1.4866714568487698,-3.005107906083836,-0.8576943221196665,lower_limit,0.00014120858044983873,-0.09985879141955012,636
hand_friction_sweep_joint7_joint_2_4_20260811_154532.csv,37,7,joint_2_4,1,0.1,0.1,3.583003282546997,-1.522625239439853,1.4870205226991686,3.0096457621390216,0.839978510988022,upper_limit,2.4825552310516495e-05,0.10002482555231049,650
hand_friction_sweep_joint7_joint_2_4_20260811_154532.csv,38,7,joint_2_4,-1,0.1,-0.1,3.5139694213867188,1.5172147187586704,-1.49278010923075,-3.0099948279894204,-0.8565796872533926,lower_limit,0.00014175373857298356,-0.09985824626142698,638
hand_friction_sweep_joint7_joint_2_4_20260811_154532.csv,39,7,joint_2_4,1,0.1,0.1,3.581071615219116,-1.5196581797114626,1.49278010923075,3.0124382889422128,0.8412114061443838,upper_limit,1.6422592781713157e-05,0.10001642259278168,650
hand_friction_sweep_joint7_joint_2_4_20260811_154532.csv,40,7,joint_2_4,-1,0.1,-0.1,3.513544797897339,1.5123277968530864,-1.4873695885495677,-2.999697385402654,-0.8537524232501051,lower_limit,0.00013707866598884722,-0.0998629213340111,638
hand_friction_sweep_joint7_joint_2_4_20260811_154532.csv,41,7,joint_2_4,1,0.15,0.15,2.1681346893310547,-1.5023794201167189,1.4946999714079436,2.9970793915246627,1.3823308147195257,upper_limit,6.902411153355905e-05,0.15006902411153353,394
hand_friction_sweep_joint7_joint_2_4_20260811_154532.csv,42,7,joint_2_4,-1,0.15,-0.15,2.15867018699646,1.5406021307353943,-1.486322390998371,-3.0269245217337652,-1.4022172261272488,lower_limit,4.613006994376615e-05,-0.1499538699300562,392
hand_friction_sweep_joint7_joint_2_4_20260811_154532.csv,43,7,joint_2_4,1,0.15,0.15,2.1692802906036377,-1.525068700392645,1.4873695885495677,3.0124382889422128,1.3886809841912833,upper_limit,9.02493397930718e-05,0.150090249339793,394
hand_friction_sweep_joint7_joint_2_4_20260811_154532.csv,44,7,joint_2_4,-1,0.15,-0.15,2.145033597946167,1.546012651416577,-1.4854497263723738,-3.0314623777889507,-1.4132470375715904,lower_limit,4.801669985247897e-05,-0.14995198330014747,386
hand_friction_sweep_joint7_joint_2_4_20260811_154532.csv,45,7,joint_2_4,1,0.15,0.15,2.167294979095459,-1.5341444125030157,1.4866714568487698,3.0208158693517855,1.3938185150101494,upper_limit,9.019393789634708e-05,0.15009019393789633,392
hand_friction_sweep_joint7_joint_2_4_20260811_154532.csv,46,7,joint_2_4,-1,0.15,-0.15,2.1474902629852295,1.5334462808022178,-1.49278010923075,-3.026226390032968,-1.4091921356729256,lower_limit,4.613565732121992e-05,-0.14995386434267874,388
hand_friction_sweep_joint7_joint_2_4_20260811_154532.csv,47,7,joint_2_4,1,0.15,0.15,2.184760808944702,-1.546536250192175,1.4962707677347389,3.042807017926914,1.3927414870631403,upper_limit,9.825148932464719e-05,0.1500982514893246,388
hand_friction_sweep_joint7_joint_2_4_20260811_154532.csv,48,7,joint_2_4,-1,0.15,-0.15,2.1495532989501953,1.552644902574155,-1.4851006605219748,-3.03774556309613,-1.4131985304015082,lower_limit,4.4105160240931674e-05,-0.14995589483975902,388
hand_friction_sweep_joint7_joint_2_4_20260811_154532.csv,49,7,joint_2_4,1,0.15,0.15,2.1640889644622803,-1.5289084247470326,1.4842279958959776,3.0131364206430105,1.3923348208522917,upper_limit,9.609533761288618e-05,0.15009609533761284,392
hand_friction_sweep_joint7_joint_2_4_20260811_154532.csv,50,7,joint_2_4,-1,0.15,-0.15,2.1356022357940674,1.5322245503258218,-1.4838789300455788,-3.0161034803714006,-1.412296461307057,lower_limit,4.674378201819605e-05,-0.14995325621798175,388
hand_friction_sweep_joint7_joint_2_4_20260811_154532.csv,51,7,joint_2_4,1,0.15,0.15,2.167382001876831,-1.5372860051566053,1.4931291750811488,3.030415180237754,1.3981915405837941,upper_limit,7.769750769001405e-05,0.15007769750768996,392
hand_friction_sweep_joint7_joint_2_4_20260811_154532.csv,52,7,joint_2_4,-1,0.15,-0.15,2.1451032161712646,1.5510741062473603,-1.4882422531755646,-3.0393163594229247,-1.4168625250805955,lower_limit,4.300082562753772e-05,-0.1499569991743724,390
hand_friction_sweep_joint7_joint_2_4_20260811_154532.csv,53,7,joint_2_4,1,0.15,0.15,2.161954879760742,-1.543045591688187,1.485798792222773,3.02884438391096,1.4009748363694592,upper_limit,8.888432756972967e-05,0.1500888843275697,392
hand_friction_sweep_joint7_joint_2_4_20260811_154532.csv,54,7,joint_2_4,-1,0.15,-0.15,2.1401302814483643,1.530304688148628,-1.4877186543999663,-3.0180233425485943,-1.4102054294125044,lower_limit,5.170052110543961e-05,-0.14994829947889451,388
hand_friction_sweep_joint7_joint_2_4_20260811_154532.csv,55,7,joint_2_4,1,0.15,0.15,2.1728670597076416,-1.5449654538653803,1.490860247053556,3.035825700918936,1.3971520656801735,upper_limit,9.345531500704475e-05,0.150093455315007,394
hand_friction_sweep_joint7_joint_2_4_20260811_154532.csv,56,7,joint_2_4,-1,0.15,-0.15,2.147308349609375,1.5491542440701669,-1.4901621153527584,-3.0393163594229256,-1.415407507718125,lower_limit,5.142109915315883e-05,-0.1499485789008468,390
hand_friction_sweep_joint7_joint_2_4_20260811_154532.csv,57,7,joint_2_4,1,0.15,0.15,2.1793248653411865,-1.5273376284202376,1.4943509055575448,3.021688533977782,1.3865250573850165,upper_limit,9.339024998756587e-05,0.1500933902499875,396
hand_friction_sweep_joint7_joint_2_4_20260811_154532.csv,58,7,joint_2_4,-1,0.15,-0.15,2.145594596862793,1.5639895427121189,-1.489289450726761,-3.05327899343888,-1.423045620036175,lower_limit,4.730819796031712e-05,-0.14995269180203963,390
hand_friction_sweep_joint7_joint_2_4_20260811_154532.csv,59,7,joint_2_4,1,0.15,0.15,2.1681807041168213,-1.5283848259714343,1.4919074446047529,3.020292270576187,1.3930076330083667,upper_limit,8.753231935386077e-05,0.15008753231935384,394
hand_friction_sweep_joint7_joint_2_4_20260811_154532.csv,60,7,joint_2_4,-1,0.15,-0.15,2.145838022232055,1.547234381892973,-1.4877186543999663,-3.034953036292939,-1.4143439555312032,lower_limit,4.593971885510305e-05,-0.14995406028114486,390
hand_friction_sweep_joint7_joint_2_4_20260811_154532.csv,61,7,joint_2_4,1,0.2,0.2,1.5605685710906982,-1.537984136857403,1.4866714568487698,3.0246555937061728,1.9381753866747478,upper_limit,0.00012493760579749633,0.20012493760579747,284
hand_friction_sweep_joint7_joint_2_4_20260811_154532.csv,62,7,joint_2_4,-1,0.2,-0.2,1.5647871494293213,1.577952176728073,-1.500808623789924,-3.078760800517997,-1.9675268944027453,lower_limit,-4.68981975174068e-06,-0.20000468981975172,284
hand_friction_sweep_joint7_joint_2_4_20260811_154532.csv,63,7,joint_2_4,1,0.2,0.2,1.5735039710998535,-1.558055423255338,1.4838789300455788,3.041934353300917,1.9332231816197163,upper_limit,0.0001596952331153165,0.2001596952331153,286
hand_friction_sweep_joint7_joint_2_4_20260811_154532.csv,64,7,joint_2_4,-1,0.2,-0.2,1.5609154701232912,1.559800752507332,-1.501681288415921,-3.061482040923253,-1.9613374968225776,lower_limit,-2.2652301149266479e-07,-0.20000022652301147,284
hand_friction_sweep_joint7_joint_2_4_20260811_154532.csv,65,7,joint_2_4,1,0.2,0.2,1.5827181339263916,-1.5664330036649106,1.5081390066483,3.0745720103132106,1.9425897412863038,upper_limit,0.00013997954286827844,0.20013997954286827,288
hand_friction_sweep_joint7_joint_2_4_20260811_154532.csv,66,7,joint_2_4,-1,0.2,-0.2,1.573179006576538,1.589820415641635,-1.507266342022303,-3.097086757663938,-1.9686804519491017,lower_limit,-1.0692455440657978e-05,-0.20001069245544065,286
hand_friction_sweep_joint7_joint_2_4_20260811_154532.csv,67,7,joint_2_4,1,0.2,0.2,1.5782294273376465,-1.5575318244797396,1.4885913190259634,3.046123143505703,1.9300889279730908,upper_limit,0.0001361988916964804,0.20013619889169645,286
hand_friction_sweep_joint7_joint_2_4_20260811_154532.csv,68,7,joint_2_4,-1,0.2,-0.2,1.571618318557739,1.5828390986336571,-1.4992378274631288,-3.0820769260967857,-1.9610848828265006,lower_limit,-1.8883303872179398e-05,-0.20001888330387216,286
hand_friction_sweep_joint7_joint_2_4_20260811_154532.csv,69,7,joint_2_4,1,0.2,0.2,1.583000659942627,-1.5564846269285428,1.4931291750811488,3.0496138020096915,1.926476646017456,upper_limit,0.00014753952004264027,0.2001475395200426,288
hand_friction_sweep_joint7_joint_2_4_20260811_154532.csv,70,7,joint_2_4,-1,0.2,-0.2,1.5643250942230225,1.570970859720096,-1.4896385165771602,-3.060609376297256,-1.9565046853751433,lower_limit,-3.082168799316687e-05,-0.20003082168799313,284
hand_friction_sweep_joint7_joint_2_4_20260811_154532.csv,71,7,joint_2_4,1,0.2,0.2,1.5819296836853027,-1.5491542440701669,1.4981906299119323,3.047344873982099,1.9263466040304198,upper_limit,0.00014659591210576403,0.20014659591210573,288
hand_friction_sweep_joint7_joint_2_4_20260811_154532.csv,72,7,joint_2_4,-1,0.2,-0.2,1.5626366138458252,1.579872038905267,-1.484402528821177,-3.064274567726444,-1.9609642706277808,lower_limit,-2.5087194253777508e-05,-0.20002508719425374,284
hand_friction_sweep_joint7_joint_2_4_20260811_154532.csv,73,7,joint_2_4,1,0.2,0.2,1.5847883224487305,-1.561371548834127,1.5126768627034852,3.0740484115376123,1.9397217710361194,upper_limit,0.0001255543360322263,0.2001255543360322,288
hand_friction_sweep_joint7_joint_2_4_20260811_154532.csv,74,7,joint_2_4,-1,0.2,-0.2,1.5706355571746826,1.5917402778188283,-1.4924310433803512,-3.0841713211991797,-1.963645421823444,lower_limit,-2.9289588024264227e-05,-0.20002928958802427,286
hand_friction_sweep_joint7_joint_2_4_20260811_154532.csv,75,7,joint_2_4,1,0.2,0.2,1.5825800895690918,-1.5587535549561355,1.495398103108741,3.0541516580648764,1.9298559852958008,upper_limit,0.00014195505090505028,0.20014195505090504,288
hand_friction_sweep_joint7_joint_2_4_20260811_154532.csv,76,7,joint_2_4,-1,0.2,-0.2,1.5687656402587888,1.570621793869697,-1.494001839707146,-3.0646236335768426,-1.9535254692799697,lower_limit,-2.570136126421392e-05,-0.20002570136126419,286
hand_friction_sweep_joint7_joint_2_4_20260811_154532.csv,77,7,joint_2_4,1,0.2,0.2,1.5837762355804443,-1.5556119623025455,1.4981906299119323,3.0538025922144776,1.9281780617798432,upper_limit,0.0001473182080133376,0.20014731820801332,288
hand_friction_sweep_joint7_joint_2_4_20260811_154532.csv,78,7,joint_2_4,-1,0.2,-0.2,1.5690135955810547,1.5774285779524748,-1.4915583787543538,-3.0689869567068286,-1.955997682461309,lower_limit,-1.919514457844364e-05,-0.20001919514457842,286
hand_friction_sweep_joint7_joint_2_4_20260811_154532.csv,79,7,joint_2_4,1,0.2,0.2,1.5808334350585938,-1.5491542440701669,1.500808623789924,3.049962867860091,1.9293385376474177,upper_limit,0.0001463556944573224,0.2001463556944573,288
hand_friction_sweep_joint7_joint_2_4_20260811_154532.csv,80,7,joint_2_4,-1,0.2,-0.2,1.5606892108917239,1.5840608291100533,-1.484402528821177,-3.0684633579312304,-1.9660950665366723,lower_limit,-2.23818706695746e-05,-0.20002238187066956,284
hand_friction_sweep_joint7_joint_2_4_20260811_154532.csv,81,7,joint_2_4,1,0.25,0.25,1.23065185546875,-1.5542156989009503,1.485798792222773,3.0400144911237232,2.470247355183806,upper_limit,0.0001758695844006706,0.25017586958440063,224
hand_friction_sweep_joint7_joint_2_4_20260811_154532.csv,82,7,joint_2_4,-1,0.25,-0.25,1.2290024757385254,1.5812683023068623,-1.494001839707146,-3.0752701420140083,-2.502248939869738,lower_limit,-6.13162528670755e-05,-0.25006131625286704,224
hand_friction_sweep_joint7_joint_2_4_20260811_154532.csv,83,7,joint_2_4,1,0.25,0.25,1.2421321868896482,-1.5655603390389137,1.5062191444711062,3.07177948351002,2.4729892002894522,upper_limit,0.00016334901425224156,0.2501633490142522,226
hand_friction_sweep_joint7_joint_2_4_20260811_154532.csv,84,7,joint_2_4,-1,0.25,-0.25,1.2384629249572754,1.6231562043547263,-1.4931291750811488,-3.116285379435875,-2.5162524582989687,lower_limit,-7.037603334502777e-05,-0.25007037603334503,226
hand_friction_sweep_joint7_joint_2_4_20260811_154532.csv,85,7,joint_2_4,1,0.25,0.25,1.241607666015625,-1.562942345160922,1.506568210321505,3.069510555482427,2.4722065105579,upper_limit,0.0001770846834367297,0.2501770846834367,226
hand_friction_sweep_joint7_joint_2_4_20260811_154532.csv,86,7,joint_2_4,-1,0.25,-0.25,1.2407732009887695,1.6051793130591847,-1.499761426238727,-3.104940739297912,-2.5024240826797284,lower_limit,-7.119026246882811e-05,-0.25007119026246877,226
hand_friction_sweep_joint7_joint_2_4_20260811_154532.csv,87,7,joint_2_4,1,0.25,0.25,1.2406072616577148,-1.5587535549561355,1.5037756835183145,3.06252923847445,2.468572716866303,upper_limit,0.00016848407690210767,0.25016848407690206,226
hand_friction_sweep_joint7_joint_2_4_20260811_154532.csv,88,7,joint_2_4,-1,0.25,-0.25,1.2420835494995115,1.610938899590766,-1.5039502164435137,-3.1148891160342798,-2.5077935516410323,lower_limit,-6.594706854946375e-05,-0.25006594706854945,226
hand_friction_sweep_joint7_joint_2_4_20260811_154532.csv,89,7,joint_2_4,1,0.25,0.25,1.239776372909546,-1.5618951476097254,1.5076154078727018,3.0695105554824273,2.4758582455308487,upper_limit,0.00016324362620287347,0.25016324362620285,226
hand_friction_sweep_joint7_joint_2_4_20260811_154532.csv,90,7,joint_2_4,-1,0.25,-0.25,1.243342638015747,1.5978489302008083,-1.507266342022303,-3.1051152722231112,-2.49739305745886,lower_limit,-6.53834685978364e-05,-0.2500653834685978,226
hand_friction_sweep_joint7_joint_2_4_20260811_154532.csv,91,7,joint_2_4,1,0.25,0.25,1.2406730651855469,-1.5622442134601242,1.5081390066483,3.0703832201084245,2.474772207333475,upper_limit,0.00016900293350225357,0.25016900293350225,226
hand_friction_sweep_joint7_joint_2_4_20260811_154532.csv,92,7,joint_2_4,-1,0.25,-0.25,1.2414519786834717,1.6205382104767347,-1.5077899407979012,-3.128328151274636,-2.51989461130196,lower_limit,-6.457366364970382e-05,-0.25006457366364965,226
hand_friction_sweep_joint7_joint_2_4_20260811_154532.csv,93,7,joint_2_4,1,0.25,0.25,1.2312421798706055,-1.5660839378145115,1.4880677202503652,3.0541516580648764,2.4805450203028663,upper_limit,0.00017814611436976223,0.2501781461143698,224
hand_friction_sweep_joint7_joint_2_4_20260811_154532.csv,94,7,joint_2_4,-1,0.25,-0.25,1.2309999465942383,1.595929068023615,-1.5030775518175166,-3.0990066198411315,-2.517470962054091,lower_limit,-5.553305569628089e-05,-0.2500555330556963,224
hand_friction_sweep_joint7_joint_2_4_20260811_154532.csv,95,7,joint_2_4,1,0.25,0.25,1.2394728660583496,-1.5638150097869192,1.500459557939525,3.0642745677264442,2.4722401366244915,upper_limit,0.0001681429213039964,0.250168142921304,226
hand_friction_sweep_joint7_joint_2_4_20260811_154532.csv,96,7,joint_2_4,-1,0.25,-0.25,1.2403576374053955,1.6027358521063926,-1.5088371383490975,-3.11157299045549,-2.5086095305256793,lower_limit,-6.79410547262902e-05,-0.25006794105472624,226
hand_friction_sweep_joint7_joint_2_4_20260811_154532.csv,97,7,joint_2_4,1,0.25,0.25,1.2408010959625244,-1.5514231720977594,1.5076154078727018,3.059038579970461,2.4653738539757484,upper_limit,0.00017711631208895906,0.25017711631208894,226
hand_friction_sweep_joint7_joint_2_4_20260811_154532.csv,98,7,joint_2_4,-1,0.25,-0.25,1.2412118911743164,1.617396617823145,-1.5126768627034852,-3.1300734805266304,-2.521788183615654,lower_limit,-6.373770801298482e-05,-0.250063737708013,226
hand_friction_sweep_joint7_joint_2_4_20260811_154532.csv,99,7,joint_2_4,1,0.25,0.25,1.2396783828735352,-1.554913830601748,1.513025928553884,3.067939759155632,2.4747868491860325,upper_limit,0.0001565549974871283,0.2501565549974871,226
hand_friction_sweep_joint7_joint_2_4_20260811_154532.csv,100,7,joint_2_4,-1,0.25,-0.25,1.2384059429168701,1.6257741982327178,-1.4973179652859352,-3.123092163518653,-2.521864644934359,lower_limit,-7.70378329303495e-05,-0.2500770378329303,226
hand_friction_sweep_joint7_joint_2_4_20260811_154532.csv,101,7,joint_2_4,1,0.3,0.3,1.020500659942627,-1.5575318244797396,1.5191345809358645,3.076666405415604,3.0148597900843845,upper_limit,0.00018368562343651623,0.3001836856234365,186
hand_friction_sweep_joint7_joint_2_4_20260811_154532.csv,102,7,joint_2_4,-1,0.3,-0.3,1.0211000442504883,1.6400858980990711,-1.4882422531755646,-3.1283281512746357,-3.0636842774508968,lower_limit,-0.0001373883204425584,-0.3001373883204425,186
hand_friction_sweep_joint7_joint_2_4_20260811_154532.csv,103,7,joint_2_4,1,0.3,0.3,1.020416498184204,-1.5638150097869192,1.5165165870578727,3.080331596844792,3.0187003074981007,upper_limit,0.00018259363849258803,0.3001825936384926,186
hand_friction_sweep_joint7_joint_2_4_20260811_154532.csv,104,7,joint_2_4,-1,0.3,-0.3,1.0328669548034668,1.658062789394613,-1.5023794201167189,-3.1604422095113316,-3.0598734859444683,lower_limit,-0.00011964969018789846,-0.3001196496901878,188
hand_friction_sweep_joint7_joint_2_4_20260811_154532.csv,105,7,joint_2_4,1,0.3,0.3,1.0183460712432861,-1.5680037999917056,1.514945790731078,3.0829495907227837,3.027408538002065,upper_limit,0.00018797924713449672,0.3001879792471345,186
hand_friction_sweep_joint7_joint_2_4_20260811_154532.csv,106,7,joint_2_4,-1,0.3,-0.3,1.0279841423034668,1.6557938613670202,-1.5100588688254937,-3.1658527301925137,-3.079670784705486,lower_limit,-0.00012215630959932846,-0.3001221563095993,186
hand_friction_sweep_joint7_joint_2_4_20260811_154532.csv,107,7,joint_2_4,1,0.3,0.3,1.0143358707427979,-1.562593279310523,1.4957471689591402,3.0583404482696634,3.015116133110862,upper_limit,0.00018870176945390917,0.3001887017694539,184
hand_friction_sweep_joint7_joint_2_4_20260811_154532.csv,108,7,joint_2_4,-1,0.3,-0.3,1.0212814807891846,1.6311847189139002,-1.491209312903955,-3.122394031817855,-3.057329532113965,lower_limit,-0.00011405564147276156,-0.30011405564147275,186
hand_friction_sweep_joint7_joint_2_4_20260811_154532.csv,109,7,joint_2_4,1,0.3,0.3,1.020397424697876,-1.5552628964521469,1.5264649637942405,3.0817278602463873,3.020125086222008,upper_limit,0.00018208769319356689,0.30018208769319354,186
hand_friction_sweep_joint7_joint_2_4_20260811_154532.csv,110,7,joint_2_4,-1,0.3,-0.3,1.0322630405426025,1.6545721308906245,-1.5077899407979012,-3.1623620716885257,-3.063523489154712,lower_limit,-0.00012326996208899212,-0.300123269962089,188
hand_friction_sweep_joint7_joint_2_4_20260811_154532.csv,111,7,joint_2_4,1,0.3,0.3,1.010444164276123,-1.5655603390389137,1.4924310433803512,3.0579913824192646,3.0263833376780336,upper_limit,0.00020931159780626969,0.3002093115978063,184
hand_friction_sweep_joint7_joint_2_4_20260811_154532.csv,112,7,joint_2_4,-1,0.3,-0.3,1.0195927619934082,1.624727000681521,-1.5042992822939123,-3.1290262829754334,-3.0688980930561596,lower_limit,-0.00010194183253129066,-0.3001019418325312,186
hand_friction_sweep_joint7_joint_2_4_20260811_154532.csv,113,7,joint_2_4,1,0.3,0.3,1.0199565887451172,-1.5599752854325315,1.5088371383490975,3.0688124237816288,3.0087676844730025,upper_limit,0.00018969159874696276,0.3001896915987469,186
hand_friction_sweep_joint7_joint_2_4_20260811_154532.csv,114,7,joint_2_4,-1,0.3,-0.3,1.0342702865600584,1.6596335857214075,-1.5126768627034852,-3.1723104484248927,-3.0671967373014946,lower_limit,-0.00011298724766152026,-0.3001129872476615,188
hand_friction_sweep_joint7_joint_2_4_20260811_154532.csv,115,7,joint_2_4,1,0.3,0.3,1.009267807006836,-1.562593279310523,1.4896385165771602,3.0522317958876832,3.0242040563441948,upper_limit,0.00020963025162509756,0.300209630251625,184
hand_friction_sweep_joint7_joint_2_4_20260811_154532.csv,116,7,joint_2_4,-1,0.3,-0.3,1.01975679397583,1.617047551972746,-1.4931291750811488,-3.110176727053895,-3.0499200843055245,lower_limit,-0.00011274847394316022,-0.30011274847394315,186
hand_friction_sweep_joint7_joint_2_4_20260811_154532.csv,117,7,joint_2_4,1,0.3,0.3,1.0209321975708008,-1.5632914110113207,1.5180873833846678,3.0813787943959885,3.0182012103524607,upper_limit,0.00019474910376829715,0.30019474910376825,186
hand_friction_sweep_joint7_joint_2_4_20260811_154532.csv,118,7,joint_2_4,-1,0.3,-0.3,1.0324625968933105,1.6538739991898266,-1.5030775518175166,-3.156951551007343,-3.0576909618872774,lower_limit,-0.00010805909399634724,-0.3001080590939963,188
hand_friction_sweep_joint7_joint_2_4_20260811_154532.csv,119,7,joint_2_4,1,0.3,0.3,1.0193023681640625,-1.564164075637318,1.5030775518175166,3.067241627454835,3.0091577565737047,upper_limit,0.00019963981843279925,0.3001996398184328,186
hand_friction_sweep_joint7_joint_2_4_20260811_154532.csv,120,7,joint_2_4,-1,0.3,-0.3,1.0212156772613525,1.6327555152406952,-1.4896385165771602,-3.1223940318178554,-3.057526535620118,lower_limit,-0.0001324167784867577,-0.30013241677848673,186
hand_friction_sweep_joint8_joint_3_1_20260811_140551.csv,1,8,joint_3_1,1,0.05,0.05,1.4097561836242676,-0.5796238445873167,-0.5150466622635266,0.06457718232379017,0.045807341066433284,q_not_changing,0.011689580880631024,0.061689580880631034,260
hand_friction_sweep_joint8_joint_3_1_20260811_140551.csv,2,8,joint_3_1,-1,0.05,-0.05,3.2152249813079834,0.7281513639320342,0.3621558197888233,-0.3659955441432109,-0.11383201681716236,q_not_changing,-0.010383758759539405,-0.060383758759539406,593
hand_friction_sweep_joint8_joint_3_1_20260811_140551.csv,3,8,joint_3_1,1,0.05,0.05,2.0110244750976562,-0.6017895260876448,-0.457974395723312,0.1438151303643328,0.07151336651800276,q_not_changing,0.010636166674861969,0.06063616667486197,371
hand_friction_sweep_joint8_joint_3_1_20260811_140551.csv,4,8,joint_3_1,-1,0.05,-0.05,2.0080814361572266,0.7265805676052394,0.6333799855487421,-0.09320058205649728,-0.04641275018947985,q_not_changing,-0.01393860658343019,-0.06393860658343017,372
hand_friction_sweep_joint8_joint_3_1_20260811_140551.csv,5,8,joint_3_1,1,0.05,0.05,2.6062300205230713,-0.5921902152016759,-0.3516838442768574,0.24050637092481852,0.09228132936499166,q_not_changing,0.009066023138350933,0.05906602313835094,482
hand_friction_sweep_joint8_joint_3_1_20260811_140551.csv,6,8,joint_3_1,-1,0.05,-0.05,2.0098857879638676,0.7157595262428744,0.6333799855487421,-0.08237954069413234,-0.04098717508599713,q_not_changing,-0.013936963101635879,-0.06393696310163588,372
hand_friction_sweep_joint8_joint_3_1_20260811_140551.csv,7,8,joint_3_1,1,0.05,0.05,2.6138765811920166,-0.6110397711232147,-0.3209660494417571,0.2900737216814576,0.11097452870141793,q_not_changing,0.008599156523164214,0.05859915652316423,482
hand_friction_sweep_joint8_joint_3_1_20260811_140551.csv,8,8,joint_3_1,-1,0.05,-0.05,3.816269397735596,0.7058111495065068,0.170518667919846,-0.5352924815866609,-0.14026590520687024,q_not_changing,-0.007588071820355378,-0.057588071820355385,703
hand_friction_sweep_joint8_joint_3_1_20260811_140551.csv,9,8,joint_3_1,1,0.05,0.05,2.007974147796631,-0.5883504908472884,-0.4361577800733829,0.1521927107739055,0.07579415847604812,q_not_changing,0.010352247649444769,0.06035224764944476,371
hand_friction_sweep_joint8_joint_3_1_20260811_140551.csv,10,8,joint_3_1,-1,0.05,-0.05,4.422122001647949,0.7089527421600966,-0.0223402144255274,-0.731292956585624,-0.1653715018068475,q_not_changing,-0.005499612644181701,-0.05549961264418169,815
hand_friction_sweep_joint8_joint_3_1_20260811_140551.csv,11,8,joint_3_1,1,0.05,0.05,2.0090270042419434,-0.5738642580557355,-0.4361577800733829,0.13770647798235258,0.06854386610612669,q_not_changing,0.010289517064936186,0.06028951706493619,371
hand_friction_sweep_joint8_joint_3_1_20260811_140551.csv,12,8,joint_3_1,-1,0.05,-0.05,5.019174814224243,0.7161085920932734,-0.1059414855960557,-0.8220500776893291,-0.16378191796780125,q_not_changing,-0.004229556646263727,-0.05422955664626371,925
hand_friction_sweep_joint8_joint_3_1_20260811_140551.csv,13,8,joint_3_1,1,0.05,0.05,1.4080469608306885,-0.6068509809184284,-0.5431464632206353,0.06370451769779306,0.045243176875443186,q_not_changing,0.012198881249210118,0.06219888124921013,261
hand_friction_sweep_joint8_joint_3_1_20260811_140551.csv,14,8,joint_3_1,-1,0.05,-0.05,5.019335508346558,0.7300712261092279,-0.0226892802759262,-0.7527605063851541,-0.14997214374958656,q_not_changing,-0.005304417402528669,-0.05530441740252864,925
hand_friction_sweep_joint8_joint_3_1_20260811_140551.csv,15,8,joint_3_1,1,0.05,0.05,2.0086865425109868,-0.6075491126192261,-0.4576253298729131,0.14992378274631296,0.07463771951142692,q_not_changing,0.010682453390325303,0.060682453390325304,370
hand_friction_sweep_joint8_joint_3_1_20260811_140551.csv,16,8,joint_3_1,-1,0.05,-0.05,2.617046594619751,0.7004006288253244,0.443837228782158,-0.2565634000431664,-0.09803547272357384,q_not_changing,-0.011276030419349756,-0.06127603041934976,482
hand_friction_sweep_joint8_joint_3_1_20260811_140551.csv,17,8,joint_3_1,1,0.05,0.05,2.005767822265625,-0.5953318078552657,-0.4365068459237817,0.15882496193148404,0.07918412099765491,q_not_changing,0.010412177062786658,0.06041217706278666,371
hand_friction_sweep_joint8_joint_3_1_20260811_140551.csv,18,8,joint_3_1,-1,0.05,-0.05,3.213733434677124,0.6927211801165494,0.2532472744643771,-0.43947390565217226,-0.13674871129948746,q_not_changing,-0.008823061156496064,-0.05882306115649608,594
hand_friction_sweep_joint8_joint_3_1_20260811_140551.csv,19,8,joint_3_1,1,0.05,0.05,1.4066276550292969,-0.567232006898157,-0.4300491276914027,0.13718287920675432,0.09752607857258225,q_not_changing,0.010288957248812297,0.0602889572488123,260
hand_friction_sweep_joint8_joint_3_1_20260811_140551.csv,20,8,joint_3_1,-1,0.05,-0.05,2.0111382007598877,0.6951646410693414,0.5527457741066041,-0.1424188669627373,-0.07081505731874907,q_not_changing,-0.012718680510906884,-0.0627186805109069,371
hand_friction_sweep_joint8_joint_3_1_20260811_140551.csv,21,8,joint_3_1,1,0.1,0.1,2.0101585388183594,-0.5719443958785417,0.3047344873982099,0.8766788832767516,0.4361242490814151,q_not_changing,-0.0007677013915720506,0.09923229860842792,371
hand_friction_sweep_joint8_joint_3_1_20260811_140551.csv,22,8,joint_3_1,-1,0.1,-0.1,1.551544189453125,0.7105235384868915,-0.4399975044277704,-1.150521042914662,-0.7415328875165249,lower_limit,-0.0028302927201999694,-0.10283029272019993,287
hand_friction_sweep_joint8_joint_3_1_20260811_140551.csv,23,8,joint_3_1,1,0.1,0.1,2.0097384452819824,-0.4630358505540956,0.3169517921621702,0.7799876427162657,0.3881040563001357,q_not_changing,-0.0020299593748370295,0.0979700406251629,370
hand_friction_sweep_joint8_joint_3_1_20260811_140551.csv,24,8,joint_3_1,-1,0.1,-0.1,1.5557281970977785,0.7031931556285153,-0.4368559117741806,-1.1400490674026957,-0.7328073564067714,lower_limit,-0.002879716891148434,-0.1028797168911484,287
hand_friction_sweep_joint8_joint_3_1_20260811_140551.csv,25,8,joint_3_1,1,0.1,0.1,2.6146910190582275,-0.4605923896013035,0.3181735226385662,0.7787659122398697,0.29784242442549463,q_not_changing,-0.0033880950062257025,0.09661190499377423,481
hand_friction_sweep_joint8_joint_3_1_20260811_140551.csv,26,8,joint_3_1,-1,0.1,-0.1,1.5758705139160156,0.7276277651564359,-0.4406956361285681,-1.168323401285004,-0.7413828680515996,lower_limit,-0.0029208438720710606,-0.10292084387207102,291
hand_friction_sweep_joint8_joint_3_1_20260811_140551.csv,27,8,joint_3_1,1,0.1,0.1,2.6130027770996094,-0.4625122517784973,0.3185225884889651,0.7810348402674624,0.29890318032283086,q_not_changing,-0.0033472218599316155,0.09665277814006833,483
hand_friction_sweep_joint8_joint_3_1_20260811_140551.csv,28,8,joint_3_1,-1,0.1,-0.1,1.558946132659912,0.7176793884200683,-0.4380776422505766,-1.1557570306706448,-0.7413707288902047,lower_limit,-0.0030260608321010123,-0.10302606083210099,288
hand_friction_sweep_joint8_joint_3_1_20260811_140551.csv,29,8,joint_3_1,1,0.1,0.1,2.6126885414123535,-0.4621631859280984,0.3181735226385662,0.7803367085666646,0.2986719221208182,q_not_changing,-0.0033153702417405705,0.09668462975825937,482
hand_friction_sweep_joint8_joint_3_1_20260811_140551.csv,30,8,joint_3_1,-1,0.1,-0.1,1.5336987972259521,0.7028440897781164,-0.4368559117741806,-1.139700001552297,-0.743105493473495,lower_limit,-0.002955798750747393,-0.10295579875074737,283
hand_friction_sweep_joint8_joint_3_1_20260811_140551.csv,31,8,joint_3_1,1,0.1,0.1,2.0076630115509033,-0.4457570909593517,0.3169517921621702,0.7627088831215219,0.3798988568964746,q_not_changing,-0.0022798167249959644,0.09772018327500398,372
hand_friction_sweep_joint8_joint_3_1_20260811_140551.csv,32,8,joint_3_1,-1,0.1,-0.1,1.5396993160247803,0.7042403531797119,-0.443837228782158,-1.1480775819618698,-0.7456505111179723,lower_limit,-0.002850103822973183,-0.10285010382297315,285
hand_friction_sweep_joint8_joint_3_1_20260811_140551.csv,33,8,joint_3_1,1,0.1,0.1,2.008917808532715,-0.4548328030697222,0.3195697860401617,0.7744025891098838,0.3854824651464942,q_not_changing,-0.0022928900843856978,0.09770710991561427,371
hand_friction_sweep_joint8_joint_3_1_20260811_140551.csv,34,8,joint_3_1,-1,0.1,-0.1,1.5274803638458252,0.6984807666481306,-0.4384267081009755,-1.1369074747491061,-0.7443025139037787,lower_limit,-0.0029150601257933325,-0.1029150601257933,282
hand_friction_sweep_joint8_joint_3_1_20260811_140551.csv,35,8,joint_3_1,1,0.1,0.1,2.011745929718017,-0.4499458811641381,0.3157300616857741,0.7656759428499122,0.3806027051125863,q_not_changing,-0.0022317656888741133,0.09776823431112583,371
hand_friction_sweep_joint8_joint_3_1_20260811_140551.csv,36,8,joint_3_1,-1,0.1,-0.1,1.5458691120147705,0.7314674895108234,-0.4365068459237817,-1.167974335434605,-0.7555454251313388,lower_limit,-0.0031769596645084483,-0.10317695966450842,286
hand_friction_sweep_joint8_joint_3_1_20260811_140551.csv,37,8,joint_3_1,1,0.1,0.1,2.0072836875915527,-0.4495968153137392,0.3185225884889651,0.7681194038027043,0.38266609176918853,q_not_changing,-0.002343764555331134,0.09765623544466881,369
hand_friction_sweep_joint8_joint_3_1_20260811_140551.csv,38,8,joint_3_1,-1,0.1,-0.1,1.554792881011963,0.7326892199872195,-0.4368559117741806,-1.1695451317614,-0.7522192480069642,lower_limit,-0.003194283644238033,-0.10319428364423802,287
hand_friction_sweep_joint8_joint_3_1_20260811_140551.csv,39,8,joint_3_1,1,0.1,0.1,2.6118946075439453,-0.4525638750421296,0.3181735226385662,0.7707373976806957,0.2950874799674428,q_not_changing,-0.003398252753198325,0.0966017472468016,482
hand_friction_sweep_joint8_joint_3_1_20260811_140551.csv,40,8,joint_3_1,-1,0.1,-0.1,1.5438337326049805,0.7176793884200683,-0.4441862946325568,-1.161865683052625,-0.7525847236749754,lower_limit,-0.0029394422460729866,-0.10293944224607296,285
hand_friction_sweep_joint8_joint_3_1_20260811_140551.csv,41,8,joint_3_1,1,0.15,0.15,0.9719226360321045,-0.4602433237509046,0.5965535383316618,1.0567968620825665,1.0873261131122154,upper_limit,-0.0019597592264509888,0.14804024077354896,180
hand_friction_sweep_joint8_joint_3_1_20260811_140551.csv,42,8,joint_3_1,-1,0.15,-0.15,0.8158261775970459,0.6187192198319897,-0.4560545335461182,-1.0747737533781079,-1.3174053283553273,lower_limit,-0.002403353012693642,-0.1524033530126936,151
hand_friction_sweep_joint8_joint_3_1_20260811_140551.csv,43,8,joint_3_1,1,0.15,0.15,1.0099248886108398,-0.5012585611727713,0.596204472481263,1.0974630336540343,1.086677876771216,upper_limit,-0.0017030168746509362,0.14829698312534903,187
hand_friction_sweep_joint8_joint_3_1_20260811_140551.csv,44,8,joint_3_1,-1,0.15,-0.15,0.822019100189209,0.6211626807847819,-0.443837228782158,-1.0649999095669398,-1.2955902232950578,lower_limit,-0.0027510955206934045,-0.15275109552069335,152
hand_friction_sweep_joint8_joint_3_1_20260811_140551.csv,45,8,joint_3_1,1,0.15,0.15,1.009861707687378,-0.4883431247080133,0.5953318078552657,1.083674932563279,1.0730924089051126,upper_limit,-0.0019091714121270591,0.14809082858787287,187
hand_friction_sweep_joint8_joint_3_1_20260811_140551.csv,46,8,joint_3_1,-1,0.15,-0.15,0.8196456432342529,0.6225589441863772,-0.449073216538141,-1.0716321607245183,-1.307433486129381,lower_limit,-0.0026404111961013496,-0.15264041119610133,152
hand_friction_sweep_joint8_joint_3_1_20260811_140551.csv,47,8,joint_3_1,1,0.15,0.15,0.9938004016876222,-0.481361807700036,0.5988224663592544,1.0801842740592904,1.0869227585589374,upper_limit,-0.0019211117540211065,0.14807888824597884,184
hand_friction_sweep_joint8_joint_3_1_20260811_140551.csv,48,8,joint_3_1,-1,0.15,-0.15,0.8113260269165039,0.6368706440527307,-0.4452334921837534,-1.082104136236484,-1.3337475938607437,lower_limit,-0.0025640892867188317,-0.15256408928671883,150
hand_friction_sweep_joint8_joint_3_1_20260811_140551.csv,49,8,joint_3_1,1,0.15,0.15,0.9972004890441896,-0.4806636759992383,0.5949827420048669,1.0756464180041052,1.0786661557247186,upper_limit,-0.0018017724478786813,0.14819822755212125,185
hand_friction_sweep_joint8_joint_3_1_20260811_140551.csv,50,8,joint_3_1,-1,0.15,-0.15,0.8217284679412842,0.6122615015996108,-0.442266432455363,-1.0545279340549738,-1.2833046136236868,lower_limit,-0.0026237173561513435,-0.15262371735615132,152
hand_friction_sweep_joint8_joint_3_1_20260811_140551.csv,51,8,joint_3_1,1,0.15,0.15,0.9854183197021483,-0.4797910113732411,0.5995205980600521,1.0793116094332933,1.0952826711802202,upper_limit,-0.0019113623635445389,0.1480886376364554,182
hand_friction_sweep_joint8_joint_3_1_20260811_140551.csv,52,8,joint_3_1,-1,0.15,-0.15,0.8183484077453613,0.6352998477259358,-0.4372049776245795,-1.0725048253505154,-1.310572386039563,lower_limit,-0.002672819005797481,-0.15267281900579743,152
hand_friction_sweep_joint8_joint_3_1_20260811_140551.csv,53,8,joint_3_1,1,0.15,0.15,0.9772906303405762,-0.4729842272904632,0.5981243346584567,1.07110856194892,1.0959979853440827,upper_limit,-0.001795261256887844,0.14820473874311207,181
hand_friction_sweep_joint8_joint_3_1_20260811_140551.csv,54,8,joint_3_1,-1,0.15,-0.15,0.8063020706176758,0.6183701539815909,-0.4452334921837534,-1.0636036461653444,-1.319113127603108,lower_limit,-0.002806501956670488,-0.15280650195667042,150
hand_friction_sweep_joint8_joint_3_1_20260811_140551.csv,55,8,joint_3_1,1,0.15,0.15,1.0000526905059812,-0.481361807700036,0.5942846103040692,1.0756464180041052,1.0755897446362321,upper_limit,-0.001981913283239919,0.14801808671676003,185
hand_friction_sweep_joint8_joint_3_1_20260811_140551.csv,56,8,joint_3_1,-1,0.15,-0.15,0.8249680995941162,0.6295402611943546,-0.4468042885105483,-1.076344549704903,-1.304710509696634,lower_limit,-0.0028230312816829627,-0.15282303128168293,153
hand_friction_sweep_joint8_joint_3_1_20260811_140551.csv,57,8,joint_3_1,1,0.15,0.15,0.9887549877166749,-0.4778711491960474,0.6003932626860493,1.0782644118820968,1.0905274059573902,upper_limit,-0.0018373005217269592,0.14816269947827299,183
hand_friction_sweep_joint8_joint_3_1_20260811_140551.csv,58,8,joint_3_1,-1,0.15,-0.15,0.8236207962036133,0.6333799855487421,-0.4406956361285681,-1.0740756216773102,-1.3040899727497655,lower_limit,-0.0026376328072805154,-0.1526376328072805,153
hand_friction_sweep_joint8_joint_3_1_20260811_140551.csv,59,8,joint_3_1,1,0.15,0.15,0.9785795211791991,-0.4768239516448508,0.5995205980600521,1.076344549704903,1.099905042369879,upper_limit,-0.0018119683591575702,0.14818803164084235,182
hand_friction_sweep_joint8_joint_3_1_20260811_140551.csv,60,8,joint_3_1,-1,0.15,-0.15,0.8312849998474121,0.618021088131192,-0.4406956361285681,-1.0587167242597602,-1.2735905549289288,lower_limit,-0.0024187238570020854,-0.15241872385700203,154
hand_friction_sweep_joint8_joint_3_1_20260811_140551.csv,61,8,joint_3_1,1,0.2,0.2,0.6619529724121094,-0.4839798015780275,0.6042329870404368,1.0882127886184643,1.643942748157916,upper_limit,-0.0008555074908137994,0.19914449250918617,123
hand_friction_sweep_joint8_joint_3_1_20260811_140551.csv,62,8,joint_3_1,-1,0.2,-0.2,0.6009116172790527,0.6497860805174889,-0.4384267081009755,-1.0882127886184643,-1.8109365126704107,lower_limit,-0.0034186096363614184,-0.2034186096363614,112
hand_friction_sweep_joint8_joint_3_1_20260811_140551.csv,63,8,joint_3_1,1,0.2,0.2,0.6727185249328613,-0.5220279792715039,0.6045820528908357,1.1266100321623396,1.674712365435124,upper_limit,-0.0006983427823161345,0.19930165721768384,125
hand_friction_sweep_joint8_joint_3_1_20260811_140551.csv,64,8,joint_3_1,-1,0.2,-0.2,0.5932209491729737,0.657116463375865,-0.4495968153137392,-1.1067132786896043,-1.865600465109172,lower_limit,-0.0032529721169021,-0.20325297211690202,111
hand_friction_sweep_joint8_joint_3_1_20260811_140551.csv,65,8,joint_3_1,1,0.2,0.2,0.6723608970642091,-0.5220279792715039,0.6052801845916335,1.1273081638631375,1.6766414715451274,upper_limit,-0.0006093271429003234,0.19939067285709963,125
hand_friction_sweep_joint8_joint_3_1_20260811_140551.csv,66,8,joint_3_1,-1,0.2,-0.2,0.608936071395874,0.6417575659583149,-0.451516677490933,-1.093274243449248,-1.795384269063118,lower_limit,-0.0032444755222144346,-0.20324447552221442,113
hand_friction_sweep_joint8_joint_3_1_20260811_140551.csv,67,8,joint_3_1,1,0.2,0.2,0.6738040447235107,-0.5447172595474302,0.5965535383316618,1.1412707978790921,1.693772554225913,upper_limit,-0.0004712077812114737,0.1995287922187885,125
hand_friction_sweep_joint8_joint_3_1_20260811_140551.csv,68,8,joint_3_1,-1,0.2,-0.2,0.600736141204834,0.6283185307179586,-0.4506440128649358,-1.0789625435828945,-1.7960673073854547,lower_limit,-0.003275018635411733,-0.20327501863541164,111
hand_friction_sweep_joint8_joint_3_1_20260811_140551.csv,69,8,joint_3_1,1,0.2,0.2,0.6916167736053467,-0.5242969072990965,0.6126105674500096,1.1369074747491061,1.6438402279090083,upper_limit,-0.0007317464347685801,0.19926825356523142,128
hand_friction_sweep_joint8_joint_3_1_20260811_140551.csv,70,8,joint_3_1,-1,0.2,-0.2,0.6138255596160889,0.6724753607934151,-0.443837228782158,-1.116312589575573,-1.8186153575516792,lower_limit,-0.003556375547952146,-0.2035563755479521,114
hand_friction_sweep_joint8_joint_3_1_20260811_140551.csv,71,8,joint_3_1,1,0.2,0.2,0.6737294197082521,-0.5232497097479,0.6023131248632431,1.125562834611143,1.6706452200032327,upper_limit,-0.00048136468257369724,0.19951863531742628,125
hand_friction_sweep_joint8_joint_3_1_20260811_140551.csv,72,8,joint_3_1,-1,0.2,-0.2,0.6028957366943359,0.6529276731710786,-0.4487241506877421,-1.1016518238588207,-1.8272675635411744,lower_limit,-0.0032896219022103155,-0.2032896219022103,112
hand_friction_sweep_joint8_joint_3_1_20260811_140551.csv,73,8,joint_3_1,1,0.2,0.2,0.6722915172576905,-0.5162683927399226,0.5972516700324595,1.1135200627723822,1.6563053886422427,upper_limit,-0.0006480795434819302,0.199351920456518,125
hand_friction_sweep_joint8_joint_3_1_20260811_140551.csv,74,8,joint_3_1,-1,0.2,-0.2,0.5968997478485109,0.6417575659583149,-0.4464552226601495,-1.0882127886184643,-1.823108139249282,lower_limit,-0.0034358003870406787,-0.20343580038704065,111
hand_friction_sweep_joint8_joint_3_1_20260811_140551.csv,75,8,joint_3_1,1,0.2,0.2,0.6795728206634521,-0.5166174585903215,0.601440460237246,1.1180579188275674,1.645236367363886,upper_limit,-0.0008243058619739627,0.19917569413802605,126
hand_friction_sweep_joint8_joint_3_1_20260811_140551.csv,76,8,joint_3_1,-1,0.2,-0.2,0.6040711402893066,0.6544984694978735,-0.4457570909593517,-1.1002555604572253,-1.8214006382266201,lower_limit,-0.0034274980326116874,-0.2034274980326117,112
hand_friction_sweep_joint8_joint_3_1_20260811_140551.csv,77,8,joint_3_1,1,0.2,0.2,0.6675319671630859,-0.5201081170943102,0.5991715322096532,1.1192796493039634,1.676743143943712,upper_limit,-0.0006321979564514817,0.19936780204354854,124
hand_friction_sweep_joint8_joint_3_1_20260811_140551.csv,78,8,joint_3_1,-1,0.2,-0.2,0.5916118621826172,0.6417575659583149,-0.441044701978967,-1.082802267937282,-1.830257872015158,lower_limit,-0.0033205175751942696,-0.20332051757519423,110
hand_friction_sweep_joint8_joint_3_1_20260811_140551.csv,79,8,joint_3_1,1,0.2,0.2,0.6575295925140381,-0.5281366316534841,0.5942846103040692,1.1224212419575532,1.7070277212406828,upper_limit,-0.0005026284500462654,0.1994973715499537,122
hand_friction_sweep_joint8_joint_3_1_20260811_140551.csv,80,8,joint_3_1,-1,0.2,-0.2,0.5982522964477539,0.647866218340295,-0.4464552226601495,-1.0943214410004445,-1.8291972258162705,lower_limit,-0.0031685199051826765,-0.20316851990518262,111
hand_friction_sweep_joint8_joint_3_1_20260811_140551.csv,81,8,joint_3_1,1,0.25,0.25,0.5218617916107179,-0.5213298475707062,0.6068509809184284,1.1281808284891346,2.161838338474681,upper_limit,-0.00016435934163909225,0.24983564065836092,97
hand_friction_sweep_joint8_joint_3_1_20260811_140551.csv,82,8,joint_3_1,-1,0.25,-0.25,0.4955387115478515,0.6798057436517912,-0.451516677490933,-1.1313224211427242,-2.2830152211700185,lower_limit,-0.003951650006003353,-0.25395165000600334,92
hand_friction_sweep_joint8_joint_3_1_20260811_140551.csv,83,8,joint_3_1,1,0.25,0.25,0.5373854637145996,-0.5557128338349945,0.6065019150680294,1.162214748903024,2.1627208537971643,upper_limit,0.0001793511501240016,0.250179351150124,100
hand_friction_sweep_joint8_joint_3_1_20260811_140551.csv,84,8,joint_3_1,-1,0.25,-0.25,0.4872915744781495,0.6724753607934151,-0.4441862946325568,-1.1166616554259718,-2.2915677469322704,lower_limit,-0.0040219649371643325,-0.2540219649371643,91
hand_friction_sweep_joint8_joint_3_1_20260811_140551.csv,85,8,joint_3_1,1,0.25,0.25,0.5314536094665527,-0.5469861875750228,0.5981243346584567,1.1451105222334794,2.1546763477303044,upper_limit,0.00014554272142763196,0.2501455427214276,99
hand_friction_sweep_joint8_joint_3_1_20260811_140551.csv,86,8,joint_3_1,-1,0.25,-0.25,0.49196100234985346,0.6759660192974037,-0.4541346713689245,-1.1301006906663282,-2.2971347022800552,lower_limit,-0.003968690135142944,-0.2539686901351429,92
hand_friction_sweep_joint8_joint_3_1_20260811_140551.csv,87,8,joint_3_1,1,0.25,0.25,0.5369524955749512,-0.5653121447209632,0.6007423285364482,1.1660544732574114,2.1716157069143303,upper_limit,0.0004316451261764868,0.2504316451261765,100
hand_friction_sweep_joint8_joint_3_1_20260811_140551.csv,88,8,joint_3_1,-1,0.25,-0.25,0.4833407402038574,0.6836454680061789,-0.4433136300065596,-1.1269590980127384,-2.331603782328433,lower_limit,-0.004091111081021463,-0.25409111108102145,90
hand_friction_sweep_joint8_joint_3_1_20260811_140551.csv,89,8,joint_3_1,1,0.25,0.25,0.5332610607147218,-0.5447172595474302,0.6119124357492118,1.1566296952966422,2.1689745989448936,upper_limit,-6.216651443365683e-05,0.24993783348556628,99
hand_friction_sweep_joint8_joint_3_1_20260811_140551.csv,90,8,joint_3_1,-1,0.25,-0.25,0.49470376968383784,0.6913249167149539,-0.4441862946325568,-1.1355112113475108,-2.295335675475465,lower_limit,-0.004007100460013978,-0.254007100460014,92
hand_friction_sweep_joint8_joint_3_1_20260811_140551.csv,91,8,joint_3_1,1,0.25,0.25,0.5390732288360596,-0.5550147021341968,0.6099925735720181,1.1650072757062149,2.161129904784256,upper_limit,5.268193749593045e-06,0.2500052681937496,100
hand_friction_sweep_joint8_joint_3_1_20260811_140551.csv,92,8,joint_3_1,-1,0.25,-0.25,0.49542021751403803,0.7051130178057091,-0.4605923896013035,-1.1657054074070126,-2.352962931663122,lower_limit,-0.004045875371112286,-0.2540458753711123,92
hand_friction_sweep_joint8_joint_3_1_20260811_140551.csv,93,8,joint_3_1,1,0.25,0.25,0.528245210647583,-0.5633922825437695,0.6045820528908357,1.167974335434605,2.211045764149512,upper_limit,0.0001901844458690706,0.25019018444586905,98
hand_friction_sweep_joint8_joint_3_1_20260811_140551.csv,94,8,joint_3_1,-1,0.25,-0.25,0.4848139286041259,0.6721262949430162,-0.451516677490933,-1.1236429724339492,-2.3176788168383218,lower_limit,-0.003923686985707606,-0.2539236869857076,90
hand_friction_sweep_joint8_joint_3_1_20260811_140551.csv,95,8,joint_3_1,1,0.25,0.25,0.5170094966888428,-0.546637121724624,0.5956808737056646,1.1423179954302887,2.209471978263838,upper_limit,0.00036926945006259286,0.25036926945006255,96
hand_friction_sweep_joint8_joint_3_1_20260811_140551.csv,96,8,joint_3_1,-1,0.25,-0.25,0.47310066223144526,0.6593853914034576,-0.4457570909593517,-1.1051424823628093,-2.3359563209027243,lower_limit,-0.004006615532826104,-0.25400661553282605,88
hand_friction_sweep_joint8_joint_3_1_20260811_140551.csv,97,8,joint_3_1,1,0.25,0.25,0.526386022567749,-0.5447172595474302,0.6141813637768045,1.1588986233242347,2.2016135946601385,upper_limit,-0.0001577000803223807,0.24984229991967757,98
hand_friction_sweep_joint8_joint_3_1_20260811_140551.csv,98,8,joint_3_1,-1,0.25,-0.25,0.48467111587524414,0.6874851923605664,-0.4476769531365455,-1.135162145497112,-2.3421287308346765,lower_limit,-0.00389108835226308,-0.2538910883522631,90
hand_friction_sweep_joint8_joint_3_1_20260811_140551.csv,99,8,joint_3_1,1,0.25,0.25,0.5328686237335205,-0.5572836301617894,0.6042329870404368,1.1615166172022262,2.179742933753748,upper_limit,0.00023272724299684087,0.25023272724299683,99
hand_friction_sweep_joint8_joint_3_1_20260811_140551.csv,100,8,joint_3_1,-1,0.25,-0.25,0.4829044342041015,0.6763150851478026,-0.4403465702781693,-1.1166616554259718,-2.312386419201962,lower_limit,-0.004085429817397582,-0.25408542981739757,90
hand_friction_sweep_joint8_joint_3_1_20260811_140551.csv,101,8,joint_3_1,1,0.3,0.3,0.429424524307251,-0.5312782243070738,0.6052801845916335,1.1365584088987073,2.6467012118886477,upper_limit,0.0005341438702255245,0.3005341438702255,80
hand_friction_sweep_joint8_joint_3_1_20260811_140551.csv,102,8,joint_3_1,-1,0.3,-0.3,0.41828680038452143,0.7150613945420767,-0.4649557127312893,-1.180017107273366,-2.82107182485463,lower_limit,-0.004325785375264716,-0.3043257853752647,78
hand_friction_sweep_joint8_joint_3_1_20260811_140551.csv,103,8,joint_3_1,1,0.3,0.3,0.4444842338562012,-0.5995205980600521,0.5988224663592544,1.1983430644193065,2.696030529638521,upper_limit,0.0011664598820915301,0.3011664598820915,83
hand_friction_sweep_joint8_joint_3_1_20260811_140551.csv,104,8,joint_3_1,-1,0.3,-0.3,0.41296648979187006,0.6984807666481306,-0.4663519761328848,-1.1648327427810155,-2.8206471265212745,lower_limit,-0.004449184854164524,-0.30444918485416456,77
hand_friction_sweep_joint8_joint_3_1_20260811_140551.csv,105,8,joint_3_1,1,0.3,0.3,0.45041322708129883,-0.5871287603708925,0.6106907052728159,1.1978194656437084,2.659378973849505,upper_limit,0.0007809213957612833,0.30078092139576124,84
hand_friction_sweep_joint8_joint_3_1_20260811_140551.csv,106,8,joint_3_1,-1,0.3,-0.3,0.4119060039520264,0.7257079029792421,-0.4403465702781693,-1.1660544732574114,-2.830875156151447,lower_limit,-0.004894412030354396,-0.30489441203035433,77
hand_friction_sweep_joint8_joint_3_1_20260811_140551.csv,107,8,joint_3_1,1,0.3,0.3,0.4348392486572266,-0.5791002458117185,0.6007423285364482,1.1798425743481666,2.7132844562478957,upper_limit,0.000803560995365926,0.30080356099536587,81
hand_friction_sweep_joint8_joint_3_1_20260811_140551.csv,108,8,joint_3_1,-1,0.3,-0.3,0.407360553741455,0.7154104603924756,-0.4403465702781693,-1.1557570306706448,-2.837184455037305,lower_limit,-0.004535298521734745,-0.3045352985217347,76
hand_friction_sweep_joint8_joint_3_1_20260811_140551.csv,109,8,joint_3_1,1,0.3,0.3,0.4402332305908203,-0.5729915934297384,0.611563369898813,1.1845549633285515,2.690744089760796,upper_limit,0.0008660730992798164,0.30086607309927976,82
hand_friction_sweep_joint8_joint_3_1_20260811_140551.csv,110,8,joint_3_1,-1,0.3,-0.3,0.41744041442871094,0.7124434006640853,-0.4663519761328848,-1.17879537679697,-2.8238650021709404,lower_limit,-0.004223630645020805,-0.3042236306450207,78
hand_friction_sweep_joint8_joint_3_1_20260811_140551.csv,111,8,joint_3_1,1,0.3,0.3,0.4447002410888672,-0.6021385919380436,0.6134832320760067,1.2156218240140504,2.733575815109858,upper_limit,0.0010455725105001513,0.3010455725105001,83
hand_friction_sweep_joint8_joint_3_1_20260811_140551.csv,112,8,joint_3_1,-1,0.3,-0.3,0.41745543479919434,0.7147123286916779,-0.4541346713689245,-1.1688470000606024,-2.799932406252765,lower_limit,-0.004366275226809561,-0.3043662752268096,78
hand_friction_sweep_joint8_joint_3_1_20260811_140551.csv,113,8,joint_3_1,1,0.3,0.3,0.4451045989990235,-0.5972516700324595,0.5942846103040692,1.1915362803365288,2.676980383972943,upper_limit,0.0011241380338987016,0.30112413803389865,83
hand_friction_sweep_joint8_joint_3_1_20260811_140551.csv,114,8,joint_3_1,-1,0.3,-0.3,0.40795207023620605,0.6981317007977318,-0.4433136300065596,-1.1414453308042913,-2.797988818008423,lower_limit,-0.0044058883156618284,-0.3044058883156618,76
hand_friction_sweep_joint8_joint_3_1_20260811_140551.csv,115,8,joint_3_1,1,0.3,0.3,0.43944740295410156,-0.5761331860833281,0.6129596333004085,1.1890928193837365,2.705882004058475,upper_limit,0.000951069831598871,0.30095106983159886,82
hand_friction_sweep_joint8_joint_3_1_20260811_140551.csv,116,8,joint_3_1,-1,0.3,-0.3,0.4126513004302979,0.7070328799829029,-0.4625122517784973,-1.1695451317614003,-2.8342213644833802,lower_limit,-0.0044916240487123315,-0.30449162404871233,77
hand_friction_sweep_joint8_joint_3_1_20260811_140551.csv,117,8,joint_3_1,1,0.3,0.3,0.45137619972229004,-0.6113888369736136,0.6145304296272034,1.225919266600817,2.715959032299589,upper_limit,0.0010034924207025443,0.30100349242070246,84
hand_friction_sweep_joint8_joint_3_1_20260811_140551.csv,118,8,joint_3_1,-1,0.3,-0.3,0.419297456741333,0.7161085920932734,-0.4806636759992383,-1.1967722680925117,-2.8542321181566512,lower_limit,-0.0044574908746858495,-0.30445749087468577,78
hand_friction_sweep_joint8_joint_3_1_20260811_140551.csv,119,8,joint_3_1,1,0.3,0.3,0.44539165496826166,-0.5972516700324595,0.6161012259539983,1.213352895986458,2.72423805531992,upper_limit,0.0010622084223163364,0.30106220842231624,83
hand_friction_sweep_joint8_joint_3_1_20260811_140551.csv,120,8,joint_3_1,-1,0.3,-0.3,0.4189777374267578,0.7105235384868915,-0.4621631859280984,-1.17268672441499,-2.7989237127903226,lower_limit,-0.0044431607606138755,-0.3044431607606138,78
hand_friction_sweep_joint9_joint_3_2_20260811_160517.csv,1,9,joint_3_2,1,0.05,0.05,5.634695053100586,-0.0094247779607693,1.0133381637079075,1.0227629416686768,0.18151167579262062,q_not_changing,-0.0022052832184541594,0.04779471678154578,1035
hand_friction_sweep_joint9_joint_3_2_20260811_160517.csv,2,9,joint_3_2,-1,0.05,-0.05,5.554169654846191,2.2167426829579977,0.0863937979737193,-2.1303488849842784,-0.38355848261233444,lower_limit,-0.0054911649794395,-0.05549116497943947,1025
hand_friction_sweep_joint9_joint_3_2_20260811_160517.csv,3,9,joint_3_2,1,0.05,0.05,5.631515741348267,0.0790634151153431,1.1184069846779665,1.0393435695626234,0.18455840617321784,q_not_changing,-0.00381463470137525,0.04618536529862469,1036
hand_friction_sweep_joint9_joint_3_2_20260811_160517.csv,4,9,joint_3_2,-1,0.05,-0.05,5.560848236083984,2.20679430622163,0.085870199198121,-2.120924107023509,-0.3814029833184387,lower_limit,-0.005345493854044704,-0.05534549385404467,1022
hand_friction_sweep_joint9_joint_3_2_20260811_160517.csv,5,9,joint_3_2,1,0.05,0.05,6.8371663093566895,0.0832522053201295,1.2548917321839228,1.1716395268637934,0.1713633212724985,q_not_changing,-0.005294401408638261,0.04470559859136166,1259
hand_friction_sweep_joint9_joint_3_2_20260811_160517.csv,6,9,joint_3_2,-1,0.05,-0.05,5.598677635192871,2.210284964725618,0.0867428638241181,-2.1235421009015,-0.3792935116594448,lower_limit,-0.005370719936233184,-0.05537071993623316,1030
hand_friction_sweep_joint9_joint_3_2_20260811_160517.csv,7,9,joint_3_2,1,0.05,0.05,6.842695236206055,0.0797615468161408,1.2522737383059312,1.1725121914897905,0.17135239127497545,q_not_changing,-0.005358450129938323,0.04464154987006161,1258
hand_friction_sweep_joint9_joint_3_2_20260811_160517.csv,8,9,joint_3_2,-1,0.05,-0.05,5.678124189376831,2.2202333414619866,0.0863937979737193,-2.1338395434882673,-0.375800083323372,lower_limit,-0.005328987640893653,-0.05532898764089362,1043
hand_friction_sweep_joint9_joint_3_2_20260811_160517.csv,9,9,joint_3_2,1,0.05,0.05,6.239292860031129,0.0839503370209272,1.2519246724555324,1.1679743354346053,0.18719658808078102,q_not_changing,-0.004831787655838834,0.045168212344161095,1146
hand_friction_sweep_joint9_joint_3_2_20260811_160517.csv,10,9,joint_3_2,-1,0.05,-0.05,5.66065788269043,2.211855761052413,0.085870199198121,-2.125985561854292,-0.375572169509711,lower_limit,-0.005282024709719892,-0.05528202470971986,1041
hand_friction_sweep_joint9_joint_3_2_20260811_160517.csv,11,9,joint_3_2,1,0.05,0.05,6.841200828552246,0.0839503370209272,1.25262280415633,1.168672467135403,0.1708285572114568,q_not_changing,-0.0054356001527968165,0.04456439984720311,1256
hand_friction_sweep_joint9_joint_3_2_20260811_160517.csv,12,9,joint_3_2,-1,0.05,-0.05,5.685029745101929,2.224771197517172,0.0851720674973232,-2.1395991300198487,-0.3763567168427343,lower_limit,-0.005297369098663,-0.05529736909866297,1045
hand_friction_sweep_joint9_joint_3_2_20260811_160517.csv,13,9,joint_3_2,1,0.05,0.05,6.233319282531738,0.0729547627333629,1.2519246724555324,1.1789699097221695,0.18913998405730897,q_not_changing,-0.004783962796963124,0.0452160372030368,1147
hand_friction_sweep_joint9_joint_3_2_20260811_160517.csv,14,9,joint_3_2,-1,0.05,-0.05,5.678622007369995,2.224771197517172,0.0867428638241181,-2.138028333693054,-0.3765047807228964,lower_limit,-0.00531083060977942,-0.055310830609779385,1046
hand_friction_sweep_joint9_joint_3_2_20260811_160517.csv,15,9,joint_3_2,1,0.05,0.05,6.837384223937988,0.0825540736193317,1.2522737383059312,1.1697196646865995,0.1710770707592179,q_not_changing,-0.005442392090129643,0.04455760790987028,1256
hand_friction_sweep_joint9_joint_3_2_20260811_160517.csv,16,9,joint_3_2,-1,0.05,-0.05,5.680054664611816,2.212553892753211,0.0855211333477221,-2.127032759405489,-0.3744739945299195,lower_limit,-0.005236646917534659,-0.05523664691753463,1043
hand_friction_sweep_joint9_joint_3_2_20260811_160517.csv,17,9,joint_3_2,1,0.05,0.05,6.8191163539886475,0.0820304748437334,1.2507029419791365,1.168672467135403,0.17138180468966793,q_not_changing,-0.005413804623998264,0.04458619537600166,1252
hand_friction_sweep_joint9_joint_3_2_20260811_160517.csv,18,9,joint_3_2,-1,0.05,-0.05,5.6605188846588135,2.2137756232296075,0.085870199198121,-2.1279054240314865,-0.3759205591202167,lower_limit,-0.005240610427772529,-0.0552406104277725,1039
hand_friction_sweep_joint9_joint_3_2_20260811_160517.csv,19,9,joint_3_2,1,0.05,0.05,6.242424249649048,0.0851720674973232,1.2491321456523414,1.1639600781550183,0.186459623954661,q_not_changing,-0.004882036829885982,0.04511796317011394,1148
hand_friction_sweep_joint9_joint_3_2_20260811_160517.csv,20,9,joint_3_2,-1,0.05,-0.05,5.729303598403931,2.223723999965975,0.085870199198121,-2.137853800767854,-0.3731437449681349,lower_limit,-0.005217469590278182,-0.05521746959027816,1053
hand_friction_sweep_joint9_joint_3_2_20260811_160517.csv,21,9,joint_3_2,1,0.1,0.1,3.04482364654541,0.0809832772925368,2.09596589871999,2.0149826214274533,0.6617731781325359,upper_limit,-0.0087987210638417,0.09120127893615823,560
hand_friction_sweep_joint9_joint_3_2_20260811_160517.csv,22,9,joint_3_2,-1,0.1,-0.1,2.2263381481170654,2.112022927838338,0.0829031394697306,-2.0291197883686074,-0.9114158107943952,lower_limit,-0.006880148968503194,-0.10688014896850319,410
hand_friction_sweep_joint9_joint_3_2_20260811_160517.csv,23,9,joint_3_2,1,0.1,0.1,3.033656358718872,0.0537561409614253,2.097536695046785,2.0437805540853597,0.6737020652360435,upper_limit,-0.00862669597198271,0.09137330402801723,558
hand_friction_sweep_joint9_joint_3_2_20260811_160517.csv,24,9,joint_3_2,-1,0.1,-0.1,2.2248456478118896,2.114815454641529,0.0781907504893459,-2.036624704152183,-0.9154004486356976,lower_limit,-0.0068996068947059595,-0.10689960689470596,410
hand_friction_sweep_joint9_joint_3_2_20260811_160517.csv,25,9,joint_3_2,1,0.1,0.1,3.017146110534668,0.0445058959258553,2.097536695046785,2.0530307991209296,0.6804545500639053,upper_limit,-0.00858006232342695,0.09141993767657298,555
hand_friction_sweep_joint9_joint_3_2_20260811_160517.csv,26,9,joint_3_2,-1,0.1,-0.1,2.218721389770508,2.107834137633552,0.0794124809657419,-2.02842165666781,-0.914230000224417,lower_limit,-0.0068625332831193896,-0.10686253328311937,408
hand_friction_sweep_joint9_joint_3_2_20260811_160517.csv,27,9,joint_3_2,1,0.1,0.1,3.0117311477661133,0.0453785605518525,2.09910749137358,2.0537289308217277,0.6819097821347821,upper_limit,-0.008590507420277615,0.09140949257972232,554
hand_friction_sweep_joint9_joint_3_2_20260811_160517.csv,28,9,joint_3_2,-1,0.1,-0.1,2.2162427902221675,2.110975730287141,0.0867428638241181,-2.0242328664630227,-0.9133624147109366,lower_limit,-0.006906434467200337,-0.10690643446720031,408
hand_friction_sweep_joint9_joint_3_2_20260811_160517.csv,29,9,joint_3_2,1,0.1,0.1,2.993234634399414,0.0560250689890179,2.097885760897184,2.041860691908166,0.6821585813695694,upper_limit,-0.008622145325420121,0.0913778546745798,551
hand_friction_sweep_joint9_joint_3_2_20260811_160517.csv,30,9,joint_3_2,-1,0.1,-0.1,2.2172787189483643,2.1142918558659307,0.0820304748437334,-2.0322613810221974,-0.9165565716456617,lower_limit,-0.006866919665702169,-0.10686691966570215,408
hand_friction_sweep_joint9_joint_3_2_20260811_160517.csv,31,9,joint_3_2,1,0.1,0.1,2.9891483783721924,0.0490437519810406,2.097885760897184,2.0488420089161434,0.6854266665851784,upper_limit,-0.008561957550209965,0.09143804244978997,550
hand_friction_sweep_joint9_joint_3_2_20260811_160517.csv,32,9,joint_3_2,-1,0.1,-0.1,2.2073116302490234,2.115164520491928,0.0848230016469244,-2.0303415188450034,-0.9198254976874042,lower_limit,-0.006933934397491176,-0.10693393439749116,402
hand_friction_sweep_joint9_joint_3_2_20260811_160517.csv,33,9,joint_3_2,1,0.1,0.1,2.972745656967163,0.0518362787842315,2.09596589871999,2.0441296199357586,0.6876234484255234,upper_limit,-0.008551221891899866,0.09144877810810007,546
hand_friction_sweep_joint9_joint_3_2_20260811_160517.csv,34,9,joint_3_2,-1,0.1,-0.1,2.2129931449890132,2.106263341306757,0.0797615468161408,-2.026501794490616,-0.9157289072852853,lower_limit,-0.006889192659831902,-0.10688919265983189,408
hand_friction_sweep_joint9_joint_3_2_20260811_160517.csv,35,9,joint_3_2,1,0.1,0.1,2.9822306632995605,0.0518362787842315,2.097187629196386,2.0453513504121545,0.6858461270561693,upper_limit,-0.008511522984133232,0.09148847701586671,548
hand_friction_sweep_joint9_joint_3_2_20260811_160517.csv,36,9,joint_3_2,-1,0.1,-0.1,2.2068936824798584,2.112022927838338,0.0851720674973232,-2.0268508603410145,-0.9184179901514186,lower_limit,-0.006849555212080244,-0.10684955521208024,404
hand_friction_sweep_joint9_joint_3_2_20260811_160517.csv,37,9,joint_3_2,1,0.1,0.1,2.9672751426696777,0.0514872129338327,2.095616832869591,2.0441296199357586,0.6888911616388365,upper_limit,-0.00855656026931585,0.09144343973068408,546
hand_friction_sweep_joint9_joint_3_2_20260811_160517.csv,38,9,joint_3_2,-1,0.1,-0.1,2.206291913986206,2.106263341306757,0.0813323431429357,-2.0249309981638213,-0.9177983136897275,lower_limit,-0.006904516469980118,-0.1069045164699801,406
hand_friction_sweep_joint9_joint_3_2_20260811_160517.csv,39,9,joint_3_2,1,0.1,0.1,2.968961477279663,0.0486946861306417,2.0952677670191924,2.0465730808885505,0.6893228816036175,upper_limit,-0.008537505167597255,0.09146249483240267,546
hand_friction_sweep_joint9_joint_3_2_20260811_160517.csv,40,9,joint_3_2,-1,0.1,-0.1,2.2056527137756348,2.106786940082355,0.080634211442138,-2.0261527286402172,-0.9186182013086958,lower_limit,-0.006897803839130916,-0.1068978038391309,406
hand_friction_sweep_joint9_joint_3_2_20260811_160517.csv,41,9,joint_3_2,1,0.15,0.15,1.6940293312072754,0.0483456202802429,2.107485071783153,2.05913945150291,1.2155276260980872,upper_limit,-0.00767161414081357,0.14232838585918636,312
hand_friction_sweep_joint9_joint_3_2_20260811_160517.csv,42,9,joint_3_2,-1,0.15,-0.15,1.433967113494873,2.1420425909726406,0.0863937979737193,-2.0556487929989213,-1.4335397050974774,lower_limit,-0.007610647262670522,-0.15761064726267054,264
hand_friction_sweep_joint9_joint_3_2_20260811_160517.csv,43,9,joint_3_2,1,0.15,0.15,1.6922216415405271,0.0326376570122939,2.0952677670191924,2.0626301100068987,1.218888861466851,upper_limit,-0.007472231254625128,0.14252776874537482,312
hand_friction_sweep_joint9_joint_3_2_20260811_160517.csv,44,9,joint_3_2,-1,0.15,-0.15,1.4316968917846682,2.1308724837598767,0.0726056968829641,-2.0582667868769127,-1.4376414440009013,lower_limit,-0.007448881140331208,-0.15744888114033118,264
hand_friction_sweep_joint9_joint_3_2_20260811_160517.csv,45,9,joint_3_2,1,0.15,0.15,1.7032873630523682,0.0179768912955415,2.1029472157279674,2.084970324432426,1.2240860641953362,upper_limit,-0.007396922789159504,0.14260307721084042,314
hand_friction_sweep_joint9_joint_3_2_20260811_160517.csv,46,9,joint_3_2,-1,0.15,-0.15,1.430159330368042,2.1327923459370703,0.0794124809657419,-2.0533798649713284,-1.4357700022436695,lower_limit,-0.0075001819950699065,-0.15750018199506988,264
hand_friction_sweep_joint9_joint_3_2_20260811_160517.csv,47,9,joint_3_2,1,0.15,0.15,1.6954896450042725,0.0176278254451427,2.1010273535507737,2.0833995281056312,1.2287892964987004,upper_limit,-0.007443286954751959,0.14255671304524797,312
hand_friction_sweep_joint9_joint_3_2_20260811_160517.csv,48,9,joint_3_2,-1,0.15,-0.15,1.4333992004394531,2.1423916568230394,0.0844739357965255,-2.057917721026514,-1.435690574123102,lower_limit,-0.007556638274427415,-0.1575566382744274,264
hand_friction_sweep_joint9_joint_3_2_20260811_160517.csv,49,9,joint_3_2,1,0.15,0.15,1.7037477493286133,0.0150098315671512,2.1032962815783662,2.088286450011215,1.2257016631917106,upper_limit,-0.007385394717208092,0.14261460528279182,314
hand_friction_sweep_joint9_joint_3_2_20260811_160517.csv,50,9,joint_3_2,-1,0.15,-0.15,1.434685707092285,2.1350612739646637,0.0745255590601578,-2.060535714904506,-1.4362279520304468,lower_limit,-0.007437950490460811,-0.1574379504904608,264
hand_friction_sweep_joint9_joint_3_2_20260811_160517.csv,51,9,joint_3_2,1,0.15,0.15,1.6966502666473389,0.0157079632679489,2.103645347428765,2.087937384160816,1.2306233200827412,upper_limit,-0.007470876052033142,0.1425291239479668,312
hand_friction_sweep_joint9_joint_3_2_20260811_160517.csv,52,9,joint_3_2,-1,0.15,-0.15,1.4302070140838625,2.1469295128782244,0.0839503370209272,-2.062979175857297,-1.44243396623164,lower_limit,-0.0075830747472138355,-0.1575830747472138,264
hand_friction_sweep_joint9_joint_3_2_20260811_160517.csv,53,9,joint_3_2,1,0.15,0.15,1.6936836242675781,0.0256563400043166,2.1029472157279674,2.077290875723651,1.2264928620432054,upper_limit,-0.007432558002934356,0.14256744199706559,312
hand_friction_sweep_joint9_joint_3_2_20260811_160517.csv,54,9,joint_3_2,-1,0.15,-0.15,1.4200720787048342,2.135410339815062,0.0844739357965255,-2.0509364040185365,-1.444248101750636,lower_limit,-0.0075346261372389286,-0.1575346261372389,262
hand_friction_sweep_joint9_joint_3_2_20260811_160517.csv,55,9,joint_3_2,1,0.15,0.15,1.6829345226287842,0.0268780704807126,2.094744168243594,2.0678660977628813,1.2287264120845443,upper_limit,-0.007498857626678356,0.1425011423733216,310
hand_friction_sweep_joint9_joint_3_2_20260811_160517.csv,56,9,joint_3_2,-1,0.15,-0.15,1.4302473068237305,2.1340140764134667,0.0752236907609556,-2.058790385652511,-1.4394646127491326,lower_limit,-0.007486548551061236,-0.15748654855106123,263
hand_friction_sweep_joint9_joint_3_2_20260811_160517.csv,57,9,joint_3_2,1,0.15,0.15,1.6907992362976074,0.0165806278939461,2.097187629196386,2.08060700130244,1.2305464520189908,upper_limit,-0.007365710446548004,0.14263428955345192,312
hand_friction_sweep_joint9_joint_3_2_20260811_160517.csv,58,9,joint_3_2,-1,0.15,-0.15,1.4287166595458984,2.1340140764134667,0.0736528944341607,-2.060361181979306,-1.4421062204413357,lower_limit,-0.0074656499496065605,-0.15746564994960655,264
hand_friction_sweep_joint9_joint_3_2_20260811_160517.csv,59,9,joint_3_2,1,0.15,0.15,1.6929590702056885,0.0150098315671512,2.1001546889247766,2.0851448573576254,1.231656980994991,upper_limit,-0.007387279141752244,0.1426127208582477,312
hand_friction_sweep_joint9_joint_3_2_20260811_160517.csv,60,9,joint_3_2,-1,0.15,-0.15,1.433496952056885,2.1423916568230394,0.0736528944341607,-2.068738762388879,-1.443141374957584,lower_limit,-0.007484657840829901,-0.15748465784082985,264
hand_friction_sweep_joint9_joint_3_2_20260811_160517.csv,61,9,joint_3_2,1,0.2,0.2,1.2011618614196777,0.0188495559215387,2.112022927838338,2.093173371916799,1.7426239036950728,upper_limit,-0.00696984372460849,0.1930301562753915,222
hand_friction_sweep_joint9_joint_3_2_20260811_160517.csv,62,9,joint_3_2,-1,0.2,-0.2,1.0726733207702634,2.173807583358937,0.0813323431429357,-2.0924752402160016,-1.950710621490465,lower_limit,-0.00796680454038554,-0.20796680454038552,198
hand_friction_sweep_joint9_joint_3_2_20260811_160517.csv,63,9,joint_3_2,1,0.2,0.2,1.2010831832885742,-0.0043633231299858,2.1013764194011726,2.1057397425311586,1.7532005874610852,upper_limit,-0.006776634582537214,0.19322336541746274,222
hand_friction_sweep_joint9_joint_3_2_20260811_160517.csv,64,9,joint_3_2,-1,0.2,-0.2,1.0735304355621338,2.161241212744578,0.0668461103513828,-2.0943951023931953,-1.9509415224883728,lower_limit,-0.00781300584866533,-0.2078130058486653,198
hand_friction_sweep_joint9_joint_3_2_20260811_160517.csv,65,9,joint_3_2,1,0.2,0.2,1.204101324081421,-0.0078539816339744,2.095616832869591,2.1034708145035657,1.7469217684884215,upper_limit,-0.006672515457882754,0.19332748454211718,222
hand_friction_sweep_joint9_joint_3_2_20260811_160517.csv,66,9,joint_3_2,-1,0.2,-0.2,1.0723626613616943,2.1642082724729685,0.070162235930172,-2.0940460365427964,-1.9527405345163367,lower_limit,-0.007808002466337862,-0.20780800246633782,198
hand_friction_sweep_joint9_joint_3_2_20260811_160517.csv,67,9,joint_3_2,1,0.2,0.2,1.2008965015411377,-0.0139626340159546,2.097885760897184,2.111848394913139,1.7585598694000324,upper_limit,-0.006714345847753429,0.1932856541522465,222
hand_friction_sweep_joint9_joint_3_2_20260811_160517.csv,68,9,joint_3_2,-1,0.2,-0.2,1.0701560974121094,2.1654300029493645,0.0748746249105567,-2.090555378038808,-1.9535050850004645,lower_limit,-0.0078804400492204,-0.2078804400492204,198
hand_friction_sweep_joint9_joint_3_2_20260811_160517.csv,69,9,joint_3_2,1,0.2,0.2,1.2141125202178955,-0.0136135681655557,2.110103065661144,2.1237166338267,1.7491925982655698,upper_limit,-0.006849046895601619,0.19315095310439837,224
hand_friction_sweep_joint9_joint_3_2_20260811_160517.csv,70,9,joint_3_2,-1,0.2,-0.2,1.075286149978638,2.1846286247213023,0.0767944870877505,-2.1078341376335517,-1.9602541497213803,lower_limit,-0.008007544730939231,-0.20800754473093924,198
hand_friction_sweep_joint9_joint_3_2_20260811_160517.csv,71,9,joint_3_2,1,0.2,0.2,1.204012393951416,-0.0066322511575784,2.107485071783153,2.1141173229407313,1.7558933226612945,upper_limit,-0.006775905117259459,0.19322409488274048,222
hand_friction_sweep_joint9_joint_3_2_20260811_160517.csv,72,9,joint_3_2,-1,0.2,-0.2,1.0747535228729248,2.16996785900455,0.0624827872213969,-2.107485071783153,-1.9609008269632204,lower_limit,-0.007827590338782072,-0.2078275903387821,199
hand_friction_sweep_joint9_joint_3_2_20260811_160517.csv,73,9,joint_3_2,1,0.2,0.2,1.2028546333312988,-0.0097738438111682,2.099805623074378,2.109579466885546,1.753810816726106,upper_limit,-0.006685955877048727,0.19331404412295122,222
hand_friction_sweep_joint9_joint_3_2_20260811_160517.csv,74,9,joint_3_2,-1,0.2,-0.2,1.0731010437011719,2.167349865126558,0.0678933079025794,-2.099456557223979,-1.9564388363493364,lower_limit,-0.00782977379826015,-0.2078297737982602,198
hand_friction_sweep_joint9_joint_3_2_20260811_160517.csv,75,9,joint_3_2,1,0.2,0.2,1.2043814659118652,-0.0123918376891597,2.097536695046785,2.1099285327359447,1.7518772851078945,upper_limit,-0.006654806699883894,0.19334519330011604,223
hand_friction_sweep_joint9_joint_3_2_20260811_160517.csv,76,9,joint_3_2,-1,0.2,-0.2,1.073274850845337,2.168920661453353,0.0678933079025794,-2.1010273535507737,-1.957585563377316,lower_limit,-0.007875936809436252,-0.20787593680943625,199
hand_friction_sweep_joint9_joint_3_2_20260811_160517.csv,77,9,joint_3_2,1,0.2,0.2,1.2130160331726074,-0.0109955742875642,2.113244658314734,2.124240232602298,1.7512054041416178,upper_limit,-0.006727306734802487,0.19327269326519744,224
hand_friction_sweep_joint9_joint_3_2_20260811_160517.csv,78,9,joint_3_2,-1,0.2,-0.2,1.0702893733978271,2.175727445536131,0.0801106126665397,-2.095616832869591,-1.9579908807434727,lower_limit,-0.007999581960047566,-0.20799958196004753,198
hand_friction_sweep_joint9_joint_3_2_20260811_160517.csv,79,9,joint_3_2,1,0.2,0.2,1.2036833763122559,-0.0001745329251994,2.106786940082355,2.1069614730075545,1.7504283223240038,upper_limit,-0.006782879288077354,0.19321712071192262,222
hand_friction_sweep_joint9_joint_3_2_20260811_160517.csv,80,9,joint_3_2,-1,0.2,-0.2,1.0727758407592773,2.173807583358937,0.0698131700797731,-2.103994413279164,-1.9612619275523786,lower_limit,-0.007869772264199078,-0.20786977226419906,198
hand_friction_sweep_joint9_joint_3_2_20260811_160517.csv,81,9,joint_3_2,1,0.25,0.25,0.9523296356201172,-0.0127409035395586,2.103645347428765,2.116386250968324,2.2223253081798946,upper_limit,-0.006416159421197518,0.2435838405788024,176
hand_friction_sweep_joint9_joint_3_2_20260811_160517.csv,82,9,joint_3_2,-1,0.25,-0.25,0.8776631355285646,2.1968459294852622,0.0801106126665397,-2.1167353168187226,-2.4117856055831015,lower_limit,-0.008312143579437294,-0.2583121435794373,162
hand_friction_sweep_joint9_joint_3_2_20260811_160517.csv,83,9,joint_3_2,1,0.25,0.25,0.9550776481628419,-0.0104719755119659,2.113593724165133,2.124065699677099,2.2239717406881905,upper_limit,-0.006400376103602065,0.2435996238963979,176
hand_friction_sweep_joint9_joint_3_2_20260811_160517.csv,84,9,joint_3_2,-1,0.25,-0.25,0.8787343502044678,2.1987657916624563,0.0710349005561692,-2.127730891106287,-2.421358503410271,lower_limit,-0.008289709389773239,-0.25828970938977325,162
hand_friction_sweep_joint9_joint_3_2_20260811_160517.csv,85,9,joint_3_2,1,0.25,0.25,0.9552314281463624,-0.0132645023151569,2.103645347428765,2.116909849743922,2.2161224886118016,upper_limit,-0.006400662694233113,0.24359933730576683,176
hand_friction_sweep_joint9_joint_3_2_20260811_160517.csv,86,9,joint_3_2,-1,0.25,-0.25,0.8775243759155273,2.206445240371232,0.0781907504893459,-2.128254489881886,-2.42529387022607,lower_limit,-0.008259853797663143,-0.2582598537976632,162
hand_friction_sweep_joint9_joint_3_2_20260811_160517.csv,87,9,joint_3_2,1,0.25,0.25,0.9530231952667236,-0.0055850536063818,2.1081832034839505,2.1137682570903324,2.217960976803665,upper_limit,-0.006389250287526426,0.24361074971247348,176
hand_friction_sweep_joint9_joint_3_2_20260811_160517.csv,88,9,joint_3_2,-1,0.25,-0.25,0.8780801296234131,2.1999875221388523,0.0764454212373516,-2.1235421009015005,-2.418392159508535,lower_limit,-0.008287511824153104,-0.25828751182415305,162
hand_friction_sweep_joint9_joint_3_2_20260811_160517.csv,89,9,joint_3_2,1,0.25,0.25,0.9550371170043944,-0.0113446401379631,2.106263341306757,2.1176079814447197,2.217304378794082,upper_limit,-0.006439537750176133,0.24356046224982383,176
hand_friction_sweep_joint9_joint_3_2_20260811_160517.csv,90,9,joint_3_2,-1,0.25,-0.25,0.8775491714477539,2.2041763123436384,0.0844739357965255,-2.119702376547113,-2.415479890488749,lower_limit,-0.008304898923463564,-0.25830489892346353,162
hand_friction_sweep_joint9_joint_3_2_20260811_160517.csv,91,9,joint_3_2,1,0.25,0.25,0.9474291801452638,-0.0082030474843733,2.097885760897184,2.1060888083815574,2.2229511741011008,upper_limit,-0.00631084450190138,0.24368915549809855,175
hand_friction_sweep_joint9_joint_3_2_20260811_160517.csv,92,9,joint_3_2,-1,0.25,-0.25,0.8765454292297363,2.1860248881228976,0.0706858347057703,-2.1153390534171272,-2.413268021117833,lower_limit,-0.008192860854506219,-0.2581928608545062,162
hand_friction_sweep_joint9_joint_3_2_20260811_160517.csv,93,9,joint_3_2,1,0.25,0.25,0.9519069194793702,-0.0066322511575784,2.11132479613754,2.1179570472951186,2.224962340281653,upper_limit,-0.006448407422647481,0.24355159257735248,176
hand_friction_sweep_joint9_joint_3_2_20260811_160517.csv,94,9,joint_3_2,-1,0.25,-0.25,0.8771781921386719,2.2029545818672425,0.0787143492649442,-2.124240232602298,-2.4216746969314533,lower_limit,-0.008282624705362448,-0.2582826247053624,162
hand_friction_sweep_joint9_joint_3_2_20260811_160517.csv,95,9,joint_3_2,1,0.25,0.25,0.9539692401885986,-0.0078539816339744,2.114815454641529,2.1226694362755034,2.225092117074817,upper_limit,-0.006380018297568312,0.24361998170243163,176
hand_friction_sweep_joint9_joint_3_2_20260811_160517.csv,96,9,joint_3_2,-1,0.25,-0.25,0.8752610683441162,2.201383785540448,0.0816814089933346,-2.1197023765471137,-2.4217944259274824,lower_limit,-0.008395708469944814,-0.25839570846994486,162
hand_friction_sweep_joint9_joint_3_2_20260811_160517.csv,97,9,joint_3_2,1,0.25,0.25,0.9538068771362305,-0.0071558499331767,2.112022927838338,2.1191787777715145,2.2218111743273123,upper_limit,-0.006369374288258505,0.24363062571174146,176
hand_friction_sweep_joint9_joint_3_2_20260811_160517.csv,98,9,joint_3_2,-1,0.25,-0.25,0.8773207664489746,2.202605516016844,0.070162235930172,-2.132443280086672,-2.430631260123826,lower_limit,-0.008237497766988218,-0.25823749776698823,162
hand_friction_sweep_joint9_joint_3_2_20260811_160517.csv,99,9,joint_3_2,1,0.25,0.25,0.9547603130340576,-0.0090757121103705,2.113244658314734,2.1223203704251046,2.222882896840098,upper_limit,-0.006445095681064031,0.24355490431893595,176
hand_friction_sweep_joint9_joint_3_2_20260811_160517.csv,100,9,joint_3_2,-1,0.25,-0.25,0.8768043518066406,2.20365271356804,0.077841684638947,-2.125811028929093,-2.424498720323291,lower_limit,-0.008229419515009304,-0.2582294195150093,162
hand_friction_sweep_joint9_joint_3_2_20260811_160517.csv,101,9,joint_3_2,1,0.3,0.3,0.7796502113342285,-0.0071558499331767,2.115862652192725,2.123018502125902,2.72303973148772,upper_limit,-0.006045979868653444,0.2939540201313465,144
hand_friction_sweep_joint9_joint_3_2_20260811_160517.csv,102,9,joint_3_2,-1,0.3,-0.3,0.7349331378936768,2.21901161098559,0.0797615468161408,-2.1392500641694494,-2.910809097954889,lower_limit,-0.008580295285932044,-0.30858029528593206,136
hand_friction_sweep_joint9_joint_3_2_20260811_160517.csv,103,9,joint_3_2,1,0.3,0.3,0.7784175872802734,-0.0055850536063818,2.105565209605959,2.111150263212341,2.712105041958938,upper_limit,-0.006078826978171086,0.29392117302182885,144
hand_friction_sweep_joint9_joint_3_2_20260811_160517.csv,104,9,joint_3_2,-1,0.3,-0.3,0.7359299659729004,2.22215320363918,0.0797615468161408,-2.142391656823039,-2.9111352382434847,lower_limit,-0.008606767102245944,-0.30860676710224594,136
hand_friction_sweep_joint9_joint_3_2_20260811_160517.csv,105,9,joint_3_2,1,0.3,0.3,0.770514965057373,-0.0062831853071795,2.09596589871999,2.1022490840271697,2.72836892125857,upper_limit,-0.006042336121715568,0.2939576638782843,142
hand_friction_sweep_joint9_joint_3_2_20260811_160517.csv,106,9,joint_3_2,-1,0.3,-0.3,0.7340707778930664,2.2137756232296075,0.0733038285837618,-2.140471794645846,-2.9158929344516866,lower_limit,-0.008545145324537547,-0.30854514532453753,136
hand_friction_sweep_joint9_joint_3_2_20260811_160517.csv,107,9,joint_3_2,1,0.3,0.3,0.778468132019043,-0.0055850536063818,2.105914275456358,2.11149932906274,2.7123773500995263,upper_limit,-0.006039088570035598,0.2939609114299644,144
hand_friction_sweep_joint9_joint_3_2_20260811_160517.csv,108,9,joint_3_2,-1,0.3,-0.3,0.742159366607666,2.2141246890800064,0.057246799465414,-2.1568778896145924,-2.9062193198119415,lower_limit,-0.00838964811003918,-0.30838964811003916,137
hand_friction_sweep_joint9_joint_3_2_20260811_160517.csv,109,9,joint_3_2,1,0.3,0.3,0.7774257659912109,-0.0043633231299858,2.098583892597982,2.102947215727968,2.705013530194396,upper_limit,-0.00611675173746276,0.2938832482625372,144
hand_friction_sweep_joint9_joint_3_2_20260811_160517.csv,110,9,joint_3_2,-1,0.3,-0.3,0.7355926036834717,2.222851335339978,0.0752236907609556,-2.147627644579022,-2.9195884159585086,lower_limit,-0.008582095835446814,-0.30858209583544677,136
hand_friction_sweep_joint9_joint_3_2_20260811_160517.csv,111,9,joint_3_2,1,0.3,0.3,0.7789950370788574,-0.0055850536063818,2.1013764194011726,2.1069614730075545,2.704717453539139,upper_limit,-0.00607476950788566,0.2939252304921143,144
hand_friction_sweep_joint9_joint_3_2_20260811_160517.csv,112,9,joint_3_2,-1,0.3,-0.3,0.7340986728668213,2.2183134792847925,0.0790634151153431,-2.1392500641694494,-2.9141178743930896,lower_limit,-0.00850873114825697,-0.30850873114825694,136
hand_friction_sweep_joint9_joint_3_2_20260811_160517.csv,113,9,joint_3_2,1,0.3,0.3,0.783148765563965,-0.0047123889803846,2.122494903350304,2.1272072923306884,2.7162237698208376,upper_limit,-0.006178851896736824,0.2938211481032631,145
hand_friction_sweep_joint9_joint_3_2_20260811_160517.csv,114,9,joint_3_2,-1,0.3,-0.3,0.7344081401824951,2.2244221316667727,0.0809832772925368,-2.143438854374236,-2.918593540972472,lower_limit,-0.008640560408093507,-0.3086405604080935,136
hand_friction_sweep_joint9_joint_3_2_20260811_160517.csv,115,9,joint_3_2,1,0.3,0.3,0.7847576141357422,-0.0066322511575784,2.1251128972282958,2.1317451483858743,2.7164376744959355,upper_limit,-0.0061660863100892775,0.29383391368991063,145
hand_friction_sweep_joint9_joint_3_2_20260811_160517.csv,116,9,joint_3_2,-1,0.3,-0.3,0.7389624118804932,2.223723999965975,0.0644026493985907,-2.1593213505673843,-2.9220990348783737,lower_limit,-0.008503133799130482,-0.30850313379913047,137
hand_friction_sweep_joint9_joint_3_2_20260811_160517.csv,117,9,joint_3_2,1,0.3,0.3,0.7776892185211182,-0.0113446401379631,2.1081832034839505,2.1195278436219134,2.7254175487381502,upper_limit,-0.006123337766620777,0.29387666223337916,144
hand_friction_sweep_joint9_joint_3_2_20260811_160517.csv,118,9,joint_3_2,-1,0.3,-0.3,0.7356557846069336,2.223723999965975,0.0659734457253856,-2.1577505542405895,-2.9330980594320915,lower_limit,-0.008491967634570278,-0.30849196763457026,136
hand_friction_sweep_joint9_joint_3_2_20260811_160517.csv,119,9,joint_3_2,1,0.3,0.3,0.7738335132598878,-0.0055850536063818,2.1005037547751755,2.1060888083815574,2.7216303924462353,upper_limit,-0.006059685578989855,0.2939403144210101,143
hand_friction_sweep_joint9_joint_3_2_20260811_160517.csv,120,9,joint_3_2,-1,0.3,-0.3,0.7344570159912109,2.222502269489579,0.0764454212373516,-2.1460568482522273,-2.921963847477098,lower_limit,-0.008621994466264585,-0.3086219944662646,136
